사고번호,사고일시,요일,시군구,사고내용,사망자수,중상자수,경상자수,부상신고자수,사고유형,법규위반,노면상태,기상상태,도로형태,가해운전자 차종,가해운전자 성별,가해운전자 연령,가해운전자 상해정도,피해운전자 차종,피해운전자 성별,피해운전자 연령,피해운전자 상해정도
2014011500100370,2014년 1월 15일 18시,수요일,충청남도 부여군 홍산면,중상사고,0,1,0,0,차대차 - 측면직각충돌,안전운전불이행,건조,맑음,단일로 - 기타,자전거,여,75세,중상,승용,여,62세,상해없음
2014011500100371,2014년 1월 15일 18시,수요일,충청남도 당진시 읍내리,사망사고,1,0,0,0,차대사람 - 기타,안전운전불이행,건조,맑음,교차로 - 교차로부근,승용,남,50세,상해없음,보행자,남,43세,사망
2014011500100372,2014년 1월 15일 18시,수요일,충청남도 당진시 송악읍,경상사고,0,0,1,0,차대차 - 기타,안전운전불이행,건조,흐림,기타 - 기타,승용,남,54세,경상,화물,남,66세,상해없음
2014011500100373,2014년 1월 15일 18시,수요일,충청남도 금산군 추부면,경상사고,0,0,1,0,차대사람 - 횡단중,안전운전불이행,건조,맑음,단일로 - 기타,승용,남,54세,상해없음,보행자,남,61세,경상
2014011500100409,2014년 1월 15일 19시,수요일,충청남도 홍성군 홍성읍,경상사고,0,0,1,0,차대사람 - 기타,안전운전불이행,건조,맑음,단일로 - 기타,승용,여,39세,상해없음,보행자,여,36세,경상
2014011500100410,2014년 1월 15일 19시,수요일,충청남도 천안시 동남구 원성동,경상사고,0,0,1,0,차대사람 - 기타,안전운전불이행,건조,맑음,단일로 - 기타,승합,남,30세,상해없음,보행자,여,68세,경상
2014011500100445,2014년 1월 15일 20시,수요일,충청남도 당진시 송악읍,중상사고,0,1,1,0,차대차 - 기타,신호위반,건조,맑음,교차로 - 교차로안,승용,남,43세,상해없음,승용,남,32세,경상
2014011500100507,2014년 1월 15일 22시,수요일,충청남도 천안시 서북구 불당동,경상사고,0,0,5,0,차대차 - 추돌 - 주정차중,안전운전불이행,건조,맑음,교차로 - 교차로부근,승용,여,49세,상해없음,승용,남,36세,경상
2014011600100058,2014년 1월 16일 05시,목요일,충청남도 태안군 태안읍,중상사고,0,1,1,0,차대차 - 측면직각충돌,중앙선침범,건조,맑음,단일로 - 기타,승용,여,56세,중상,승용,남,30세,경상
2014011600100091,2014년 1월 16일 07시,목요일,충청남도 천안시 서북구 직산읍,중상사고,0,1,0,0,차대차 - 측면직각충돌,중앙선침범,건조,맑음,교차로 - 교차로부근,승용,여,24세,상해없음,승용,여,30세,중상
2014011600100114,2014년 1월 16일 08시,목요일,충청남도 청양군 비봉면,중상사고,0,1,1,0,차대차 - 측면직각충돌,직진우회전진행방해,건조,맑음,교차로 - 교차로안,승용,남,30세,상해없음,승용,남,58세,중상
2014011600100157,2014년 1월 16일 10시,목요일,충청남도 논산시 연무읍,경상사고,0,0,1,0,차대차 - 측면직각충돌,교차로운행방법위반,건조,맑음,교차로 - 교차로안,승용,남,68세,상해없음,승용,여,43세,경상
2014011600100175,2014년 1월 16일 11시,목요일,충청남도 천안시 서북구 쌍용동,중상사고,0,2,0,0,차대차 - 추돌 - 진행중,안전운전불이행,건조,맑음,단일로 - 기타,승용,남,41세,상해없음,원동기,남,73세,중상
2014011600100200,2014년 1월 16일 12시,목요일,충청남도 논산시 강경읍,경상사고,0,0,1,0,차대사람 - 횡단중,안전운전불이행,건조,맑음,단일로 - 기타,승용,여,34세,상해없음,보행자,여,10세,경상
2014011600100201,2014년 1월 16일 12시,목요일,충청남도 홍성군 홍성읍,경상사고,0,0,4,0,차대차 - 기타,안전운전불이행,건조,맑음,단일로 - 기타,승합,남,53세,상해없음,승용,남,59세,경상
2014011600100245,2014년 1월 16일 14시,목요일,충청남도 천안시 동남구 신방동,중상사고,0,1,0,0,차대차 - 기타,교차로운행방법위반,건조,맑음,교차로 - 교차로안,승용,남,42세,중상,승합,남,47세,상해없음
2014011600100294,2014년 1월 16일 16시,목요일,충청남도 논산시 연무읍,중상사고,0,1,0,0,차대사람 - 길가장자리구역통행중,안전운전불이행,건조,맑음,단일로 - 기타,승용,남,34세,상해없음,보행자,여,56세,중상
2014011600100295,2014년 1월 16일 16시,목요일,충청남도 천안시 동남구 신방동,경상사고,0,0,1,0,차대차 - 기타,안전운전불이행,건조,맑음,교차로 - 교차로부근,승용,남,30세,상해없음,승용,여,27세,경상
2014011600100345,2014년 1월 16일 18시,목요일,충청남도 논산시 연무읍,중상사고,0,1,0,0,차대차 - 추돌 - 진행중,안전운전불이행,건조,맑음,단일로 - 기타,승용,여,55세,상해없음,자전거,남,65세,중상
2014011600100346,2014년 1월 16일 18시,목요일,충청남도 천안시 동남구 목천읍,중상사고,0,1,0,0,차대사람 - 기타,안전운전불이행,건조,맑음,단일로 - 기타,승용,남,52세,상해없음,보행자,여,57세,중상
2014011600100347,2014년 1월 16일 18시,목요일,충청남도 천안시 동남구 청당동,경상사고,0,0,1,0,차대차 - 기타,안전운전불이행,건조,맑음,단일로 - 기타,화물,남,47세,상해없음,승용,남,49세,경상
2014011600100348,2014년 1월 16일 18시,목요일,충청남도 공주시 유구읍,중상사고,0,2,7,0,차대차 - 추돌 - 주정차중,안전운전불이행,건조,맑음,단일로 - 기타,승합,여,50세,중상,승용,남,48세,경상
2014011600100396,2014년 1월 16일 19시,목요일,충청남도 서산시 대산읍,사망사고,1,1,0,0,차대차 - 추돌 - 진행중,안전운전불이행,건조,맑음,단일로 - 기타,화물,남,49세,사망,특수,남,36세,중상
2014011600100397,2014년 1월 16일 19시,목요일,충청남도 홍성군 광천읍,경상사고,0,0,2,0,차대차 - 기타,중앙선침범,건조,맑음,단일로 - 기타,승용,여,64세,상해없음,승용,여,42세,경상
2014011600100398,2014년 1월 16일 19시,목요일,충청남도 공주시 신관동,중상사고,0,1,0,0,차대사람 - 횡단중,안전운전불이행,건조,맑음,교차로 - 교차로부근,승용,남,21세,기타불명,보행자,여,32세,중상
2014011600100425,2014년 1월 16일 20시,목요일,충청남도 당진시 합덕읍,중상사고,0,2,0,0,차대차 - 정면충돌,중앙선침범,건조,맑음,단일로 - 기타,화물,남,55세,상해없음,승용,남,45세,중상
2014011600100451,2014년 1월 16일 21시,목요일,충청남도 홍성군 홍성읍,중상사고,0,1,0,0,차대사람 - 횡단중,안전운전불이행,건조,맑음,교차로 - 교차로부근,승용,여,44세,상해없음,보행자,남,35세,중상
2014011700100032,2014년 1월 17일 01시,금요일,충청남도 서산시 석림동,중상사고,0,1,0,0,차대차 - 추돌 - 진행중,안전운전불이행,건조,맑음,교차로 - 교차로부근,승용,남,30세,상해없음,승용,여,55세,중상
2014011700100033,2014년 1월 17일 01시,금요일,충청남도 예산군 예산읍,중상사고,0,1,0,0,차대사람 - 횡단중,보행자보호의무위반,건조,맑음,단일로 - 횡단보도상,승합,남,25세,상해없음,보행자,남,47세,중상
2014011700100059,2014년 1월 17일 04시,금요일,충청남도 서산시 동문동,경상사고,0,0,1,0,차대차 - 측면직각충돌,교차로운행방법위반,건조,맑음,교차로 - 교차로안,승용,남,52세,상해없음,승용,여,37세,경상
2014011700100094,2014년 1월 17일 07시,금요일,충청남도 천안시 동남구 대흥동,경상사고,0,0,1,0,차대사람 - 횡단중,보행자보호의무위반,건조,맑음,단일로 - 횡단보도상,승용,남,39세,상해없음,보행자,여,62세,경상
2014011700100117,2014년 1월 17일 08시,금요일,충청남도 예산군 삽교읍,경상사고,0,0,1,0,차대차 - 추돌 - 진행중,안전운전불이행,건조,맑음,단일로 - 기타,승용,남,49세,상해없음,자전거,남,35세,경상
2014011700100118,2014년 1월 17일 08시,금요일,충청남도 당진시 송악읍,경상사고,0,0,1,0,차대차 - 측면직각충돌,안전운전불이행,건조,맑음,교차로 - 교차로안,화물,남,53세,상해없음,화물,남,24세,경상
2014011700100161,2014년 1월 17일 10시,금요일,충청남도 태안군 남면,경상사고,0,0,2,0,차대차 - 측면직각충돌,신호위반,건조,맑음,교차로 - 교차로안,화물,남,61세,상해없음,승용,남,59세,경상
2014011700100162,2014년 1월 17일 10시,금요일,충청남도 천안시 서북구 성정동,경상사고,0,0,1,0,차대차 - 추돌 - 주정차중,안전운전불이행,건조,맑음,교차로 - 교차로부근,승용,남,50세,상해없음,승용,남,41세,경상
2014011700100163,2014년 1월 17일 10시,금요일,충청남도 공주시 우성면,경상사고,0,0,1,1,차대차 - 측면직각충돌,안전운전불이행,기타,흐림,교차로 - 교차로부근,화물,남,34세,부상신고,건설기계,남,46세,경상
2014011700100189,2014년 1월 17일 11시,금요일,충청남도 홍성군 홍북면,경상사고,0,0,1,0,차대차 - 기타,안전운전불이행,건조,맑음,단일로 - 기타,화물,남,80세,상해없음,화물,남,51세,경상
2014011700100210,2014년 1월 17일 12시,금요일,충청남도 천안시 서북구 두정동,경상사고,0,0,1,0,차대차 - 기타,안전운전불이행,건조,맑음,기타 - 기타,이륜,남,43세,경상,승용,여,58세,상해없음
2014011700100234,2014년 1월 17일 13시,금요일,충청남도 천안시 서북구 성환읍,중상사고,0,1,0,0,차대차 - 기타,교차로운행방법위반,건조,맑음,교차로 - 교차로안,화물,남,58세,상해없음,원동기,남,70세,중상
2014011700100285,2014년 1월 17일 15시,금요일,충청남도 당진시 읍내리,경상사고,0,0,1,0,차대차 - 추돌 - 주정차중,안전운전불이행,건조,맑음,기타 - 기타,승용,남,43세,상해없음,승용,남,35세,경상
2014011700100335,2014년 1월 17일 17시,금요일,충청남도 천안시 서북구 쌍용동,경상사고,0,0,1,0,차대차 - 측면직각충돌,교차로운행방법위반,건조,맑음,교차로 - 교차로안,승용,남,22세,상해없음,승용,남,72세,경상
2014011700100372,2014년 1월 17일 18시,금요일,충청남도 논산시 채운면,중상사고,0,1,0,0,차대사람 - 횡단중,안전운전불이행,건조,맑음,단일로 - 기타,화물,남,31세,상해없음,보행자,여,60세,중상
2014011700100373,2014년 1월 17일 18시,금요일,충청남도 보령시 동대동,경상사고,0,0,1,0,차대차 - 정면충돌,중앙선침범,건조,맑음,단일로 - 기타,승용,남,50세,상해없음,이륜,남,21세,경상
2014011700100495,2014년 1월 17일 21시,금요일,충청남도 아산시 음봉면,경상사고,0,0,1,0,차대차 - 측면직각충돌,교차로운행방법위반,건조,맑음,교차로 - 교차로안,승용,여,41세,상해없음,승용,남,49세,경상
2014011700100525,2014년 1월 17일 22시,금요일,충청남도 당진시 읍내리,중상사고,0,1,0,0,차대차 - 측면직각충돌,안전운전불이행,건조,맑음,교차로 - 교차로안,승용,남,24세,상해없음,승용,여,30세,중상
2014011800100024,2014년 1월 18일 00시,토요일,충청남도 논산시 내동,중상사고,0,1,0,0,차대사람 - 횡단중,안전운전불이행,건조,맑음,단일로 - 기타,승용,남,41세,상해없음,보행자,남,34세,중상
2014011800100069,2014년 1월 18일 02시,토요일,충청남도 천안시 서북구 불당동,경상사고,0,0,3,0,차대차 - 기타,안전운전불이행,건조,맑음,교차로 - 교차로부근,승용,남,43세,상해없음,승용,남,22세,경상
2014011800100152,2014년 1월 18일 09시,토요일,충청남도 홍성군 홍북면,중상사고,0,1,0,0,차대사람 - 기타,안전운전불이행,건조,맑음,기타 - 기타,건설기계,남,44세,상해없음,보행자,남,48세,중상
2014011800100174,2014년 1월 18일 10시,토요일,충청남도 공주시 옥룡동,경상사고,0,0,4,0,차대차 - 추돌 - 주정차중,안전운전불이행,건조,맑음,교차로 - 교차로부근,화물,남,56세,상해없음,승합,남,30세,경상
2014011800100226,2014년 1월 18일 12시,토요일,충청남도 논산시 강경읍,중상사고,0,1,0,0,차대사람 - 차도통행중,안전운전불이행,건조,맑음,단일로 - 기타,승용,여,53세,상해없음,보행자,여,69세,중상
2014011800100252,2014년 1월 18일 13시,토요일,충청남도 아산시 좌부동,경상사고,0,0,1,0,차대차 - 추돌 - 주정차중,안전운전불이행,건조,맑음,교차로 - 교차로부근,승용,여,45세,상해없음,승용,여,43세,경상
2014011800100295,2014년 1월 18일 15시,토요일,충청남도 예산군 광시면,중상사고,0,1,2,0,차대차 - 추돌 - 주정차중,안전운전불이행,건조,맑음,단일로 - 기타,승용,남,49세,경상,승용,여,54세,상해없음
2014011800100296,2014년 1월 18일 15시,토요일,충청남도 천안시 동남구 성황동,경상사고,0,0,1,0,차대사람 - 횡단중,보행자보호의무위반,건조,맑음,단일로 - 기타,승용,여,32세,상해없음,보행자,여,60세,경상
2014011800100347,2014년 1월 18일 17시,토요일,충청남도 서산시 석남동,부상신고사고,0,0,0,1,차대차 - 측면직각충돌,안전운전불이행,건조,맑음,교차로 - 교차로부근,이륜,남,43세,부상신고,승용,여,52세,상해없음
2014011800100348,2014년 1월 18일 17시,토요일,충청남도 천안시 서북구 쌍용동,경상사고,0,0,2,0,차대차 - 추돌 - 진행중,안전운전불이행,건조,맑음,단일로 - 기타,승용,남,51세,상해없음,승용,남,25세,경상
2014011800100417,2014년 1월 18일 19시,토요일,충청남도 천안시 동남구 원성동,중상사고,0,2,0,0,차대차 - 기타,안전거리미확보,건조,맑음,단일로 - 기타,승용,남,50세,상해없음,승용,남,29세,중상
2014011900100035,2014년 1월 19일 01시,일요일,충청남도 천안시 서북구 성환읍,경상사고,0,0,1,0,차대사람 - 기타,안전운전불이행,건조,맑음,기타 - 기타,화물,남,31세,상해없음,보행자,남,45세,경상
2014011900100050,2014년 1월 19일 02시,일요일,충청남도 천안시 서북구 입장면,경상사고,0,0,1,0,차대차 - 추돌 - 진행중,안전운전불이행,건조,맑음,단일로 - 기타,승용,남,32세,상해없음,화물,남,47세,경상
2014011900100063,2014년 1월 19일 03시,일요일,충청남도 당진시 읍내리,중상사고,0,1,1,0,차대차 - 측면직각충돌,교차로운행방법위반,건조,맑음,교차로 - 교차로안,승용,남,32세,경상,승용,남,19세,중상
2014011900100111,2014년 1월 19일 08시,일요일,충청남도 공주시 신관동,경상사고,0,0,1,0,차대차 - 측면직각충돌,신호위반,건조,맑음,교차로 - 교차로안,승용,남,33세,기타불명,승합,남,27세,기타불명
2014011900100126,2014년 1월 19일 09시,일요일,충청남도 아산시 음봉면,경상사고,0,0,1,0,차대차 - 기타,안전운전불이행,습기,맑음,기타 - 기타,건설기계,남,34세,상해없음,승용,여,24세,경상
2014011900100150,2014년 1월 19일 10시,일요일,충청남도 천안시 서북구 성정동,경상사고,0,0,1,0,차대차 - 기타,안전운전불이행,건조,맑음,교차로 - 교차로안,승용,남,54세,상해없음,승용,여,34세,상해없음
2014011900100151,2014년 1월 19일 10시,일요일,충청남도 서천군 서천읍,중상사고,0,1,0,0,차대차 - 측면직각충돌,신호위반,건조,맑음,교차로 - 교차로안,승합,남,56세,상해없음,승합,남,68세,상해없음
2014011900100173,2014년 1월 19일 11시,일요일,충청남도 예산군 예산읍,경상사고,0,0,2,0,차대차 - 측면직각충돌,안전운전불이행,건조,맑음,교차로 - 교차로부근,승용,여,32세,기타불명,승용,남,38세,경상
2014011900100193,2014년 1월 19일 12시,일요일,충청남도 천안시 서북구 성정동,경상사고,0,0,1,0,차대사람 - 차도통행중,안전운전불이행,건조,맑음,단일로 - 기타,승용,여,32세,상해없음,보행자,남,49세,경상
2014011900100218,2014년 1월 19일 13시,일요일,충청남도 아산시 온천동,경상사고,0,0,1,0,차대사람 - 기타,안전운전불이행,건조,맑음,단일로 - 기타,승용,여,42세,상해없음,보행자,여,48세,경상
2014011900100238,2014년 1월 19일 14시,일요일,충청남도 당진시 송산면,중상사고,0,1,1,0,차대차 - 측면직각충돌,교차로운행방법위반,건조,맑음,교차로 - 교차로안,승용,남,63세,상해없음,승용,남,31세,경상
2014011900100302,2014년 1월 19일 17시,일요일,충청남도 천안시 서북구 백석동,경상사고,0,0,1,0,차대차 - 측면직각충돌,교차로운행방법위반,건조,맑음,교차로 - 교차로안,승용,여,51세,상해없음,원동기,남,16세,경상
2014011900100334,2014년 1월 19일 18시,일요일,충청남도 아산시 실옥동,경상사고,0,0,2,0,차대차 - 추돌 - 주정차중,안전운전불이행,건조,맑음,기타 - 기타,승용,남,51세,상해없음,승용,남,43세,경상
2014011900100357,2014년 1월 19일 19시,일요일,충청남도 천안시 서북구 두정동,경상사고,0,0,1,0,차대차 - 기타,안전거리미확보,건조,맑음,교차로 - 교차로안,승용,여,45세,상해없음,승용,남,51세,경상
2014011900100358,2014년 1월 19일 19시,일요일,충청남도 논산시 강산동,중상사고,0,1,0,0,차대차 - 측면직각충돌,중앙선침범,건조,맑음,단일로 - 기타,승용,남,21세,상해없음,이륜,남,44세,중상
2014011900100359,2014년 1월 19일 19시,일요일,충청남도 논산시 취암동,경상사고,0,0,2,0,차대차 - 측면직각충돌,신호위반,건조,맑음,교차로 - 교차로안,승용,남,54세,상해없음,승용,남,30세,경상
2014011900100361,2014년 1월 19일 19시,일요일,충청남도 천안시 동남구 안서동,경상사고,0,0,1,0,차대차 - 측면직각충돌,중앙선침범,건조,맑음,단일로 - 기타,승용,남,52세,상해없음,원동기,남,42세,경상
2014011900100385,2014년 1월 19일 20시,일요일,충청남도 천안시 동남구 영성동,경상사고,0,0,1,0,차대차 - 기타,안전운전불이행,건조,맑음,단일로 - 기타,자전거,남,70세,경상,승용,남,45세,상해없음
2014012000100062,2014년 1월 20일 05시,월요일,충청남도 공주시 검상동,중상사고,0,1,1,0,차대차 - 기타,안전운전불이행,결빙,눈,단일로 - 기타,화물,남,52세,상해없음,승용,남,63세,중상
2014012000100148,2014년 1월 20일 08시,월요일,충청남도 아산시 염치읍,중상사고,0,2,1,0,차대차 - 정면충돌,안전운전불이행,결빙,맑음,기타 - 기타,승용,남,52세,상해없음,승용,남,32세,중상
2014012000100227,2014년 1월 20일 10시,월요일,충청남도 당진시 송악읍,부상신고사고,0,0,0,1,차대사람 - 보도통행중,안전운전불이행,건조,맑음,기타 - 기타,기타불명,기타불명,기타불명,기타불명,보행자,여,31세,부상신고
2014012000100228,2014년 1월 20일 10시,월요일,충청남도 당진시 송악읍,중상사고,0,1,0,0,차대사람 - 기타,안전운전불이행,습기,흐림,단일로 - 기타,화물,남,34세,상해없음,보행자,남,82세,중상
2014012000100267,2014년 1월 20일 11시,월요일,충청남도 보령시 명천동,중상사고,0,5,1,0,차대차 - 정면충돌,중앙선침범,건조,흐림,단일로 - 기타,승용,여,55세,경상,승용,남,53세,중상
2014012000100301,2014년 1월 20일 12시,월요일,충청남도 서산시 읍내동,중상사고,0,1,0,0,차대차 - 기타,안전운전불이행,건조,맑음,교차로 - 교차로부근,자전거,남,74세,중상,승용,여,51세,상해없음
2014012000100302,2014년 1월 20일 12시,월요일,충청남도 천안시 동남구 봉명동,경상사고,0,0,1,0,차대차 - 기타,안전운전불이행,건조,맑음,단일로 - 기타,화물,남,56세,상해없음,승용,남,28세,경상
2014012000100329,2014년 1월 20일 13시,월요일,충청남도 논산시 연무읍,중상사고,0,1,0,0,차대사람 - 차도통행중,안전운전불이행,건조,맑음,교차로 - 교차로안,화물,남,41세,상해없음,보행자,여,73세,중상
2014012000100364,2014년 1월 20일 14시,월요일,충청남도 서천군 서천읍,사망사고,1,0,0,0,차대차 - 기타,직진우회전진행방해,건조,흐림,교차로 - 교차로안,승용,여,42세,상해없음,원동기,남,69세,사망
2014012000100449,2014년 1월 20일 17시,월요일,충청남도 천안시 서북구 쌍용동,경상사고,0,0,1,0,차대차 - 기타,안전운전불이행,결빙,눈,단일로 - 기타,승용,남,58세,상해없음,승용,남,58세,경상
2014012000100450,2014년 1월 20일 17시,월요일,충청남도 논산시 부적면,경상사고,0,0,1,0,차대차 - 추돌 - 주정차중,안전운전불이행,건조,흐림,단일로 - 기타,화물,남,39세,상해없음,화물,남,51세,경상
2014012000100492,2014년 1월 20일 18시,월요일,충청남도 서산시 대산읍,경상사고,0,0,1,0,차대차 - 기타,신호위반,건조,맑음,교차로 - 교차로안,승용,남,53세,상해없음,승용,남,42세,경상
2014012100100018,2014년 1월 21일 01시,화요일,충청남도 천안시 서북구 직산읍,경상사고,0,0,1,0,차대차 - 기타,안전운전불이행,적설,눈,교차로 - 교차로부근,승용,남,40세,상해없음,승용,남,46세,경상
2014012100100047,2014년 1월 21일 04시,화요일,충청남도 천안시 서북구 성정동,경상사고,0,0,1,0,차대차 - 측면직각충돌,안전운전불이행,적설,눈,교차로 - 교차로안,승용,남,57세,상해없음,승용,남,45세,경상
2014012100100149,2014년 1월 21일 09시,화요일,충청남도 천안시 서북구 성거읍,경상사고,0,0,1,0,차대사람 - 기타,안전운전불이행,적설,기타,교차로 - 교차로부근,화물,남,43세,상해없음,보행자,여,71세,경상
2014012100100150,2014년 1월 21일 09시,화요일,충청남도 천안시 동남구 신방동,경상사고,0,0,1,0,차대사람 - 기타,안전운전불이행,건조,맑음,기타 - 기타,화물,남,40세,상해없음,보행자,남,67세,경상
2014012100100185,2014년 1월 21일 10시,화요일,충청남도 천안시 서북구 백석동,경상사고,0,0,1,0,차대차 - 기타,안전운전불이행,습기,기타,교차로 - 교차로부근,승용,남,42세,기타불명,승용,남,34세,경상
2014012100100334,2014년 1월 21일 16시,화요일,충청남도 천안시 동남구 병천면,경상사고,0,0,1,0,차대차 - 추돌 - 진행중,안전운전불이행,적설,맑음,단일로 - 기타,이륜,남,70세,상해없음,이륜,여,55세,경상
2014012100100356,2014년 1월 21일 17시,화요일,충청남도 서산시 동문동,중상사고,0,1,0,0,차대차 - 측면직각충돌,안전운전불이행,건조,맑음,교차로 - 교차로안,자전거,남,13세,중상,승용,남,50세,상해없음
2014012100100393,2014년 1월 21일 18시,화요일,충청남도 서산시 석남동,중상사고,0,1,3,0,차대차 - 측면직각충돌,신호위반,건조,맑음,교차로 - 교차로안,승용,남,65세,중상,승용,남,34세,경상
2014012100100433,2014년 1월 21일 19시,화요일,충청남도 서산시 석림동,중상사고,0,1,0,0,차대차 - 측면직각충돌,안전운전불이행,건조,맑음,단일로 - 기타,자전거,남,57세,중상,승용,남,51세,상해없음
2014012100100434,2014년 1월 21일 19시,화요일,충청남도 천안시 서북구 성환읍,경상사고,0,0,1,0,차대차 - 기타,신호위반,건조,맑음,교차로 - 교차로안,승용,남,40세,기타불명,승용,남,33세,경상
2014012100100465,2014년 1월 21일 20시,화요일,충청남도 천안시 서북구 성환읍,경상사고,0,0,3,0,차대차 - 기타,중앙선침범,건조,맑음,단일로 - 기타,승용,남,40세,상해없음,승합,남,63세,경상
2014012100100466,2014년 1월 21일 20시,화요일,충청남도 천안시 서북구 성정동,경상사고,0,0,1,0,차대차 - 기타,안전운전불이행,습기,맑음,교차로 - 교차로부근,승용,남,55세,상해없음,이륜,남,35세,경상
2014012100100467,2014년 1월 21일 20시,화요일,충청남도 예산군 예산읍,중상사고,0,2,2,0,차대차 - 측면직각충돌,직진우회전진행방해,건조,맑음,교차로 - 교차로안,승용,남,33세,경상,승용,남,64세,경상
2014012100100498,2014년 1월 21일 21시,화요일,충청남도 당진시 석문면,중상사고,0,1,0,0,차대사람 - 횡단중,안전운전불이행,건조,흐림,기타 - 기타,화물,남,53세,상해없음,보행자,여,56세,중상
2014012100100543,2014년 1월 21일 23시,화요일,충청남도 청양군 청양읍,중상사고,0,1,0,0,차대차 - 기타,안전운전불이행,건조,맑음,교차로 - 교차로부근,승용,남,49세,중상,승용,기타불명,기타불명,기타불명
2014012200100011,2014년 1월 22일 00시,수요일,충청남도 당진시 대덕리,경상사고,0,0,2,0,차대차 - 기타,신호위반,습기,기타,교차로 - 교차로부근,승용,남,47세,기타불명,승용,남,49세,경상
2014012200100023,2014년 1월 22일 01시,수요일,충청남도 당진시 송악읍,경상사고,0,0,1,0,차량단독 - 전도전복,안전운전불이행,결빙,기타,기타 - 기타,승용,남,22세,상해없음,,,,
2014012200100057,2014년 1월 22일 06시,수요일,충청남도 공주시 웅진동,중상사고,0,1,0,0,차대차 - 측면직각충돌,중앙선침범,기타,흐림,단일로 - 기타,이륜,남,66세,중상,화물,남,27세,상해없음
2014012200100076,2014년 1월 22일 07시,수요일,충청남도 당진시 채운동,경상사고,0,0,1,0,차대사람 - 보도통행중,보행자보호의무위반,건조,맑음,교차로 - 교차로부근,승용,남,21세,상해없음,보행자,남,44세,경상
2014012200100104,2014년 1월 22일 08시,수요일,충청남도 천안시 서북구 성거읍,경상사고,0,0,1,0,차대차 - 기타,신호위반,건조,맑음,교차로 - 교차로안,화물,남,54세,상해없음,승용,남,54세,경상
2014012200100105,2014년 1월 22일 08시,수요일,충청남도 천안시 동남구 병천면,경상사고,0,0,1,0,차대차 - 추돌 - 주정차중,안전운전불이행,건조,맑음,단일로 - 기타,승용,여,21세,상해없음,화물,남,55세,상해없음
2014012200100173,2014년 1월 22일 10시,수요일,충청남도 서천군 서천읍,경상사고,0,0,3,0,차대차 - 측면직각충돌,직진우회전진행방해,건조,맑음,교차로 - 교차로안,화물,남,58세,경상,승용,남,56세,경상
2014012200100197,2014년 1월 22일 11시,수요일,충청남도 금산군 금산읍,중상사고,0,1,0,0,차대사람 - 차도통행중,안전운전불이행,건조,맑음,단일로 - 기타,승용,여,61세,상해없음,보행자,여,78세,중상
2014012200100198,2014년 1월 22일 11시,수요일,충청남도 청양군 화성면,중상사고,0,1,3,0,차대차 - 정면충돌,중앙선침범,습기,맑음,단일로 - 기타,승용,남,56세,상해없음,승용,남,62세,중상
2014012200100224,2014년 1월 22일 12시,수요일,충청남도 서산시 예천동,중상사고,0,1,0,0,차대차 - 측면직각충돌,신호위반,습기,흐림,교차로 - 교차로부근,승용,여,40세,상해없음,자전거,남,52세,중상
2014012200100225,2014년 1월 22일 12시,수요일,충청남도 공주시 우성면,중상사고,0,1,0,0,차량단독 - 전도전복,안전운전불이행,결빙,맑음,단일로 - 기타,이륜,남,68세,중상,,,,
2014012200100248,2014년 1월 22일 13시,수요일,충청남도 천안시 서북구 두정동,중상사고,0,1,0,0,차대차 - 추돌 - 주정차중,안전운전불이행,건조,맑음,기타 - 기타,승용,여,29세,상해없음,승합,남,70세,중상
2014012200100342,2014년 1월 22일 16시,수요일,충청남도 당진시 순성면,중상사고,0,2,0,0,차대차 - 정면충돌,중앙선침범,건조,맑음,단일로 - 기타,승용,남,53세,상해없음,승용,남,58세,중상
2014012200100394,2014년 1월 22일 18시,수요일,충청남도 공주시 의당면,중상사고,0,1,0,0,차대차 - 추돌 - 주정차중,안전운전불이행,건조,맑음,교차로 - 교차로부근,승용,남,54세,기타불명,승용,여,30세,중상
2014012200100395,2014년 1월 22일 18시,수요일,충청남도 예산군 광시면,중상사고,0,2,0,0,차대차 - 기타,중앙선침범,건조,맑음,단일로 - 기타,승용,남,47세,상해없음,승용,남,69세,중상
2014012200100396,2014년 1월 22일 18시,수요일,충청남도 부여군 옥산면,중상사고,0,1,0,0,차대사람 - 기타,안전운전불이행,건조,맑음,단일로 - 기타,화물,남,53세,상해없음,보행자,남,75세,중상
2014012200100444,2014년 1월 22일 19시,수요일,충청남도 공주시 신관동,경상사고,0,0,1,0,차대차 - 추돌 - 주정차중,안전운전불이행,건조,맑음,단일로 - 기타,승용,남,53세,상해없음,승용,여,38세,경상
2014012200100510,2014년 1월 22일 21시,수요일,충청남도 서산시 읍내동,경상사고,0,0,1,0,차대사람 - 횡단중,안전운전불이행,건조,맑음,단일로 - 기타,원동기,남,25세,상해없음,보행자,여,59세,경상
2014012200100582,2014년 1월 22일 23시,수요일,충청남도 아산시 탕정면,경상사고,0,0,1,0,차대차 - 기타,안전운전불이행,건조,맑음,단일로 - 기타,승용,남,28세,상해없음,승용,남,44세,경상