사고번호,사고일시,요일,시군구,사고내용,사망자수,중상자수,경상자수,부상신고자수,사고유형,법규위반,노면상태,기상상태,도로형태,가해운전자 차종,가해운전자 성별,가해운전자 연령,가해운전자 상해정도,피해운전자 차종,피해운전자 성별,피해운전자 연령,피해운전자 상해정도
2014021300100381,2014년 2월 13일 18시,목요일,충청남도 보령시 대천동,중상사고,0,1,0,0,차대사람 - 기타,신호위반,건조,맑음,교차로 - 교차로부근,이륜,남,19세,상해없음,보행자,여,78세,중상
2014021300100382,2014년 2월 13일 18시,목요일,충청남도 논산시 연무읍,경상사고,0,0,1,0,차대차 - 추돌 - 주정차중,안전운전불이행,건조,맑음,단일로 - 기타,승용,남,22세,상해없음,승용,남,58세,경상
2014021300100420,2014년 2월 13일 19시,목요일,충청남도 논산시 내동,부상신고사고,0,0,0,1,차대차 - 측면직각충돌,교차로운행방법위반,건조,맑음,교차로 - 교차로안,이륜,남,18세,부상신고,화물,남,43세,상해없음
2014021300100421,2014년 2월 13일 19시,목요일,충청남도 홍성군 홍성읍,중상사고,0,1,0,0,차대사람 - 기타,보행자보호의무위반,건조,맑음,교차로 - 교차로부근,승합,남,44세,상해없음,보행자,여,32세,중상
2014021300100422,2014년 2월 13일 19시,목요일,충청남도 공주시 의당면,사망사고,1,0,0,0,차대사람 - 횡단중,안전운전불이행,건조,맑음,교차로 - 교차로안,승용,남,46세,상해없음,보행자,여,75세,사망
2014021300100449,2014년 2월 13일 20시,목요일,충청남도 태안군 태안읍,중상사고,0,2,1,0,차대차 - 정면충돌,중앙선침범,건조,맑음,단일로 - 기타,승용,남,34세,중상,승용,남,28세,경상
2014021300100450,2014년 2월 13일 20시,목요일,충청남도 공주시 무릉동,경상사고,0,0,2,0,차대차 - 측면직각충돌,직진우회전진행방해,건조,맑음,교차로 - 교차로안,승용,남,27세,상해없음,승용,여,27세,경상
2014021300100486,2014년 2월 13일 21시,목요일,충청남도 논산시 내동,중상사고,0,1,0,0,차대사람 - 횡단중,보행자보호의무위반,건조,맑음,교차로 - 교차로안,승용,남,52세,상해없음,보행자,여,35세,중상
2014021300100487,2014년 2월 13일 21시,목요일,충청남도 천안시 동남구 영성동,경상사고,0,0,2,0,차대차 - 측면직각충돌,안전운전불이행,건조,맑음,교차로 - 교차로안,승용,남,45세,상해없음,승용,남,22세,경상
2014021300100548,2014년 2월 13일 23시,목요일,충청남도 서산시 팔봉면,중상사고,0,1,0,0,차량단독 - 전도전복,안전운전불이행,건조,맑음,단일로 - 기타,승용,남,39세,중상,,,,
2014021400100035,2014년 2월 14일 01시,금요일,충청남도 천안시 서북구 불당동,중상사고,0,2,0,0,차대차 - 기타,신호위반,건조,맑음,교차로 - 교차로안,승용,남,58세,중상,화물,남,46세,중상
2014021400100102,2014년 2월 14일 07시,금요일,충청남도 태안군 태안읍,중상사고,0,1,0,0,차대차 - 기타,불법유턴,건조,맑음,단일로 - 기타,화물,남,52세,상해없음,건설기계,남,31세,중상
2014021400100122,2014년 2월 14일 08시,금요일,충청남도 금산군 금산읍,중상사고,0,1,0,0,차량단독 - 공작물충돌,안전운전불이행,결빙,맑음,단일로 - 기타,승용,여,53세,중상,,,,
2014021400100142,2014년 2월 14일 09시,금요일,충청남도 서산시 팔봉면,경상사고,0,0,1,0,차대차 - 측면직각충돌,직진우회전진행방해,건조,맑음,교차로 - 교차로안,농기계,남,72세,경상,화물,남,22세,상해없음
2014021400100143,2014년 2월 14일 09시,금요일,충청남도 공주시 반포면,경상사고,0,0,1,0,차대차 - 측면직각충돌,교차로운행방법위반,건조,맑음,교차로 - 교차로부근,특수,남,39세,상해없음,승용,남,51세,경상
2014021400100144,2014년 2월 14일 09시,금요일,충청남도 금산군 금산읍,중상사고,0,1,0,0,차대사람 - 횡단중,보행자보호의무위반,건조,맑음,단일로 - 횡단보도상,화물,남,44세,상해없음,보행자,여,78세,중상
2014021400100161,2014년 2월 14일 10시,금요일,충청남도 아산시 남동,경상사고,0,0,1,0,차대차 - 측면직각충돌,안전운전불이행,건조,맑음,교차로 - 교차로부근,승합,남,49세,상해없음,승용,여,36세,경상
2014021400100162,2014년 2월 14일 10시,금요일,충청남도 아산시 둔포면,경상사고,0,0,1,0,차대차 - 측면직각충돌,직진우회전진행방해,건조,맑음,교차로 - 교차로안,화물,남,48세,경상,화물,남,54세,상해없음
2014021400100235,2014년 2월 14일 13시,금요일,충청남도 서산시 성연면,중상사고,0,1,0,0,차대차 - 측면직각충돌,신호위반,건조,맑음,교차로 - 교차로안,승합,남,52세,중상,건설기계,남,61세,상해없음
2014021400100290,2014년 2월 14일 15시,금요일,충청남도 아산시 배방읍,경상사고,0,0,1,0,차대차 - 측면직각충돌,직진우회전진행방해,건조,맑음,교차로 - 교차로안,이륜,남,17세,경상,승용,남,39세,상해없음
2014021400100291,2014년 2월 14일 15시,금요일,충청남도 서천군 마서면,중상사고,0,1,0,0,차대사람 - 기타,안전운전불이행,건조,맑음,단일로 - 기타,화물,여,57세,상해없음,보행자,남,69세,중상
2014021400100292,2014년 2월 14일 15시,금요일,충청남도 당진시 송산면,중상사고,0,1,0,0,차대사람 - 기타,안전운전불이행,건조,맑음,교차로 - 교차로부근,승용,남,42세,상해없음,보행자,남,77세,중상
2014021400100320,2014년 2월 14일 16시,금요일,충청남도 청양군 운곡면,경상사고,0,0,1,0,차량단독 - 공작물충돌,안전운전불이행,건조,맑음,단일로 - 기타,승용,남,38세,경상,,,,
2014021400100428,2014년 2월 14일 19시,금요일,충청남도 공주시 신관동,중상사고,0,1,0,0,차대사람 - 횡단중,안전운전불이행,건조,맑음,교차로 - 교차로안,승용,남,40세,상해없음,보행자,여,71세,중상
2014021400100429,2014년 2월 14일 19시,금요일,충청남도 공주시 신관동,경상사고,0,0,2,0,차대차 - 측면직각충돌,직진우회전진행방해,건조,맑음,교차로 - 교차로안,승용,남,33세,상해없음,승용,남,19세,경상
2014021400100496,2014년 2월 14일 21시,금요일,충청남도 서산시 수석동,경상사고,0,0,1,0,차대차 - 측면직각충돌,신호위반,건조,맑음,교차로 - 교차로안,승용,남,42세,상해없음,승용,여,27세,경상
2014021400100497,2014년 2월 14일 21시,금요일,충청남도 천안시 동남구 봉명동,경상사고,0,0,1,0,차대사람 - 기타,안전운전불이행,건조,맑음,단일로 - 기타,승용,남,45세,상해없음,보행자,남,46세,경상
2014021400100529,2014년 2월 14일 22시,금요일,충청남도 천안시 서북구 성정동,경상사고,0,0,1,0,차대차 - 추돌 - 주정차중,안전운전불이행,건조,맑음,교차로 - 교차로안,승용,남,40세,상해없음,승용,여,28세,경상
2014021400100570,2014년 2월 14일 23시,금요일,충청남도 천안시 서북구 성정동,경상사고,0,0,3,0,차대차 - 추돌 - 진행중,안전운전불이행,건조,맑음,교차로 - 교차로안,승용,남,23세,상해없음,승용,남,53세,경상
2014021500100044,2014년 2월 15일 01시,토요일,충청남도 천안시 동남구 다가동,중상사고,0,1,0,0,차대차 - 기타,안전거리미확보,건조,맑음,단일로 - 기타,화물,남,40세,상해없음,승용,남,55세,중상
2014021500100076,2014년 2월 15일 03시,토요일,충청남도 서산시 석남동,중상사고,0,1,1,0,차대차 - 측면직각충돌,안전운전불이행,건조,맑음,단일로 - 기타,승용,남,27세,경상,승용,남,26세,중상
2014021500100188,2014년 2월 15일 09시,토요일,충청남도 천안시 서북구 성정동,중상사고,0,1,0,0,차대차 - 측면직각충돌,신호위반,건조,맑음,교차로 - 교차로안,승용,남,32세,상해없음,승용,남,36세,중상
2014021500100189,2014년 2월 15일 09시,토요일,충청남도 아산시 음봉면,중상사고,0,1,15,0,차대차 - 측면직각충돌,신호위반,건조,맑음,교차로 - 교차로안,승합,남,65세,상해없음,승용,남,41세,중상
2014021500100190,2014년 2월 15일 09시,토요일,충청남도 부여군 부여읍,중상사고,0,1,0,0,차대사람 - 기타,안전운전불이행,건조,맑음,교차로 - 교차로안,승용,남,77세,상해없음,보행자,여,74세,중상
2014021500100212,2014년 2월 15일 10시,토요일,충청남도 금산군 남이면,중상사고,0,2,0,0,차량단독 - 공작물충돌,안전운전불이행,건조,맑음,교차로 - 교차로부근,승용,여,70세,중상,,,,
2014021500100256,2014년 2월 15일 12시,토요일,충청남도 서산시 동문동,중상사고,0,2,1,0,차대차 - 추돌 - 주정차중,안전운전불이행,건조,맑음,교차로 - 교차로부근,화물,남,43세,상해없음,승용,여,43세,중상
2014021500100257,2014년 2월 15일 12시,토요일,충청남도 부여군 세도면,중상사고,0,1,0,0,차대사람 - 기타,안전운전불이행,건조,맑음,단일로 - 기타,화물,남,41세,상해없음,보행자,남,75세,중상
2014021500100294,2014년 2월 15일 13시,토요일,충청남도 태안군 태안읍,중상사고,0,2,1,0,차대차 - 추돌 - 진행중,안전운전불이행,건조,맑음,단일로 - 기타,승용,남,18세,상해없음,승용,여,54세,중상
2014021500100317,2014년 2월 15일 14시,토요일,충청남도 서산시 음암면,중상사고,0,2,0,0,차대차 - 추돌 - 진행중,안전운전불이행,건조,맑음,교차로 - 교차로부근,화물,남,64세,상해없음,화물,남,27세,중상
2014021500100318,2014년 2월 15일 14시,토요일,충청남도 천안시 서북구 직산읍,중상사고,0,1,2,0,차대차 - 기타,안전운전불이행,건조,맑음,단일로 - 횡단보도상,승용,남,52세,경상,승용,여,40세,경상
2014021500100319,2014년 2월 15일 14시,토요일,충청남도 공주시 의당면,경상사고,0,0,1,0,차량단독 - 전도전복,안전운전불이행,건조,맑음,단일로 - 기타,원동기,남,74세,경상,,,,
2014021500100339,2014년 2월 15일 15시,토요일,충청남도 천안시 동남구 안서동,경상사고,0,0,2,0,차대차 - 기타,안전운전불이행,건조,맑음,단일로 - 기타,화물,남,35세,상해없음,승용,남,28세,경상
2014021500100410,2014년 2월 15일 17시,토요일,충청남도 천안시 동남구 신부동,경상사고,0,0,1,1,차대차 - 기타,안전운전불이행,건조,맑음,단일로 - 기타,이륜,남,38세,부상신고,승용,여,40세,경상
2014021500100439,2014년 2월 15일 18시,토요일,충청남도 논산시 강산동,중상사고,0,5,3,0,차대차 - 측면직각충돌,신호위반,건조,맑음,교차로 - 교차로안,승합,여,40세,경상,승합,남,37세,경상
2014021500100440,2014년 2월 15일 18시,토요일,충청남도 아산시 배방읍,경상사고,0,0,2,0,차대차 - 추돌 - 진행중,안전운전불이행,건조,흐림,교차로 - 교차로부근,화물,남,50세,상해없음,승용,남,31세,경상
2014021500100441,2014년 2월 15일 18시,토요일,충청남도 보령시 동대동,경상사고,0,0,1,0,차대차 - 추돌 - 주정차중,안전거리미확보,건조,맑음,교차로 - 교차로부근,승용,남,35세,상해없음,승용,여,47세,경상
2014021500100442,2014년 2월 15일 18시,토요일,충청남도 부여군 부여읍,경상사고,0,0,1,0,차대차 - 기타,안전운전불이행,건조,맑음,교차로 - 교차로부근,이륜,남,72세,경상,승용,여,42세,상해없음
2014021500100476,2014년 2월 15일 19시,토요일,충청남도 홍성군 홍성읍,경상사고,0,0,2,0,차대차 - 기타,교차로운행방법위반,건조,맑음,교차로 - 교차로안,승용,남,39세,상해없음,승용,여,38세,경상
2014021500100477,2014년 2월 15일 19시,토요일,충청남도 홍성군 갈산면,중상사고,0,3,0,0,차대차 - 기타,교차로운행방법위반,건조,맑음,교차로 - 교차로안,화물,남,54세,상해없음,승용,남,38세,중상
2014021500100478,2014년 2월 15일 19시,토요일,충청남도 서천군 비인면,경상사고,0,0,1,0,차량단독 - 공작물충돌,안전운전불이행,건조,맑음,단일로 - 기타,승용,남,59세,경상,,,,
2014021500100508,2014년 2월 15일 20시,토요일,충청남도 천안시 서북구 쌍용동,중상사고,0,1,1,0,차대차 - 기타,안전운전불이행,건조,맑음,기타 - 기타,승용,남,19세,경상,승용,남,49세,기타불명
2014021500100509,2014년 2월 15일 20시,토요일,충청남도 아산시 온천동,중상사고,0,1,0,0,차대사람 - 기타,안전운전불이행,건조,맑음,단일로 - 기타,승용,남,65세,상해없음,보행자,남,49세,중상
2014021500100510,2014년 2월 15일 20시,토요일,충청남도 보령시 청라면,중상사고,0,1,0,0,차대사람 - 횡단중,안전운전불이행,건조,맑음,단일로 - 기타,화물,남,40세,상해없음,보행자,남,63세,중상
2014021500100548,2014년 2월 15일 21시,토요일,충청남도 공주시 금흥동,사망사고,1,0,0,0,차대사람 - 기타,안전운전불이행,건조,맑음,교차로 - 교차로안,승용,남,35세,상해없음,보행자,남,56세,사망
2014021500100549,2014년 2월 15일 21시,토요일,충청남도 예산군 예산읍,중상사고,0,1,0,0,차대사람 - 횡단중,안전운전불이행,건조,맑음,단일로 - 횡단보도부근,승용,여,31세,상해없음,보행자,여,55세,중상
2014021500100577,2014년 2월 15일 22시,토요일,충청남도 태안군 태안읍,중상사고,0,2,0,0,차대차 - 측면직각충돌,중앙선침범,건조,맑음,단일로 - 기타,승용,남,38세,상해없음,승용,여,56세,중상
2014021500100578,2014년 2월 15일 22시,토요일,충청남도 천안시 동남구 원성동,중상사고,0,1,1,0,차대차 - 추돌 - 주정차중,안전운전불이행,건조,맑음,교차로 - 교차로부근,승용,남,50세,상해없음,승용,남,52세,경상
2014021500100596,2014년 2월 15일 23시,토요일,충청남도 보령시 신흑동,중상사고,0,2,3,0,차대차 - 측면직각충돌,신호위반,건조,맑음,교차로 - 교차로안,화물,남,39세,상해없음,승용,남,22세,경상
2014021600100038,2014년 2월 16일 01시,일요일,충청남도 공주시 신관동,중상사고,0,1,1,0,차대차 - 측면직각충돌,직진우회전진행방해,건조,맑음,교차로 - 교차로안,승용,남,43세,경상,화물,남,48세,중상
2014021600100141,2014년 2월 16일 08시,일요일,충청남도 홍성군 광천읍,중상사고,0,1,0,0,차대차 - 기타,교차로운행방법위반,건조,맑음,교차로 - 교차로안,승용,남,53세,상해없음,원동기,남,69세,중상
2014021600100170,2014년 2월 16일 10시,일요일,충청남도 보령시 주교면,중상사고,0,1,0,0,차대차 - 정면충돌,중앙선침범,건조,맑음,단일로 - 기타,승용,남,79세,상해없음,특수,남,34세,중상
2014021600100210,2014년 2월 16일 12시,일요일,충청남도 아산시 신인동,경상사고,0,0,1,0,차대사람 - 기타,안전운전불이행,건조,맑음,기타 - 기타,승용,여,32세,상해없음,보행자,남,32세,경상
2014021600100229,2014년 2월 16일 13시,일요일,충청남도 아산시 온천동,경상사고,0,0,1,0,차대사람 - 기타,안전운전불이행,건조,맑음,기타 - 기타,승용,여,46세,상해없음,보행자,남,44세,경상
2014021600100230,2014년 2월 16일 13시,일요일,충청남도 보령시 주교면,경상사고,0,0,2,0,차대차 - 측면직각충돌,불법유턴,건조,맑음,단일로 - 기타,승용,여,29세,상해없음,승용,여,38세,경상
2014021600100249,2014년 2월 16일 14시,일요일,충청남도 논산시 연무읍,사망사고,1,0,0,0,차대차 - 측면직각충돌,교차로운행방법위반,건조,맑음,교차로 - 교차로안,승용,남,40세,상해없음,농기계,남,73세,사망
2014021600100262,2014년 2월 16일 15시,일요일,충청남도 논산시 양촌면,경상사고,0,0,3,0,차대차 - 측면직각충돌,교차로운행방법위반,건조,맑음,교차로 - 교차로안,승용,남,43세,상해없음,승합,남,40세,경상
2014021600100305,2014년 2월 16일 17시,일요일,충청남도 아산시 배방읍,중상사고,0,1,0,0,차대차 - 측면직각충돌,중앙선침범,건조,맑음,기타 - 기타,승용,남,47세,상해없음,승용,여,52세,중상
2014021600100306,2014년 2월 16일 17시,일요일,충청남도 당진시 용연리,중상사고,0,1,0,0,차대차 - 추돌 - 진행중,안전운전불이행,건조,맑음,단일로 - 기타,승용,남,49세,상해없음,자전거,남,74세,중상
2014021600100365,2014년 2월 16일 19시,일요일,충청남도 홍성군 홍성읍,중상사고,0,1,0,0,차대차 - 기타,안전운전불이행,건조,맑음,단일로 - 기타,승용,남,25세,상해없음,자전거,남,67세,중상
2014021600100396,2014년 2월 16일 20시,일요일,충청남도 서산시 예천동,중상사고,0,1,0,0,차대사람 - 횡단중,보행자보호의무위반,건조,맑음,단일로 - 횡단보도상,승용,남,36세,상해없음,보행자,여,76세,중상
2014021600100420,2014년 2월 16일 21시,일요일,충청남도 아산시 음봉면,경상사고,0,0,2,0,차대차 - 측면직각충돌,신호위반,건조,맑음,교차로 - 교차로안,승용,여,49세,상해없음,승용,남,54세,경상
2014021700100154,2014년 2월 17일 11시,월요일,충청남도 천안시 서북구 백석동,경상사고,0,0,1,0,차대차 - 기타,신호위반,건조,맑음,교차로 - 교차로안,승용,남,32세,상해없음,승용,남,52세,경상
2014021700100155,2014년 2월 17일 11시,월요일,충청남도 서천군 서천읍,중상사고,0,1,0,0,차대사람 - 횡단중,안전운전불이행,건조,맑음,교차로 - 교차로부근,승용,남,66세,상해없음,보행자,여,65세,중상
2014021700100179,2014년 2월 17일 12시,월요일,충청남도 예산군 예산읍,사망사고,1,0,0,0,차대차 - 정면충돌,신호위반,건조,맑음,교차로 - 교차로안,화물,남,46세,상해없음,원동기,남,80세,사망
2014021700100180,2014년 2월 17일 12시,월요일,충청남도 천안시 동남구 신부동,중상사고,0,2,2,0,차대차 - 측면직각충돌,안전거리미확보,건조,맑음,단일로 - 기타,승용,남,58세,중상,승용,남,30세,경상
2014021700100201,2014년 2월 17일 13시,월요일,충청남도 당진시 읍내리,중상사고,0,1,0,0,차량단독 - 기타,안전운전불이행,건조,맑음,단일로 - 기타,승합,남,40세,상해없음,,,,
2014021700100276,2014년 2월 17일 16시,월요일,충청남도 홍성군 홍성읍,부상신고사고,0,0,0,1,차대사람 - 기타,안전운전불이행,건조,맑음,단일로 - 기타,승용,여,22세,상해없음,보행자,남,53세,부상신고
2014021700100302,2014년 2월 17일 17시,월요일,충청남도 청양군 목면,중상사고,0,1,7,1,차대차 - 추돌 - 진행중,안전운전불이행,건조,맑음,교차로 - 교차로안,화물,남,54세,상해없음,승합,남,49세,경상
2014021700100381,2014년 2월 17일 19시,월요일,충청남도 천안시 서북구 성환읍,중상사고,0,1,0,0,차대사람 - 기타,안전운전불이행,건조,맑음,단일로 - 기타,기타불명,기타불명,기타불명,기타불명,보행자,남,38세,중상
2014021700100382,2014년 2월 17일 19시,월요일,충청남도 계룡시 금암동,중상사고,0,1,3,0,차대차 - 측면직각충돌,신호위반,건조,맑음,교차로 - 교차로안,승용,여,44세,상해없음,승용,여,23세,경상
2014021700100383,2014년 2월 17일 19시,월요일,충청남도 논산시 내동,경상사고,0,0,1,0,차량단독 - 전도전복,안전운전불이행,건조,맑음,교차로 - 교차로안,이륜,남,50세,경상,,,,
2014021700100384,2014년 2월 17일 19시,월요일,충청남도 보령시 동대동,중상사고,0,1,0,0,차대사람 - 기타,안전운전불이행,건조,맑음,단일로 - 기타,기타불명,기타불명,기타불명,기타불명,보행자,남,59세,중상
2014021700100385,2014년 2월 17일 19시,월요일,충청남도 당진시 읍내리,중상사고,0,1,0,0,차대사람 - 차도통행중,안전운전불이행,건조,맑음,단일로 - 기타,승합,여,28세,상해없음,보행자,남,72세,중상
2014021700100457,2014년 2월 17일 21시,월요일,충청남도 천안시 서북구 성정동,경상사고,0,0,1,0,차대사람 - 길가장자리구역통행중,안전운전불이행,건조,맑음,기타 - 기타,화물,남,48세,상해없음,보행자,여,48세,경상
2014021700100507,2014년 2월 17일 23시,월요일,충청남도 당진시 읍내리,경상사고,0,0,1,0,차대차 - 측면직각충돌,교차로운행방법위반,건조,흐림,교차로 - 교차로안,승용,여,40세,상해없음,승용,남,20세,경상
2014021800100005,2014년 2월 18일 00시,화요일,충청남도 천안시 서북구 두정동,경상사고,0,0,2,0,차대차 - 기타,안전운전불이행,건조,맑음,교차로 - 교차로부근,승용,남,29세,상해없음,승용,남,28세,경상
2014021800100006,2014년 2월 18일 00시,화요일,충청남도 천안시 동남구 성남면,중상사고,0,2,1,0,차대차 - 추돌 - 진행중,안전운전불이행,건조,맑음,단일로 - 기타,승용,남,47세,경상,화물,남,49세,상해없음
2014021800100075,2014년 2월 18일 07시,화요일,충청남도 금산군 군북면,경상사고,0,0,1,0,차대차 - 측면직각충돌,신호위반,건조,맑음,교차로 - 교차로안,승용,남,56세,상해없음,승용,남,73세,경상
2014021800100095,2014년 2월 18일 08시,화요일,충청남도 천안시 동남구 삼룡동,경상사고,0,0,1,0,차대차 - 추돌 - 주정차중,안전운전불이행,건조,맑음,단일로 - 기타,건설기계,남,42세,상해없음,승용,남,49세,경상
2014021800100139,2014년 2월 18일 10시,화요일,충청남도 서천군 마서면,중상사고,0,1,0,0,차대차 - 기타,안전운전불이행,건조,맑음,단일로 - 기타,승용,남,85세,상해없음,자전거,남,75세,중상
2014021800100160,2014년 2월 18일 11시,화요일,충청남도 보령시 대천동,중상사고,0,2,0,0,차대차 - 측면직각충돌,불법유턴,건조,맑음,교차로 - 교차로안,승용,남,67세,상해없음,이륜,남,74세,중상
2014021800100161,2014년 2월 18일 11시,화요일,충청남도 천안시 동남구 봉명동,경상사고,0,0,1,0,차대차 - 기타,안전거리미확보,건조,맑음,기타 - 기타,화물,남,69세,상해없음,승용,남,61세,경상
2014021800100162,2014년 2월 18일 11시,화요일,충청남도 천안시 동남구 사직동,중상사고,0,1,0,0,차량단독 - 기타,기타,건조,맑음,단일로 - 기타,승합,남,38세,상해없음,,,,
2014021800100200,2014년 2월 18일 13시,화요일,충청남도 보령시 동대동,중상사고,0,2,2,0,차대차 - 측면직각충돌,직진우회전진행방해,건조,맑음,교차로 - 교차로안,화물,남,50세,중상,승용,남,57세,중상
2014021800100201,2014년 2월 18일 13시,화요일,충청남도 천안시 동남구 풍세면,경상사고,0,0,1,0,차대차 - 기타,교차로운행방법위반,건조,맑음,교차로 - 교차로안,화물,남,32세,상해없음,화물,남,44세,경상
2014021800100228,2014년 2월 18일 14시,화요일,충청남도 천안시 서북구 성거읍,중상사고,0,2,0,0,차대차 - 측면직각충돌,안전거리미확보,건조,맑음,단일로 - 기타,승용,남,42세,중상,승용,남,53세,중상
2014021800100267,2014년 2월 18일 16시,화요일,충청남도 천안시 동남구 용곡동,중상사고,0,1,0,0,차대차 - 기타,교차로운행방법위반,건조,맑음,교차로 - 교차로안,이륜,남,83세,중상,승용,남,59세,상해없음
2014021800100293,2014년 2월 18일 17시,화요일,충청남도 금산군 금산읍,중상사고,0,1,0,0,차대차 - 기타,교차로운행방법위반,건조,맑음,교차로 - 교차로안,이륜,남,75세,중상,승용,여,44세,상해없음
2014021800100326,2014년 2월 18일 18시,화요일,충청남도 금산군 금산읍,경상사고,0,0,1,0,차대차 - 기타,교차로운행방법위반,건조,맑음,교차로 - 교차로안,이륜,남,36세,경상,승용,여,62세,상해없음
2014021800100327,2014년 2월 18일 18시,화요일,충청남도 천안시 동남구 목천읍,중상사고,0,1,0,0,차대차 - 기타,교차로운행방법위반,건조,맑음,교차로 - 교차로안,승용,여,38세,상해없음,승용,여,60세,중상
2014021800100357,2014년 2월 18일 19시,화요일,충청남도 예산군 오가면,경상사고,0,0,1,0,차대차 - 추돌 - 주정차중,안전운전불이행,건조,맑음,교차로 - 교차로부근,승합,남,51세,상해없음,승용,남,34세,경상
2014021800100390,2014년 2월 18일 20시,화요일,충청남도 보령시 동대동,경상사고,0,0,1,0,차대사람 - 횡단중,보행자보호의무위반,건조,맑음,단일로 - 기타,승용,남,23세,상해없음,보행자,여,3세,경상
2014021900100027,2014년 2월 19일 02시,수요일,충청남도 당진시 송악읍,중상사고,0,2,1,0,차대차 - 측면직각충돌,안전운전불이행,건조,맑음,단일로 - 기타,승용,남,49세,중상,승용,남,43세,중상
2014021900100042,2014년 2월 19일 03시,수요일,충청남도 서산시 석림동,경상사고,0,0,2,0,차대차 - 측면직각충돌,신호위반,건조,맑음,교차로 - 교차로안,화물,남,60세,상해없음,화물,남,57세,경상
2014021900100086,2014년 2월 19일 07시,수요일,충청남도 서천군 장항읍,중상사고,0,1,0,0,차대차 - 기타,안전운전불이행,건조,맑음,단일로 - 기타,승용,여,33세,상해없음,자전거,여,62세,중상
2014021900100101,2014년 2월 19일 08시,수요일,충청남도 홍성군 광천읍,경상사고,0,0,1,0,차대차 - 측면직각충돌,안전거리미확보,건조,맑음,단일로 - 기타,승용,남,53세,상해없음,화물,남,60세,경상
2014021900100125,2014년 2월 19일 09시,수요일,충청남도 서산시 대산읍,중상사고,0,1,0,0,차대사람 - 기타,안전운전불이행,건조,맑음,단일로 - 기타,승용,여,47세,상해없음,보행자,여,86세,중상
2014021900100147,2014년 2월 19일 10시,수요일,충청남도 부여군 은산면,경상사고,0,0,1,0,차대차 - 측면직각충돌,안전운전불이행,건조,맑음,단일로 - 기타,승용,남,40세,상해없음,화물,남,38세,경상
2014021900100194,2014년 2월 19일 12시,수요일,충청남도 논산시 취암동,중상사고,0,1,0,0,차대사람 - 횡단중,보행자보호의무위반,건조,맑음,단일로 - 횡단보도상,승용,여,37세,상해없음,보행자,여,14세,중상
2014021900100219,2014년 2월 19일 13시,수요일,충청남도 당진시 채운동,중상사고,0,1,0,0,차대사람 - 횡단중,보행자보호의무위반,건조,맑음,단일로 - 기타,승합,여,64세,상해없음,보행자,남,90세 이상,중상
2014021900100220,2014년 2월 19일 13시,수요일,충청남도 천안시 동남구 영성동,경상사고,0,0,1,0,차대사람 - 기타,안전운전불이행,건조,맑음,교차로 - 교차로안,기타불명,기타불명,기타불명,기타불명,보행자,여,76세,경상
2014021900100242,2014년 2월 19일 14시,수요일,충청남도 서산시 동문동,부상신고사고,0,0,0,1,차대차 - 기타,안전운전불이행,건조,맑음,단일로 - 기타,이륜,남,24세,부상신고,승용,남,63세,상해없음
2014021900100243,2014년 2월 19일 14시,수요일,충청남도 공주시 정안면,경상사고,0,0,2,0,차대차 - 측면직각충돌,안전운전불이행,건조,맑음,기타 - 기타,승용,여,50세,기타불명,승용,남,44세,경상
2014021900100342,2014년 2월 19일 18시,수요일,충청남도 금산군 금산읍,중상사고,0,2,0,0,차대차 - 기타,교차로운행방법위반,건조,맑음,교차로 - 교차로안,이륜,남,56세,중상,승용,여,39세,상해없음
2014021900100385,2014년 2월 19일 19시,수요일,충청남도 태안군 안면읍,중상사고,0,3,0,0,차대차 - 측면직각충돌,안전운전불이행,건조,맑음,교차로 - 교차로안,승용,여,49세,중상,승합,남,30세,중상
2014021900100386,2014년 2월 19일 19시,수요일,충청남도 금산군 군북면,중상사고,0,1,0,0,차대사람 - 횡단중,안전운전불이행,건조,맑음,교차로 - 교차로안,승용,남,59세,상해없음,보행자,여,74세,중상
2014021900100416,2014년 2월 19일 20시,수요일,충청남도 천안시 동남구 병천면,중상사고,0,1,3,0,차대차 - 측면직각충돌,신호위반,건조,맑음,교차로 - 교차로안,승용,남,57세,상해없음,승용,남,40세,경상
2014021900100443,2014년 2월 19일 21시,수요일,충청남도 천안시 동남구 병천면,경상사고,0,0,1,0,차대차 - 정면충돌,중앙선침범,건조,맑음,단일로 - 기타,승용,남,33세,상해없음,화물,남,34세,경상
2014021900100471,2014년 2월 19일 22시,수요일,충청남도 천안시 서북구 백석동,경상사고,0,0,1,0,차대차 - 추돌 - 진행중,안전운전불이행,건조,맑음,단일로 - 기타,승용,남,31세,상해없음,승용,여,47세,경상
2014021900100472,2014년 2월 19일 22시,수요일,충청남도 서천군 서천읍,경상사고,0,0,1,0,차대차 - 추돌 - 진행중,안전거리미확보,건조,맑음,단일로 - 기타,승용,남,57세,상해없음,승용,남,23세,경상
2014022000100104,2014년 2월 20일 07시,목요일,충청남도 아산시 둔포면,중상사고,0,1,5,0,차대차 - 측면직각충돌,교차로운행방법위반,건조,맑음,교차로 - 교차로안,화물,남,36세,중상,승합,남,43세,상해없음
2014022000100105,2014년 2월 20일 07시,목요일,충청남도 서천군 서천읍,경상사고,0,0,2,0,차대차 - 추돌 - 진행중,안전거리미확보,건조,맑음,단일로 - 기타,승용,남,35세,경상,승용,여,52세,경상