사고번호,사고일시,요일,시군구,사고내용,사망자수,중상자수,경상자수,부상신고자수,사고유형,법규위반,노면상태,기상상태,도로형태,가해운전자 차종,가해운전자 성별,가해운전자 연령,가해운전자 상해정도,피해운전자 차종,피해운전자 성별,피해운전자 연령,피해운전자 상해정도
2014022000100191,2014년 2월 20일 10시,목요일,충청남도 부여군 규암면,사망사고,1,0,0,0,차대차 - 측면직각충돌,안전운전불이행,건조,맑음,교차로 - 교차로부근,화물,남,63세,상해없음,이륜,남,85세,사망
2014022000100270,2014년 2월 20일 14시,목요일,충청남도 아산시 모종동,중상사고,0,1,0,0,차대사람 - 횡단중,보행자보호의무위반,건조,맑음,교차로 - 교차로부근,승용,남,64세,상해없음,보행자,남,16세,중상
2014022000100329,2014년 2월 20일 16시,목요일,충청남도 서천군 장항읍,중상사고,0,1,2,0,차대차 - 기타,신호위반,건조,맑음,교차로 - 교차로안,승용,남,35세,경상,승용,남,52세,중상
2014022000100392,2014년 2월 20일 18시,목요일,충청남도 천안시 서북구 직산읍,경상사고,0,0,2,0,차대차 - 기타,중앙선침범,건조,맑음,단일로 - 기타,승용,남,46세,기타불명,승용,남,53세,경상
2014022000100393,2014년 2월 20일 18시,목요일,충청남도 서천군 서천읍,경상사고,0,0,2,1,차대차 - 기타,신호위반,건조,맑음,교차로 - 교차로안,화물,남,71세,부상신고,승용,남,50세,경상
2014022000100435,2014년 2월 20일 20시,목요일,충청남도 논산시 연산면,경상사고,0,0,2,0,차대사람 - 길가장자리구역통행중,안전운전불이행,건조,맑음,단일로 - 기타,원동기,남,72세,경상,보행자,남,51세,경상
2014022000100456,2014년 2월 20일 21시,목요일,충청남도 천안시 서북구 성성동,중상사고,0,1,0,0,차대차 - 기타,안전운전불이행,건조,맑음,단일로 - 기타,승용,남,48세,상해없음,이륜,남,43세,중상
2014022000100507,2014년 2월 20일 23시,목요일,충청남도 천안시 서북구 성환읍,경상사고,0,0,1,0,차대차 - 측면직각충돌,신호위반,건조,맑음,교차로 - 교차로안,승용,여,34세,상해없음,승용,남,19세,경상
2014022000100508,2014년 2월 20일 23시,목요일,충청남도 천안시 서북구 성정동,경상사고,0,0,1,0,차대차 - 기타,안전운전불이행,건조,맑음,교차로 - 교차로부근,승용,남,33세,상해없음,승용,여,31세,경상
2014022000100509,2014년 2월 20일 23시,목요일,충청남도 아산시 탕정면,경상사고,0,0,1,0,차대차 - 추돌 - 주정차중,안전운전불이행,건조,맑음,기타 - 기타,승용,남,55세,상해없음,승용,남,29세,경상
2014022100100062,2014년 2월 21일 06시,금요일,충청남도 논산시 강산동,경상사고,0,0,2,0,차대차 - 측면직각충돌,신호위반,건조,맑음,교차로 - 교차로안,승용,여,48세,경상,승합,남,44세,경상
2014022100100063,2014년 2월 21일 06시,금요일,충청남도 당진시 원당리,경상사고,0,0,1,0,차대차 - 추돌 - 주정차중,안전운전불이행,건조,기타,교차로 - 교차로부근,승용,남,30세,상해없음,승용,남,39세,경상
2014022100100064,2014년 2월 21일 06시,금요일,충청남도 당진시 석문면,경상사고,0,0,1,0,차대차 - 기타,중앙선침범,건조,맑음,단일로 - 기타,승용,남,49세,상해없음,승합,남,49세,상해없음
2014022100100079,2014년 2월 21일 07시,금요일,충청남도 아산시 영인면,중상사고,0,1,0,0,차량단독 - 기타,안전운전불이행,건조,맑음,교차로 - 교차로안,승합,남,35세,상해없음,,,,
2014022100100120,2014년 2월 21일 09시,금요일,충청남도 논산시 취암동,중상사고,0,2,1,0,차대차 - 측면직각충돌,교차로운행방법위반,건조,맑음,교차로 - 교차로안,화물,남,31세,경상,승용,남,65세,중상
2014022100100121,2014년 2월 21일 09시,금요일,충청남도 보령시 남포면,경상사고,0,0,1,0,차대차 - 추돌 - 진행중,안전거리미확보,건조,맑음,교차로 - 교차로부근,승용,남,79세,상해없음,승용,여,33세,경상
2014022100100122,2014년 2월 21일 09시,금요일,충청남도 보령시 동대동,중상사고,0,2,0,0,차대차 - 측면직각충돌,신호위반,건조,맑음,교차로 - 교차로안,승용,남,24세,상해없음,화물,남,46세,중상
2014022100100174,2014년 2월 21일 11시,금요일,충청남도 부여군 은산면,중상사고,0,1,0,0,차대차 - 기타,중앙선침범,건조,맑음,단일로 - 기타,화물,남,54세,상해없음,승용,남,62세,중상
2014022100100219,2014년 2월 21일 13시,금요일,충청남도 금산군 금산읍,경상사고,0,0,2,0,차대차 - 측면직각충돌,신호위반,건조,맑음,교차로 - 교차로안,승용,남,29세,경상,화물,남,59세,경상
2014022100100237,2014년 2월 21일 14시,금요일,충청남도 천안시 서북구 성정동,경상사고,0,0,1,0,차대차 - 기타,안전거리미확보,건조,맑음,기타 - 기타,기타불명,기타불명,기타불명,기타불명,원동기,남,19세,경상
2014022100100268,2014년 2월 21일 15시,금요일,충청남도 천안시 동남구 사직동,중상사고,0,1,0,0,차대차 - 기타,교차로운행방법위반,건조,맑음,교차로 - 교차로안,기타불명,기타불명,기타불명,기타불명,자전거,남,28세,중상
2014022100100300,2014년 2월 21일 16시,금요일,충청남도 천안시 서북구 백석동,경상사고,0,0,1,0,차대차 - 기타,안전운전불이행,건조,맑음,기타 - 기타,승용,남,67세,상해없음,승용,여,50세,경상
2014022100100361,2014년 2월 21일 18시,금요일,충청남도 천안시 서북구 쌍용동,경상사고,0,0,1,0,차대차 - 추돌 - 주정차중,안전운전불이행,건조,맑음,단일로 - 기타,승합,남,52세,상해없음,승용,여,39세,경상
2014022100100362,2014년 2월 21일 18시,금요일,충청남도 청양군 청양읍,경상사고,0,0,1,0,차대차 - 기타,중앙선침범,건조,맑음,단일로 - 기타,화물,남,50세,상해없음,승용,남,47세,기타불명
2014022100100442,2014년 2월 21일 20시,금요일,충청남도 논산시 강경읍,경상사고,0,0,1,0,차대사람 - 차도통행중,안전운전불이행,건조,맑음,단일로 - 기타,승용,남,57세,상해없음,보행자,여,34세,경상
2014022100100443,2014년 2월 21일 20시,금요일,충청남도 아산시 권곡동,경상사고,0,0,1,0,차대차 - 측면직각충돌,신호위반,건조,맑음,교차로 - 교차로안,승용,여,52세,상해없음,승용,여,25세,경상
2014022100100466,2014년 2월 21일 21시,금요일,충청남도 계룡시 엄사면,경상사고,0,0,1,0,차대차 - 측면직각충돌,차로위반,건조,맑음,교차로 - 교차로안,승용,남,49세,상해없음,승용,남,45세,경상
2014022200100090,2014년 2월 22일 05시,토요일,충청남도 아산시 온천동,경상사고,0,0,2,0,차대차 - 측면직각충돌,안전운전불이행,건조,맑음,교차로 - 교차로부근,승용,남,32세,상해없음,승용,남,21세,경상
2014022200100144,2014년 2월 22일 08시,토요일,충청남도 서산시 석남동,중상사고,0,1,1,0,차대차 - 측면직각충돌,신호위반,건조,맑음,교차로 - 교차로안,승용,남,55세,상해없음,승용,남,50세,중상
2014022200100165,2014년 2월 22일 09시,토요일,충청남도 서천군 서천읍,부상신고사고,0,0,0,1,차대차 - 기타,중앙선침범,건조,맑음,교차로 - 교차로안,자전거,남,51세,부상신고,승용,남,40세,상해없음
2014022200100166,2014년 2월 22일 09시,토요일,충청남도 예산군 대술면,중상사고,0,1,2,0,차대차 - 추돌 - 진행중,안전거리미확보,건조,맑음,단일로 - 기타,승용,남,59세,중상,승용,여,44세,경상
2014022200100181,2014년 2월 22일 10시,토요일,충청남도 예산군 예산읍,경상사고,0,0,1,0,차대차 - 기타,안전운전불이행,건조,맑음,단일로 - 기타,승용,여,27세,상해없음,화물,남,63세,경상
2014022200100199,2014년 2월 22일 11시,토요일,충청남도 예산군 봉산면,경상사고,0,0,1,0,차대차 - 기타,직진우회전진행방해,건조,맑음,교차로 - 교차로안,승용,남,70세,상해없음,이륜,여,59세,경상
2014022200100221,2014년 2월 22일 12시,토요일,충청남도 논산시 연무읍,중상사고,0,1,0,0,차대차 - 측면직각충돌,교차로운행방법위반,건조,맑음,교차로 - 교차로안,자전거,여,9세,중상,승용,여,38세,상해없음
2014022200100245,2014년 2월 22일 13시,토요일,충청남도 천안시 서북구 두정동,경상사고,0,0,1,0,차대차 - 기타,안전거리미확보,건조,맑음,교차로 - 교차로부근,승용,여,50세,기타불명,승용,여,42세,경상
2014022200100246,2014년 2월 22일 13시,토요일,충청남도 홍성군 홍성읍,중상사고,0,1,0,0,차대사람 - 기타,안전운전불이행,건조,맑음,기타 - 기타,화물,남,53세,상해없음,보행자,여,74세,중상
2014022200100247,2014년 2월 22일 13시,토요일,충청남도 부여군 홍산면,부상신고사고,0,0,0,1,차대차 - 기타,신호위반,건조,맑음,교차로 - 교차로부근,화물,남,68세,상해없음,화물,남,56세,부상신고
2014022200100272,2014년 2월 22일 14시,토요일,충청남도 예산군 고덕면,경상사고,0,0,1,0,차대차 - 기타,중앙선침범,건조,맑음,단일로 - 기타,승용,남,61세,상해없음,승용,여,53세,경상
2014022200100273,2014년 2월 22일 14시,토요일,충청남도 당진시 송악읍,경상사고,0,0,1,0,차대차 - 측면직각충돌,중앙선침범,건조,맑음,단일로 - 기타,화물,남,67세,상해없음,승용,남,37세,경상
2014022200100301,2014년 2월 22일 15시,토요일,충청남도 천안시 서북구 성환읍,중상사고,0,2,0,0,차대차 - 기타,안전거리미확보,건조,맑음,단일로 - 기타,승용,남,43세,상해없음,승용,남,55세,중상
2014022200100302,2014년 2월 22일 15시,토요일,충청남도 논산시 채운면,중상사고,0,1,1,0,차대차 - 측면직각충돌,교차로운행방법위반,건조,맑음,교차로 - 교차로안,이륜,남,71세,경상,이륜,남,78세,중상
2014022200100326,2014년 2월 22일 16시,토요일,충청남도 금산군 금산읍,중상사고,0,1,0,0,차대차 - 기타,중앙선침범,건조,맑음,단일로 - 기타,화물,남,50세,상해없음,이륜,남,59세,중상
2014022200100345,2014년 2월 22일 17시,토요일,충청남도 당진시 합덕읍,경상사고,0,0,3,0,차대차 - 측면직각충돌,교차로운행방법위반,건조,맑음,교차로 - 교차로안,승용,여,39세,경상,승용,여,51세,경상
2014022200100410,2014년 2월 22일 19시,토요일,충청남도 천안시 서북구 성성동,경상사고,0,0,6,0,차대차 - 기타,신호위반,건조,맑음,교차로 - 교차로안,승용,여,45세,상해없음,승용,남,52세,경상
2014022200100411,2014년 2월 22일 19시,토요일,충청남도 보령시 천북면,경상사고,0,0,1,0,차대차 - 정면충돌,직진우회전진행방해,건조,맑음,교차로 - 교차로안,승용,남,56세,경상,승용,남,69세,상해없음
2014022200100441,2014년 2월 22일 20시,토요일,충청남도 논산시 부창동,사망사고,1,0,0,0,차대사람 - 횡단중,안전운전불이행,건조,맑음,단일로 - 기타,승용,남,52세,상해없음,보행자,남,53세,사망
2014022200100442,2014년 2월 22일 20시,토요일,충청남도 홍성군 홍성읍,경상사고,0,0,1,0,차대차 - 추돌 - 진행중,안전운전불이행,건조,맑음,교차로 - 교차로부근,승용,남,32세,상해없음,승용,여,45세,경상
2014022200100469,2014년 2월 22일 21시,토요일,충청남도 서산시 읍내동,중상사고,0,1,0,0,차대사람 - 차도통행중,안전운전불이행,건조,맑음,단일로 - 기타,승용,여,59세,상해없음,보행자,남,31세,중상
2014022200100470,2014년 2월 22일 21시,토요일,충청남도 서산시 동문동,경상사고,0,0,1,0,차대사람 - 보도통행중,기타,건조,맑음,기타 - 기타,승합,남,43세,상해없음,보행자,여,30세,경상
2014022200100471,2014년 2월 22일 21시,토요일,충청남도 당진시 읍내리,경상사고,0,0,1,0,차대차 - 기타,안전운전불이행,건조,맑음,단일로 - 횡단보도부근,승용,남,44세,상해없음,원동기,남,15세,경상
2014022200100530,2014년 2월 22일 23시,토요일,충청남도 천안시 서북구 성환읍,경상사고,0,0,2,0,차대차 - 기타,안전운전불이행,건조,맑음,교차로 - 교차로부근,승용,남,27세,상해없음,승용,여,26세,경상
2014022200100531,2014년 2월 22일 23시,토요일,충청남도 논산시 취암동,경상사고,0,0,1,0,차대사람 - 기타,안전운전불이행,건조,맑음,교차로 - 교차로부근,승용,남,49세,상해없음,보행자,남,28세,경상
2014022200100533,2014년 2월 22일 23시,토요일,충청남도 당진시 원당리,경상사고,0,0,5,0,차대차 - 정면충돌,신호위반,건조,흐림,교차로 - 교차로안,승용,여,54세,경상,승용,남,39세,경상
2014022300100011,2014년 2월 23일 00시,일요일,충청남도 아산시 인주면,경상사고,0,0,2,0,차대차 - 추돌 - 주정차중,안전운전불이행,건조,맑음,교차로 - 교차로부근,승용,남,27세,상해없음,승합,여,38세,경상
2014022300100069,2014년 2월 23일 04시,일요일,충청남도 천안시 서북구 성정동,경상사고,0,0,1,0,차대차 - 기타,안전운전불이행,건조,맑음,기타 - 기타,승용,여,34세,상해없음,화물,남,33세,경상
2014022300100081,2014년 2월 23일 05시,일요일,충청남도 보령시 신흑동,경상사고,0,0,5,0,차대차 - 측면직각충돌,신호위반,건조,맑음,교차로 - 교차로안,승용,남,22세,상해없음,승용,남,21세,경상
2014022300100165,2014년 2월 23일 12시,일요일,충청남도 논산시 강경읍,경상사고,0,0,4,0,차대차 - 측면직각충돌,신호위반,건조,맑음,교차로 - 교차로안,원동기,남,85세,경상,승용,남,37세,경상
2014022300100200,2014년 2월 23일 14시,일요일,충청남도 논산시 내동,중상사고,0,2,1,0,차대차 - 측면직각충돌,신호위반,건조,맑음,교차로 - 교차로안,승용,여,63세,경상,승용,남,60세,중상
2014022300100201,2014년 2월 23일 14시,일요일,충청남도 천안시 동남구 목천읍,경상사고,0,0,2,0,차대차 - 추돌 - 주정차중,안전운전불이행,건조,맑음,단일로 - 기타,승합,남,53세,상해없음,승용,남,36세,경상
2014022300100262,2014년 2월 23일 17시,일요일,충청남도 서산시 부석면,중상사고,0,3,0,0,차대차 - 측면직각충돌,중앙선침범,건조,맑음,단일로 - 기타,화물,남,55세,상해없음,승용,남,26세,중상
2014022300100351,2014년 2월 23일 21시,일요일,충청남도 당진시 수청리,중상사고,0,1,2,0,차대차 - 정면충돌,안전운전불이행,건조,흐림,기타 - 기타,승용,여,44세,상해없음,승합,남,56세,경상
2014022400100007,2014년 2월 24일 00시,월요일,충청남도 태안군 원북면,중상사고,0,1,0,0,차량단독 - 도로외이탈 - 추락,안전운전불이행,건조,맑음,단일로 - 기타,승용,남,32세,중상,,,,
2014022400100026,2014년 2월 24일 02시,월요일,충청남도 천안시 서북구 불당동,경상사고,0,0,1,0,차대차 - 기타,안전운전불이행,건조,맑음,단일로 - 기타,승용,남,48세,상해없음,승용,남,21세,경상
2014022400100048,2014년 2월 24일 05시,월요일,충청남도 태안군 태안읍,경상사고,0,0,1,0,차대차 - 추돌 - 주정차중,안전운전불이행,건조,맑음,교차로 - 교차로부근,승용,남,46세,상해없음,승용,여,43세,경상
2014022400100061,2014년 2월 24일 06시,월요일,충청남도 천안시 서북구 두정동,중상사고,0,1,0,0,차대사람 - 기타,안전운전불이행,건조,맑음,단일로 - 기타,승용,남,64세,상해없음,보행자,여,45세,중상
2014022400100062,2014년 2월 24일 06시,월요일,충청남도 논산시 연무읍,중상사고,0,1,0,0,차대사람 - 차도통행중,안전운전불이행,건조,맑음,교차로 - 교차로부근,승용,남,60세,상해없음,보행자,여,76세,중상
2014022400100108,2014년 2월 24일 08시,월요일,충청남도 서천군 마서면,중상사고,0,1,2,0,차대차 - 추돌 - 진행중,신호위반,건조,맑음,교차로 - 교차로안,승용,여,54세,경상,승용,남,54세,중상
2014022400100177,2014년 2월 24일 11시,월요일,충청남도 서산시 석림동,경상사고,0,0,1,0,차대차 - 측면직각충돌,안전운전불이행,건조,맑음,교차로 - 교차로안,승용,남,50세,상해없음,승용,여,29세,경상
2014022400100231,2014년 2월 24일 13시,월요일,충청남도 공주시 옥룡동,중상사고,0,1,0,0,차대차 - 측면직각충돌,신호위반,건조,맑음,교차로 - 교차로안,이륜,남,75세,기타불명,승용,여,50세,상해없음
2014022400100252,2014년 2월 24일 14시,월요일,충청남도 논산시 연무읍,중상사고,0,1,0,0,차대사람 - 횡단중,안전운전불이행,건조,맑음,단일로 - 기타,승용,남,57세,상해없음,보행자,남,49세,중상
2014022400100330,2014년 2월 24일 17시,월요일,충청남도 천안시 서북구 백석동,사망사고,1,0,0,0,차대사람 - 횡단중,안전운전불이행,건조,맑음,단일로 - 기타,승용,여,46세,상해없음,보행자,남,48세,사망
2014022400100331,2014년 2월 24일 17시,월요일,충청남도 천안시 서북구 직산읍,경상사고,0,0,1,0,차대차 - 측면직각충돌,교차로운행방법위반,건조,맑음,교차로 - 교차로안,승용,여,43세,상해없음,승용,남,27세,경상
2014022400100362,2014년 2월 24일 18시,월요일,충청남도 서천군 종천면,경상사고,0,0,5,0,차대차 - 기타,안전거리미확보,건조,맑음,교차로 - 교차로부근,화물,남,49세,상해없음,승용,남,66세,상해없음
2014022400100363,2014년 2월 24일 18시,월요일,충청남도 보령시 신흑동,경상사고,0,0,1,0,차대사람 - 기타,안전운전불이행,건조,맑음,단일로 - 기타,이륜,남,18세,상해없음,보행자,남,5세,경상
2014022400100364,2014년 2월 24일 18시,월요일,충청남도 공주시 신관동,중상사고,0,1,0,0,차대사람 - 횡단중,안전운전불이행,건조,맑음,단일로 - 기타,승용,여,27세,상해없음,보행자,여,83세,중상
2014022400100401,2014년 2월 24일 19시,월요일,충청남도 천안시 서북구 불당동,중상사고,0,1,0,0,차대차 - 기타,안전운전불이행,건조,맑음,교차로 - 교차로안,승용,남,27세,상해없음,원동기,남,28세,중상
2014022400100402,2014년 2월 24일 19시,월요일,충청남도 아산시 온천동,중상사고,0,1,0,0,차대사람 - 횡단중,안전운전불이행,건조,맑음,교차로 - 교차로부근,승합,남,41세,상해없음,보행자,여,56세,중상
2014022400100403,2014년 2월 24일 19시,월요일,충청남도 아산시 온천동,경상사고,0,0,1,0,차대차 - 추돌 - 주정차중,안전운전불이행,건조,맑음,교차로 - 교차로부근,승용,남,27세,상해없음,승용,여,28세,경상
2014022400100404,2014년 2월 24일 19시,월요일,충청남도 보령시 남곡동,중상사고,0,1,1,0,차대사람 - 길가장자리구역통행중,안전운전불이행,건조,흐림,단일로 - 기타,승용,여,33세,상해없음,보행자,남,51세,중상
2014022400100433,2014년 2월 24일 20시,월요일,충청남도 부여군 홍산면,중상사고,0,1,0,0,차대차 - 추돌 - 진행중,안전운전불이행,건조,맑음,단일로 - 기타,승용,남,40세,상해없음,농기계,남,59세,중상
2014022400100503,2014년 2월 24일 23시,월요일,충청남도 당진시 수청리,경상사고,0,0,1,0,차대차 - 추돌 - 진행중,안전거리미확보,건조,맑음,교차로 - 교차로안,승용,남,27세,상해없음,승용,남,32세,경상
2014022500100071,2014년 2월 25일 06시,화요일,충청남도 천안시 서북구 두정동,중상사고,0,1,0,0,차대차 - 추돌 - 주정차중,안전운전불이행,건조,맑음,교차로 - 교차로부근,화물,남,48세,상해없음,이륜,남,52세,중상
2014022500100126,2014년 2월 25일 09시,화요일,충청남도 예산군 봉산면,중상사고,0,1,1,0,차대차 - 추돌 - 진행중,안전운전불이행,건조,맑음,교차로 - 교차로안,승용,여,46세,경상,화물,남,50세,중상
2014022500100155,2014년 2월 25일 10시,화요일,충청남도 당진시 채운동,중상사고,0,1,0,0,차량단독 - 기타,안전운전불이행,건조,맑음,단일로 - 기타,승합,남,46세,상해없음,,,,
2014022500100235,2014년 2월 25일 14시,화요일,충청남도 아산시 온천동,중상사고,0,1,0,0,차대사람 - 기타,불법유턴,건조,맑음,단일로 - 기타,승용,남,49세,상해없음,보행자,여,74세,중상
2014022500100236,2014년 2월 25일 14시,화요일,충청남도 천안시 동남구 다가동,경상사고,0,0,1,0,차대차 - 추돌 - 주정차중,안전운전불이행,건조,맑음,단일로 - 기타,승용,남,65세,상해없음,화물,남,37세,경상
2014022500100333,2014년 2월 25일 18시,화요일,충청남도 당진시 면천면,사망사고,1,0,0,0,차대차 - 기타,안전운전불이행,건조,맑음,단일로 - 기타,건설기계,남,53세,상해없음,농기계,남,56세,사망
2014022500100391,2014년 2월 25일 20시,화요일,충청남도 계룡시 엄사면,경상사고,0,0,4,0,차대차 - 측면직각충돌,직진우회전진행방해,건조,맑음,교차로 - 교차로안,승용,여,25세,경상,승용,남,65세,경상
2014022500100392,2014년 2월 25일 20시,화요일,충청남도 아산시 방축동,중상사고,0,1,2,0,차대차 - 정면충돌,중앙선침범,건조,맑음,단일로 - 기타,화물,남,58세,중상,승용,남,63세,경상
2014022500100393,2014년 2월 25일 20시,화요일,충청남도 서천군 한산면,경상사고,0,0,1,0,차대사람 - 기타,안전운전불이행,건조,맑음,기타 - 기타,승용,여,42세,상해없음,보행자,남,71세,경상
2014022500100425,2014년 2월 25일 21시,화요일,충청남도 서산시 잠홍동,중상사고,0,1,1,0,차대차 - 추돌 - 주정차중,안전운전불이행,건조,맑음,교차로 - 교차로부근,화물,남,31세,상해없음,승용,남,43세,중상
2014022500100459,2014년 2월 25일 22시,화요일,충청남도 당진시 신평면,중상사고,0,4,0,0,차대차 - 추돌 - 주정차중,안전운전불이행,건조,맑음,교차로 - 교차로부근,승용,남,43세,상해없음,승용,남,45세,중상
2014022600100053,2014년 2월 26일 03시,수요일,충청남도 천안시 서북구 두정동,중상사고,0,1,1,0,차대차 - 측면직각충돌,신호위반,건조,맑음,교차로 - 교차로안,승용,남,46세,상해없음,승용,남,54세,중상
2014022600100101,2014년 2월 26일 07시,수요일,충청남도 천안시 서북구 백석동,경상사고,0,0,5,1,차대차 - 정면충돌,중앙선침범,건조,맑음,단일로 - 기타,승용,남,20세,부상신고,승합,남,51세,상해없음
2014022600100102,2014년 2월 26일 07시,수요일,충청남도 천안시 서북구 성정동,경상사고,0,0,1,0,차대차 - 기타,안전운전불이행,건조,맑음,단일로 - 기타,화물,남,49세,상해없음,승합,남,36세,경상
2014022600100103,2014년 2월 26일 07시,수요일,충청남도 천안시 서북구 성정동,중상사고,0,1,0,0,차대차 - 측면직각충돌,신호위반,건조,맑음,교차로 - 교차로안,특수,남,28세,상해없음,승용,남,52세,중상
2014022600100250,2014년 2월 26일 13시,수요일,충청남도 당진시 합덕읍,경상사고,0,0,1,0,차대차 - 기타,교차로운행방법위반,건조,맑음,교차로 - 교차로부근,승용,남,56세,상해없음,승용,여,43세,경상
2014022600100281,2014년 2월 26일 14시,수요일,충청남도 예산군 응봉면,경상사고,0,0,1,0,차대차 - 측면직각충돌,안전운전불이행,건조,맑음,교차로 - 교차로부근,화물,남,76세,상해없음,승용,남,39세,경상
2014022600100300,2014년 2월 26일 15시,수요일,충청남도 서천군 마서면,경상사고,0,0,3,1,차대차 - 기타,안전운전불이행,건조,맑음,단일로 - 기타,승용,남,69세,부상신고,화물,남,58세,경상
2014022600100301,2014년 2월 26일 15시,수요일,충청남도 부여군 부여읍,중상사고,0,1,0,0,차대차 - 기타,중앙선침범,건조,맑음,단일로 - 기타,이륜,남,77세,중상,승용,여,40세,상해없음
2014022600100352,2014년 2월 26일 17시,수요일,충청남도 서산시 성연면,중상사고,0,1,0,0,차량단독 - 기타,안전운전불이행,건조,맑음,기타 - 기타,승용,남,59세,상해없음,,,,
2014022600100388,2014년 2월 26일 18시,수요일,충청남도 당진시 송악읍,중상사고,0,1,0,0,차대사람 - 기타,안전운전불이행,건조,맑음,기타 - 기타,승용,남,35세,상해없음,보행자,남,42세,중상
2014022600100389,2014년 2월 26일 18시,수요일,충청남도 당진시 송악읍,경상사고,0,0,1,0,차대사람 - 기타,안전운전불이행,건조,흐림,교차로 - 교차로부근,승용,남,41세,상해없음,보행자,남,78세,경상
2014022600100438,2014년 2월 26일 19시,수요일,충청남도 공주시 이인면,중상사고,0,1,0,0,차량단독 - 공작물충돌,안전운전불이행,건조,맑음,단일로 - 기타,승용,남,57세,중상,,,,
2014022600100439,2014년 2월 26일 19시,수요일,충청남도 당진시 송악읍,경상사고,0,0,1,0,차대차 - 기타,중앙선침범,건조,흐림,교차로 - 교차로부근,승용,남,33세,상해없음,승용,남,47세,경상
2014022600100471,2014년 2월 26일 20시,수요일,충청남도 아산시 배방읍,중상사고,0,1,0,0,차대차 - 기타,안전운전불이행,건조,맑음,교차로 - 교차로부근,승용,남,46세,상해없음,이륜,남,26세,중상
2014022600100500,2014년 2월 26일 21시,수요일,충청남도 천안시 서북구 두정동,경상사고,0,0,1,0,차대차 - 측면직각충돌,신호위반,건조,맑음,교차로 - 교차로안,승용,남,39세,상해없음,승용,남,32세,경상
2014022600100501,2014년 2월 26일 21시,수요일,충청남도 천안시 서북구 성정동,경상사고,0,0,1,0,차대차 - 기타,안전운전불이행,건조,맑음,교차로 - 교차로부근,승합,남,44세,상해없음,승용,남,26세,경상
2014022600100502,2014년 2월 26일 21시,수요일,충청남도 아산시 음봉면,중상사고,0,1,0,0,차대차 - 추돌 - 진행중,안전운전불이행,건조,맑음,교차로 - 교차로부근,승용,남,72세,상해없음,승용,남,43세,중상
2014022600100503,2014년 2월 26일 21시,수요일,충청남도 당진시 읍내리,경상사고,0,0,1,0,차대차 - 기타,안전운전불이행,건조,흐림,교차로 - 교차로부근,승용,남,50세,상해없음,승용,남,23세,상해없음
2014022700100034,2014년 2월 27일 01시,목요일,충청남도 아산시 염치읍,경상사고,0,0,1,0,차대차 - 정면충돌,중앙선침범,건조,맑음,단일로 - 기타,승용,남,67세,상해없음,화물,남,37세,경상
2014022700100068,2014년 2월 27일 04시,목요일,충청남도 천안시 서북구 두정동,경상사고,0,0,2,0,차대차 - 측면직각충돌,신호위반,건조,기타,교차로 - 교차로안,승용,남,23세,상해없음,승용,남,27세,경상
2014022700100090,2014년 2월 27일 06시,목요일,충청남도 서산시 대산읍,경상사고,0,0,2,0,차대차 - 추돌 - 진행중,안전운전불이행,건조,맑음,단일로 - 기타,화물,남,47세,상해없음,승용,남,28세,상해없음
2014022700100103,2014년 2월 27일 07시,목요일,충청남도 공주시 소학동,중상사고,0,2,0,0,차대차 - 기타,신호위반,건조,맑음,교차로 - 교차로안,화물,여,31세,상해없음,승용,여,58세,중상
2014022700100133,2014년 2월 27일 08시,목요일,충청남도 논산시 양촌면,중상사고,0,1,0,0,차대사람 - 횡단중,안전운전불이행,건조,맑음,교차로 - 교차로안,화물,남,28세,상해없음,보행자,여,기타불명,중상
2014022700100178,2014년 2월 27일 10시,목요일,충청남도 천안시 동남구 영성동,경상사고,0,0,1,0,차대사람 - 기타,안전운전불이행,건조,맑음,단일로 - 기타,승용,여,41세,상해없음,보행자,남,57세,경상
2014022700100204,2014년 2월 27일 11시,목요일,충청남도 천안시 동남구 청수동,중상사고,0,2,0,0,차대차 - 측면직각충돌,안전운전불이행,건조,맑음,교차로 - 교차로안,화물,남,60세,상해없음,이륜,남,75세,중상
2014022700100205,2014년 2월 27일 11시,목요일,충청남도 천안시 동남구 신부동,경상사고,0,0,1,0,차대사람 - 횡단중,보행자보호의무위반,건조,맑음,교차로 - 교차로안,승용,남,31세,상해없음,보행자,남,21세,경상
2014022700100268,2014년 2월 27일 14시,목요일,충청남도 서천군 마서면,부상신고사고,0,0,0,1,차대차 - 기타,안전거리미확보,건조,맑음,단일로 - 기타,원동기,남,69세,부상신고,화물,남,53세,상해없음
2014022700100294,2014년 2월 27일 15시,목요일,충청남도 태안군 태안읍,부상신고사고,0,0,0,1,차대차 - 측면직각충돌,교차로운행방법위반,건조,맑음,교차로 - 교차로안,이륜,남,34세,부상신고,승합,남,62세,상해없음
2014022700100321,2014년 2월 27일 16시,목요일,충청남도 서산시 예천동,중상사고,0,1,0,0,차대차 - 측면직각충돌,교차로운행방법위반,건조,맑음,교차로 - 교차로부근,승용,여,57세,중상,승합,남,39세,상해없음