사고번호,사고일시,요일,시군구,사고내용,사망자수,중상자수,경상자수,부상신고자수,사고유형,법규위반,노면상태,기상상태,도로형태,가해운전자 차종,가해운전자 성별,가해운전자 연령,가해운전자 상해정도,피해운전자 차종,피해운전자 성별,피해운전자 연령,피해운전자 상해정도
2014030600100154,2014년 3월 6일 09시,목요일,충청남도 보령시 오천면,중상사고,0,1,1,0,차대차 - 기타,안전운전불이행,건조,맑음,교차로 - 교차로안,화물,여,57세,경상,화물,여,55세,중상
2014030600100155,2014년 3월 6일 09시,목요일,충청남도 부여군 충화면,중상사고,0,1,0,0,차대차 - 기타,교차로운행방법위반,건조,맑음,교차로 - 교차로안,화물,남,69세,상해없음,이륜,남,62세,중상
2014030600100176,2014년 3월 6일 10시,목요일,충청남도 천안시 동남구 광덕면,중상사고,0,3,13,0,차대차 - 추돌 - 진행중,안전운전불이행,건조,맑음,단일로 - 기타,승합,남,50세,상해없음,승합,남,61세,경상
2014030600100224,2014년 3월 6일 12시,목요일,충청남도 당진시 읍내리,경상사고,0,0,1,0,차대사람 - 기타,안전운전불이행,건조,맑음,교차로 - 교차로부근,화물,남,52세,상해없음,보행자,여,77세,경상
2014030600100248,2014년 3월 6일 13시,목요일,충청남도 서산시 성연면,경상사고,0,0,2,0,차대차 - 추돌 - 진행중,안전운전불이행,건조,맑음,교차로 - 교차로부근,승용,남,32세,상해없음,승용,남,49세,경상
2014030600100249,2014년 3월 6일 13시,목요일,충청남도 논산시 가야곡면,중상사고,0,1,1,0,차량단독 - 공작물충돌,안전운전불이행,건조,맑음,단일로 - 기타,화물,남,77세,경상,,,,
2014030600100250,2014년 3월 6일 13시,목요일,충청남도 홍성군 홍북면,중상사고,0,1,1,0,차대차 - 기타,교차로운행방법위반,건조,맑음,교차로 - 교차로안,승용,남,55세,상해없음,화물,남,33세,경상
2014030600100251,2014년 3월 6일 13시,목요일,충청남도 천안시 동남구 영성동,중상사고,0,2,1,0,차대차 - 정면충돌,중앙선침범,건조,맑음,미분류 - 미분류,승용,남,27세,상해없음,승용,여,49세,중상
2014030600100269,2014년 3월 6일 14시,목요일,충청남도 태안군 안면읍,중상사고,0,1,0,0,차량단독 - 전도전복,안전운전불이행,건조,맑음,단일로 - 기타,승용,남,24세,중상,,,,
2014030600100270,2014년 3월 6일 14시,목요일,충청남도 공주시 송선동,중상사고,0,2,0,0,차대차 - 추돌 - 진행중,안전운전불이행,건조,맑음,교차로 - 교차로안,승용,남,57세,기타불명,승용,남,29세,기타불명
2014030600100271,2014년 3월 6일 14시,목요일,충청남도 천안시 동남구 신방동,중상사고,0,1,1,0,차대차 - 기타,교차로운행방법위반,건조,맑음,교차로 - 교차로안,화물,남,62세,경상,승용,여,56세,중상
2014030600100301,2014년 3월 6일 15시,목요일,충청남도 천안시 서북구 성정동,경상사고,0,0,1,0,차대차 - 기타,교차로운행방법위반,건조,맑음,교차로 - 교차로안,화물,남,64세,상해없음,승용,여,55세,경상
2014030600100302,2014년 3월 6일 15시,목요일,충청남도 보령시 남포면,중상사고,0,1,1,0,차대차 - 측면직각충돌,직진우회전진행방해,건조,맑음,교차로 - 교차로안,승용,남,57세,경상,화물,남,40세,중상
2014030600100334,2014년 3월 6일 16시,목요일,충청남도 아산시 배방읍,경상사고,0,0,1,0,차대차 - 측면직각충돌,신호위반,건조,맑음,교차로 - 교차로안,화물,남,29세,상해없음,승용,여,33세,경상
2014030600100335,2014년 3월 6일 16시,목요일,충청남도 천안시 동남구 봉명동,중상사고,0,1,0,0,차대사람 - 기타,안전운전불이행,건조,맑음,단일로 - 기타,화물,남,48세,상해없음,보행자,남,83세,중상
2014030600100410,2014년 3월 6일 19시,목요일,충청남도 태안군 태안읍,중상사고,0,1,0,0,차대차 - 정면충돌,중앙선침범,건조,맑음,단일로 - 기타,이륜,남,67세,중상,승용,여,32세,상해없음
2014030600100411,2014년 3월 6일 19시,목요일,충청남도 보령시 대천동,경상사고,0,0,3,0,차대차 - 추돌 - 진행중,안전거리미확보,건조,맑음,단일로 - 기타,승용,남,42세,상해없음,승용,남,34세,경상
2014030600100438,2014년 3월 6일 20시,목요일,충청남도 천안시 서북구 성정동,경상사고,0,0,2,0,차대차 - 기타,교차로운행방법위반,건조,맑음,교차로 - 교차로안,이륜,남,28세,경상,승용,여,23세,경상
2014030600100519,2014년 3월 6일 23시,목요일,충청남도 논산시 취암동,중상사고,0,1,0,0,차대차 - 측면직각충돌,교차로운행방법위반,건조,맑음,교차로 - 교차로안,승합,남,51세,상해없음,승용,여,41세,중상
2014030700100086,2014년 3월 7일 07시,금요일,충청남도 천안시 서북구 성성동,경상사고,0,0,1,0,차대차 - 추돌 - 진행중,안전운전불이행,건조,맑음,단일로 - 기타,승용,남,55세,상해없음,승용,남,29세,경상
2014030700100127,2014년 3월 7일 08시,금요일,충청남도 당진시 채운동,경상사고,0,0,2,0,차대차 - 측면직각충돌,신호위반,건조,맑음,교차로 - 교차로안,승용,여,24세,경상,화물,남,29세,경상
2014030700100128,2014년 3월 7일 08시,금요일,충청남도 천안시 동남구 안서동,중상사고,0,1,0,0,차대차 - 추돌 - 진행중,안전운전불이행,건조,맑음,단일로 - 기타,승용,남,34세,상해없음,승용,여,50세,중상
2014030700100157,2014년 3월 7일 09시,금요일,충청남도 예산군 덕산면,경상사고,0,0,1,0,차대사람 - 기타,불법유턴,건조,맑음,단일로 - 기타,승용,여,35세,상해없음,보행자,여,76세,경상
2014030700100182,2014년 3월 7일 10시,금요일,충청남도 당진시 고대면,사망사고,1,0,0,0,차량단독 - 전도전복,안전운전불이행,건조,맑음,단일로 - 기타,승용,남,76세,사망,,,,
2014030700100205,2014년 3월 7일 11시,금요일,충청남도 서산시 예천동,중상사고,0,1,0,0,차대차 - 기타,안전운전불이행,건조,맑음,교차로 - 교차로부근,화물,남,54세,상해없음,승용,남,53세,상해없음
2014030700100230,2014년 3월 7일 12시,금요일,충청남도 당진시 순성면,중상사고,0,1,0,0,차대차 - 기타,중앙선침범,건조,맑음,기타 - 기타,화물,남,54세,기타불명,이륜,남,75세,중상
2014030700100252,2014년 3월 7일 13시,금요일,충청남도 천안시 서북구 성거읍,경상사고,0,0,3,0,차대차 - 기타,신호위반,건조,맑음,교차로 - 교차로안,승용,남,60세,상해없음,승합,남,53세,경상
2014030700100276,2014년 3월 7일 14시,금요일,충청남도 논산시 취암동,경상사고,0,0,1,0,차대차 - 측면직각충돌,안전운전불이행,건조,맑음,단일로 - 기타,화물,남,43세,상해없음,승용,남,31세,경상
2014030700100297,2014년 3월 7일 15시,금요일,충청남도 아산시 신창면,사망사고,2,0,0,0,차량단독 - 전도전복,안전운전불이행,건조,맑음,단일로 - 기타,승용,여,32세,기타불명,,,,
2014030700100298,2014년 3월 7일 15시,금요일,충청남도 천안시 동남구 유량동,사망사고,1,0,0,0,차대사람 - 횡단중,안전운전불이행,건조,맑음,교차로 - 교차로안,승용,남,55세,상해없음,보행자,남,82세,사망
2014030700100353,2014년 3월 7일 17시,금요일,충청남도 천안시 서북구 불당동,중상사고,0,1,0,0,차대차 - 기타,신호위반,건조,맑음,교차로 - 교차로안,승합,남,54세,상해없음,승용,여,45세,중상
2014030700100387,2014년 3월 7일 18시,금요일,충청남도 서산시 석림동,중상사고,0,2,2,0,차대차 - 기타,신호위반,건조,맑음,교차로 - 교차로안,승용,남,47세,상해없음,승용,남,37세,중상
2014030700100388,2014년 3월 7일 18시,금요일,충청남도 태안군 이원면,중상사고,0,1,0,0,차량단독 - 도로외이탈 - 추락,안전운전불이행,건조,맑음,교차로 - 교차로부근,이륜,여,70세,중상,,,,
2014030700100423,2014년 3월 7일 19시,금요일,충청남도 천안시 서북구 성정동,경상사고,0,0,2,0,차대차 - 기타,안전운전불이행,건조,맑음,단일로 - 기타,승용,남,47세,상해없음,승용,남,33세,경상
2014030700100424,2014년 3월 7일 19시,금요일,충청남도 천안시 서북구 백석동,경상사고,0,0,1,0,차대차 - 추돌 - 주정차중,안전운전불이행,건조,기타,단일로 - 기타,승용,남,58세,상해없음,화물,남,39세,경상
2014030700100425,2014년 3월 7일 19시,금요일,충청남도 당진시 신평면,중상사고,0,1,0,0,차대사람 - 길가장자리구역통행중,안전운전불이행,습기,흐림,기타 - 기타,화물,남,66세,상해없음,보행자,남,79세,중상
2014030700100426,2014년 3월 7일 19시,금요일,충청남도 천안시 동남구 신방동,중상사고,0,2,0,0,차대차 - 추돌 - 주정차중,안전운전불이행,건조,맑음,단일로 - 기타,승용,남,52세,상해없음,승용,남,24세,중상
2014030700100459,2014년 3월 7일 20시,금요일,충청남도 논산시 취암동,중상사고,0,1,0,0,차대차 - 측면직각충돌,교차로운행방법위반,건조,맑음,교차로 - 교차로안,승용,남,43세,상해없음,이륜,남,17세,중상
2014030700100460,2014년 3월 7일 20시,금요일,충청남도 보령시 대천동,경상사고,0,0,1,0,차대차 - 추돌 - 주정차중,안전운전불이행,건조,맑음,단일로 - 기타,승용,남,43세,기타불명,승용,남,63세,경상
2014030700100461,2014년 3월 7일 20시,금요일,충청남도 보령시 남포면,경상사고,0,0,1,0,차대차 - 추돌 - 진행중,안전운전불이행,건조,맑음,단일로 - 기타,승용,남,56세,상해없음,승용,남,67세,경상
2014030800100019,2014년 3월 8일 00시,토요일,충청남도 천안시 서북구 불당동,경상사고,0,0,1,1,차대차 - 측면직각충돌,신호위반,건조,맑음,교차로 - 교차로안,승용,남,48세,부상신고,승용,남,28세,경상
2014030800100063,2014년 3월 8일 02시,토요일,충청남도 예산군 고덕면,경상사고,0,0,1,0,차대사람 - 기타,안전운전불이행,건조,맑음,교차로 - 교차로부근,승용,남,30세,상해없음,보행자,남,27세,경상
2014030800100076,2014년 3월 8일 03시,토요일,충청남도 천안시 서북구 두정동,중상사고,0,1,0,0,차대차 - 기타,신호위반,건조,맑음,교차로 - 교차로안,승용,여,33세,상해없음,승용,남,34세,중상
2014030800100100,2014년 3월 8일 05시,토요일,충청남도 태안군 안면읍,사망사고,2,0,0,0,차량단독 - 공작물충돌,안전운전불이행,건조,맑음,교차로 - 교차로부근,승용,여,25세,사망,,,,
2014030800100101,2014년 3월 8일 05시,토요일,충청남도 서산시 부석면,중상사고,0,1,0,0,차량단독 - 공작물충돌,안전운전불이행,건조,맑음,단일로 - 기타,승용,남,23세,중상,,,,
2014030800100128,2014년 3월 8일 07시,토요일,충청남도 천안시 서북구 차암동,중상사고,0,1,0,0,차대사람 - 기타,안전운전불이행,건조,맑음,단일로 - 기타,승용,남,49세,상해없음,보행자,여,69세,중상
2014030800100143,2014년 3월 8일 08시,토요일,충청남도 보령시 남곡동,경상사고,0,0,2,0,차대차 - 기타,기타,건조,맑음,단일로 - 기타,화물,남,51세,상해없음,승용,여,36세,경상
2014030800100183,2014년 3월 8일 10시,토요일,충청남도 천안시 동남구 신방동,경상사고,0,0,6,0,차대차 - 기타,신호위반,건조,맑음,교차로 - 교차로안,승용,남,71세,경상,화물,남,47세,경상
2014030800100207,2014년 3월 8일 11시,토요일,충청남도 당진시 신평면,중상사고,0,2,1,0,차대차 - 측면직각충돌,안전운전불이행,건조,맑음,교차로 - 교차로안,승용,여,44세,중상,승용,남,32세,상해없음
2014030800100260,2014년 3월 8일 13시,토요일,충청남도 천안시 동남구 동면,경상사고,0,0,1,0,차대차 - 기타,안전운전불이행,건조,맑음,단일로 - 기타,승용,남,50세,상해없음,이륜,남,46세,경상
2014030800100292,2014년 3월 8일 14시,토요일,충청남도 아산시 용화동,부상신고사고,0,0,0,1,차대차 - 기타,안전운전불이행,건조,맑음,교차로 - 교차로안,승용,남,43세,상해없음,원동기,남,22세,부상신고
2014030800100315,2014년 3월 8일 15시,토요일,충청남도 아산시 신창면,경상사고,0,0,1,0,차대차 - 기타,안전운전불이행,건조,맑음,교차로 - 교차로안,승용,남,59세,상해없음,승용,여,26세,경상
2014030800100390,2014년 3월 8일 18시,토요일,충청남도 천안시 서북구 성정동,중상사고,0,1,0,0,차대사람 - 기타,안전운전불이행,건조,맑음,단일로 - 기타,승용,남,47세,상해없음,보행자,여,33세,중상
2014030800100391,2014년 3월 8일 18시,토요일,충청남도 보령시 웅천읍,경상사고,0,0,3,0,차대차 - 추돌 - 진행중,기타,건조,맑음,교차로 - 교차로부근,승용,여,43세,경상,승합,남,56세,경상
2014030800100392,2014년 3월 8일 18시,토요일,충청남도 천안시 동남구 삼룡동,경상사고,0,0,2,0,차대차 - 기타,안전운전불이행,건조,맑음,교차로 - 교차로안,승용,남,55세,상해없음,승용,남,39세,경상
2014030800100475,2014년 3월 8일 20시,토요일,충청남도 아산시 신창면,사망사고,1,0,1,0,차대차 - 정면충돌,중앙선침범,건조,맑음,기타 - 기타,승용,남,63세,사망,화물,남,38세,경상
2014030800100476,2014년 3월 8일 20시,토요일,충청남도 보령시 대천동,경상사고,0,0,1,0,차대사람 - 길가장자리구역통행중,안전운전불이행,건조,흐림,단일로 - 기타,화물,남,47세,상해없음,보행자,남,42세,경상
2014030800100535,2014년 3월 8일 22시,토요일,충청남도 천안시 서북구 불당동,중상사고,0,1,2,0,차대차 - 정면충돌,신호위반,건조,맑음,교차로 - 교차로안,승용,남,54세,경상,승용,남,47세,경상
2014030800100561,2014년 3월 8일 23시,토요일,충청남도 보령시 동대동,중상사고,0,1,0,0,차대차 - 추돌 - 진행중,불법유턴,건조,맑음,단일로 - 기타,승용,남,23세,기타불명,이륜,남,19세,중상
2014030900100014,2014년 3월 9일 00시,일요일,충청남도 보령시 신흑동,중상사고,0,5,3,0,차대차 - 추돌 - 진행중,직진우회전진행방해,습기,비,교차로 - 교차로안,승용,남,21세,경상,승용,남,35세,상해없음
2014030900100016,2014년 3월 9일 00시,일요일,충청남도 보령시 주교면,경상사고,0,0,1,0,차량단독 - 기타,안전운전불이행,건조,맑음,단일로 - 기타,승용,남,47세,경상,,,,
2014030900100042,2014년 3월 9일 01시,일요일,충청남도 천안시 서북구 성정동,경상사고,0,0,2,0,차대차 - 기타,신호위반,건조,맑음,교차로 - 교차로안,승용,남,63세,상해없음,승용,남,56세,경상
2014030900100043,2014년 3월 9일 01시,일요일,충청남도 아산시 온천동,중상사고,0,1,0,0,차대사람 - 기타,보행자보호의무위반,건조,흐림,기타 - 기타,승합,남,37세,상해없음,보행자,남,40세,중상
2014030900100062,2014년 3월 9일 02시,일요일,충청남도 홍성군 홍성읍,경상사고,0,0,1,0,차대차 - 정면충돌,중앙선침범,습기,비,교차로 - 교차로부근,승용,남,49세,상해없음,화물,남,32세,경상
2014030900100119,2014년 3월 9일 06시,일요일,충청남도 천안시 서북구 성정동,경상사고,0,0,2,0,차대차 - 추돌 - 주정차중,안전운전불이행,습기,비,교차로 - 교차로부근,승용,여,27세,상해없음,승용,남,29세,경상
2014030900100168,2014년 3월 9일 10시,일요일,충청남도 천안시 동남구 원성동,중상사고,0,1,2,0,차대차 - 기타,신호위반,건조,맑음,교차로 - 교차로안,승용,남,21세,상해없음,화물,남,49세,중상
2014030900100186,2014년 3월 9일 11시,일요일,충청남도 청양군 남양면,중상사고,0,2,2,0,차대차 - 측면직각충돌,직진우회전진행방해,건조,맑음,교차로 - 교차로안,승용,여,23세,경상,승용,남,58세,상해없음
2014030900100206,2014년 3월 9일 12시,일요일,충청남도 당진시 송악읍,중상사고,0,1,2,0,차대차 - 측면직각충돌,안전거리미확보,건조,맑음,단일로 - 기타,승용,남,50세,상해없음,승용,남,39세,경상
2014030900100242,2014년 3월 9일 14시,일요일,충청남도 보령시 주산면,중상사고,0,2,0,0,차대차 - 기타,기타,건조,맑음,교차로 - 교차로안,승용,남,36세,중상,화물,남,65세,상해없음
2014030900100272,2014년 3월 9일 15시,일요일,충청남도 서산시 해미면,중상사고,0,1,0,0,차대차 - 측면직각충돌,안전운전불이행,건조,맑음,단일로 - 기타,농기계,남,69세,중상,승용,남,50세,상해없음
2014030900100273,2014년 3월 9일 15시,일요일,충청남도 천안시 서북구 쌍용동,중상사고,0,1,0,0,차대사람 - 기타,안전운전불이행,건조,맑음,교차로 - 교차로안,승합,남,47세,상해없음,보행자,여,75세,중상
2014030900100274,2014년 3월 9일 15시,일요일,충청남도 아산시 인주면,중상사고,0,1,0,0,차대차 - 정면충돌,중앙선침범,건조,맑음,단일로 - 기타,승용,남,53세,상해없음,승용,남,42세,상해없음
2014030900100303,2014년 3월 9일 16시,일요일,충청남도 금산군 진산면,경상사고,0,0,1,0,차대차 - 기타,교차로운행방법위반,건조,맑음,교차로 - 교차로안,승용,여,56세,상해없음,이륜,남,46세,경상
2014030900100327,2014년 3월 9일 17시,일요일,충청남도 당진시 채운동,경상사고,0,0,4,0,차대차 - 추돌 - 주정차중,안전운전불이행,건조,맑음,단일로 - 기타,화물,남,64세,상해없음,승용,남,39세,경상
2014030900100359,2014년 3월 9일 18시,일요일,충청남도 논산시 은진면,중상사고,0,3,0,0,차대차 - 추돌 - 진행중,안전운전불이행,건조,맑음,단일로 - 기타,승용,남,58세,상해없음,화물,남,55세,중상
2014030900100360,2014년 3월 9일 18시,일요일,충청남도 당진시 면천면,중상사고,0,1,1,0,차대차 - 측면직각충돌,안전운전불이행,건조,맑음,단일로 - 기타,승용,남,64세,상해없음,승합,남,63세,경상
2014030900100385,2014년 3월 9일 19시,일요일,충청남도 천안시 서북구 두정동,경상사고,0,0,1,0,차대차 - 추돌 - 주정차중,안전운전불이행,건조,맑음,교차로 - 교차로부근,승용,남,54세,상해없음,화물,남,44세,경상
2014031000100016,2014년 3월 10일 01시,월요일,충청남도 천안시 동남구 신부동,경상사고,0,0,1,0,차대사람 - 기타,안전운전불이행,건조,맑음,단일로 - 기타,이륜,남,29세,상해없음,보행자,남,22세,경상
2014031000100031,2014년 3월 10일 02시,월요일,충청남도 홍성군 홍성읍,사망사고,1,0,0,0,차량단독 - 기타,안전운전불이행,건조,맑음,단일로 - 기타,승용,남,21세,사망,,,,
2014031000100090,2014년 3월 10일 07시,월요일,충청남도 당진시 채운동,경상사고,0,0,1,0,차대차 - 추돌 - 진행중,안전운전불이행,건조,맑음,단일로 - 기타,화물,남,60세,상해없음,승용,남,56세,경상
2014031000100119,2014년 3월 10일 08시,월요일,충청남도 태안군 태안읍,중상사고,0,1,1,0,차대차 - 기타,신호위반,건조,맑음,교차로 - 교차로안,승용,남,27세,상해없음,승용,남,52세,경상
2014031000100120,2014년 3월 10일 08시,월요일,충청남도 논산시 강경읍,중상사고,0,1,0,0,차대차 - 측면직각충돌,기타,건조,맑음,교차로 - 교차로안,승용,남,49세,상해없음,승용,여,37세,중상
2014031000100163,2014년 3월 10일 09시,월요일,충청남도 청양군 청양읍,중상사고,0,1,0,0,차대차 - 측면직각충돌,안전운전불이행,건조,맑음,단일로 - 기타,이륜,남,72세,중상,농기계,남,55세,상해없음
2014031000100191,2014년 3월 10일 10시,월요일,충청남도 천안시 서북구 두정동,경상사고,0,0,1,0,차대차 - 기타,안전거리미확보,건조,맑음,단일로 - 기타,화물,남,66세,기타불명,승용,남,49세,경상
2014031000100192,2014년 3월 10일 10시,월요일,충청남도 금산군 금산읍,중상사고,0,1,3,0,차대차 - 기타,교차로운행방법위반,건조,맑음,교차로 - 교차로안,승용,여,63세,상해없음,이륜,남,71세,중상
2014031000100242,2014년 3월 10일 12시,월요일,충청남도 서산시 운산면,경상사고,0,0,1,0,차대차 - 추돌 - 진행중,안전운전불이행,건조,맑음,단일로 - 기타,이륜,남,74세,경상,승용,남,48세,상해없음
2014031000100243,2014년 3월 10일 12시,월요일,충청남도 보령시 주교면,중상사고,0,1,0,0,차대차 - 측면직각충돌,중앙선침범,건조,맑음,단일로 - 기타,승용,남,68세,상해없음,이륜,남,78세,중상
2014031000100272,2014년 3월 10일 13시,월요일,충청남도 홍성군 장곡면,경상사고,0,0,1,0,차대차 - 추돌 - 진행중,안전운전불이행,건조,맑음,단일로 - 기타,화물,남,47세,상해없음,원동기,남,79세,경상
2014031000100303,2014년 3월 10일 14시,월요일,충청남도 천안시 서북구 백석동,중상사고,0,1,0,0,차대차 - 정면충돌,안전운전불이행,건조,맑음,단일로 - 기타,승용,남,42세,상해없음,화물,남,47세,중상
2014031000100330,2014년 3월 10일 15시,월요일,충청남도 서산시 예천동,경상사고,0,0,2,0,차대차 - 측면직각충돌,안전운전불이행,건조,맑음,단일로 - 기타,이륜,남,27세,경상,이륜,남,33세,경상
2014031000100331,2014년 3월 10일 15시,월요일,충청남도 예산군 오가면,중상사고,0,2,0,0,차대차 - 측면직각충돌,안전운전불이행,건조,맑음,단일로 - 기타,화물,남,65세,상해없음,승합,남,54세,중상
2014031000100363,2014년 3월 10일 16시,월요일,충청남도 홍성군 광천읍,중상사고,0,1,0,0,차대사람 - 횡단중,안전운전불이행,건조,맑음,단일로 - 기타,승용,남,53세,상해없음,보행자,여,60세,중상
2014031000100364,2014년 3월 10일 16시,월요일,충청남도 금산군 군북면,경상사고,0,0,1,0,차대차 - 기타,신호위반,건조,맑음,교차로 - 교차로안,건설기계,남,55세,상해없음,화물,남,52세,경상
2014031000100365,2014년 3월 10일 16시,월요일,충청남도 천안시 동남구 신부동,경상사고,0,0,1,0,차대차 - 기타,직진우회전진행방해,건조,맑음,교차로 - 교차로안,화물,남,49세,상해없음,승합,남,46세,경상
2014031000100398,2014년 3월 10일 17시,월요일,충청남도 부여군 부여읍,중상사고,0,1,0,0,차대사람 - 기타,안전운전불이행,건조,맑음,단일로 - 기타,승용,남,75세,상해없음,보행자,남,81세,중상
2014031000100441,2014년 3월 10일 18시,월요일,충청남도 당진시 채운동,중상사고,0,1,0,0,차대사람 - 기타,안전운전불이행,건조,맑음,교차로 - 교차로부근,승용,남,48세,상해없음,보행자,남,71세,중상
2014031000100442,2014년 3월 10일 18시,월요일,충청남도 천안시 동남구 청당동,부상신고사고,0,0,0,1,차대차 - 측면직각충돌,안전운전불이행,건조,맑음,교차로 - 교차로부근,기타불명,기타불명,기타불명,기타불명,승합,남,39세,부상신고
2014031000100487,2014년 3월 10일 19시,월요일,충청남도 계룡시 두마면,중상사고,0,1,0,0,차대사람 - 횡단중,신호위반,건조,맑음,교차로 - 교차로부근,승용,남,39세,상해없음,보행자,여,25세,중상
2014031000100553,2014년 3월 10일 21시,월요일,충청남도 예산군 예산읍,중상사고,0,1,0,0,차대차 - 측면직각충돌,신호위반,습기,흐림,교차로 - 교차로안,승용,남,58세,기타불명,승용,남,68세,중상
2014031000100614,2014년 3월 10일 23시,월요일,충청남도 보령시 웅천읍,경상사고,0,0,2,0,차대차 - 측면직각충돌,중앙선침범,건조,맑음,단일로 - 기타,승용,남,51세,상해없음,승용,여,28세,경상
2014031000100615,2014년 3월 10일 23시,월요일,충청남도 예산군 응봉면,사망사고,1,0,0,0,차량단독 - 공작물충돌,안전운전불이행,건조,맑음,단일로 - 기타,화물,남,55세,사망,,,,
2014031100100050,2014년 3월 11일 05시,화요일,충청남도 천안시 동남구 신방동,경상사고,0,0,1,0,차대사람 - 횡단중,신호위반,건조,맑음,교차로 - 교차로안,승용,남,33세,상해없음,보행자,여,34세,경상
2014031100100060,2014년 3월 11일 06시,화요일,충청남도 서천군 서천읍,중상사고,0,1,1,0,차대차 - 기타,신호위반,건조,맑음,교차로 - 교차로안,승용,남,69세,중상,화물,남,31세,상해없음
2014031100100080,2014년 3월 11일 07시,화요일,충청남도 논산시 연무읍,경상사고,0,0,1,0,차대사람 - 횡단중,안전운전불이행,건조,맑음,단일로 - 기타,승용,남,28세,상해없음,보행자,여,13세,경상
2014031100100081,2014년 3월 11일 07시,화요일,충청남도 당진시 순성면,중상사고,0,1,0,0,차대차 - 기타,중앙선침범,건조,맑음,기타 - 기타,승용,여,25세,기타불명,승용,여,56세,중상
2014031100100116,2014년 3월 11일 08시,화요일,충청남도 천안시 서북구 백석동,경상사고,0,0,2,0,차대차 - 기타,안전거리미확보,건조,맑음,교차로 - 교차로부근,승용,여,27세,상해없음,승용,여,25세,경상
2014031100100144,2014년 3월 11일 09시,화요일,충청남도 서산시 석남동,중상사고,0,2,0,0,차대차 - 측면직각충돌,신호위반,건조,맑음,교차로 - 교차로안,화물,남,37세,상해없음,승용,여,22세,중상
2014031100100145,2014년 3월 11일 09시,화요일,충청남도 아산시 배방읍,경상사고,0,0,1,0,차대사람 - 기타,안전운전불이행,습기,맑음,교차로 - 교차로안,승용,남,34세,상해없음,보행자,남,39세,경상
2014031100100167,2014년 3월 11일 10시,화요일,충청남도 서천군 서천읍,경상사고,0,0,1,0,차대차 - 기타,중앙선침범,건조,맑음,단일로 - 기타,화물,남,64세,상해없음,승용,남,47세,경상
2014031100100183,2014년 3월 11일 11시,화요일,충청남도 보령시 대천동,경상사고,0,0,1,0,차대사람 - 기타,안전운전불이행,건조,맑음,단일로 - 기타,승용,여,41세,상해없음,보행자,남,71세,경상
2014031100100184,2014년 3월 11일 11시,화요일,충청남도 부여군 홍산면,경상사고,0,0,1,0,차대차 - 기타,안전운전불이행,건조,맑음,교차로 - 교차로부근,승합,남,63세,상해없음,이륜,남,79세,경상
2014031100100185,2014년 3월 11일 11시,화요일,충청남도 천안시 동남구 구성동,경상사고,0,0,2,0,차대차 - 추돌 - 주정차중,안전운전불이행,건조,맑음,단일로 - 기타,화물,남,57세,상해없음,화물,남,60세,경상
2014031100100209,2014년 3월 11일 12시,화요일,충청남도 천안시 서북구 백석동,중상사고,0,1,0,0,차대차 - 기타,불법유턴,건조,맑음,교차로 - 교차로부근,화물,남,29세,상해없음,화물,남,21세,중상
2014031100100210,2014년 3월 11일 12시,화요일,충청남도 천안시 서북구 두정동,중상사고,0,2,0,0,차대차 - 기타,신호위반,건조,맑음,단일로 - 기타,승용,남,67세,상해없음,승용,남,59세,중상
2014031100100211,2014년 3월 11일 12시,화요일,충청남도 홍성군 홍성읍,경상사고,0,0,1,0,차대차 - 기타,안전운전불이행,건조,맑음,단일로 - 기타,화물,남,44세,상해없음,화물,남,35세,경상
2014031100100238,2014년 3월 11일 13시,화요일,충청남도 홍성군 홍성읍,중상사고,0,1,0,0,차대차 - 기타,교차로운행방법위반,건조,맑음,교차로 - 교차로안,승용,남,35세,상해없음,이륜,남,62세,중상
2014031100100266,2014년 3월 11일 14시,화요일,충청남도 천안시 서북구 백석동,경상사고,0,0,1,0,차대차 - 기타,안전운전불이행,건조,맑음,단일로 - 기타,승용,남,39세,상해없음,승용,여,43세,경상
2014031100100267,2014년 3월 11일 14시,화요일,충청남도 보령시 명천동,경상사고,0,0,1,0,차대차 - 기타,안전운전불이행,건조,맑음,단일로 - 기타,화물,남,64세,상해없음,승용,여,37세,경상
2014031100100268,2014년 3월 11일 14시,화요일,충청남도 당진시 순성면,중상사고,0,1,0,0,차대차 - 측면직각충돌,교차로운행방법위반,건조,맑음,교차로 - 교차로안,승용,여,50세,상해없음,승용,남,76세,중상
2014031100100299,2014년 3월 11일 15시,화요일,충청남도 천안시 동남구 신방동,중상사고,0,1,0,0,차대사람 - 횡단중,안전운전불이행,건조,맑음,단일로 - 기타,승용,여,53세,상해없음,보행자,남,6세,중상
2014031100100326,2014년 3월 11일 16시,화요일,충청남도 논산시 가야곡면,중상사고,0,2,0,0,차대차 - 정면충돌,중앙선침범,건조,맑음,단일로 - 기타,승용,남,74세,상해없음,승용,남,53세,중상
2014031100100327,2014년 3월 11일 16시,화요일,충청남도 서천군 서천읍,중상사고,0,1,0,0,차대차 - 기타,직진우회전진행방해,건조,맑음,교차로 - 교차로안,승용,남,43세,상해없음,원동기,남,60세,중상