사고번호,사고일시,요일,시군구,사고내용,사망자수,중상자수,경상자수,부상신고자수,사고유형,법규위반,노면상태,기상상태,도로형태,가해운전자 차종,가해운전자 성별,가해운전자 연령,가해운전자 상해정도,피해운전자 차종,피해운전자 성별,피해운전자 연령,피해운전자 상해정도
2014031700100084,2014년 3월 17일 07시,월요일,충청남도 부여군 부여읍,중상사고,0,1,0,0,차대차 - 기타,직진우회전진행방해,건조,맑음,교차로 - 교차로안,승용,남,68세,상해없음,승용,남,45세,중상
2014031700100125,2014년 3월 17일 08시,월요일,충청남도 보령시 주포면,중상사고,0,1,0,0,차대사람 - 기타,안전운전불이행,건조,맑음,단일로 - 기타,승합,남,71세,상해없음,보행자,남,42세,중상
2014031700100126,2014년 3월 17일 08시,월요일,충청남도 예산군 예산읍,경상사고,0,0,1,0,차대차 - 기타,안전운전불이행,건조,맑음,교차로 - 교차로안,승용,남,66세,기타불명,화물,남,62세,경상
2014031700100153,2014년 3월 17일 09시,월요일,충청남도 공주시 우성면,경상사고,0,0,2,0,차대차 - 기타,중앙선침범,건조,맑음,단일로 - 기타,승용,남,56세,기타불명,승용,남,72세,경상
2014031700100188,2014년 3월 17일 10시,월요일,충청남도 공주시 계룡면,경상사고,0,0,1,0,차대차 - 추돌 - 진행중,안전운전불이행,건조,맑음,단일로 - 기타,화물,남,57세,기타불명,건설기계,남,44세,경상
2014031700100215,2014년 3월 17일 11시,월요일,충청남도 태안군 태안읍,경상사고,0,0,1,0,차량단독 - 공작물충돌,안전운전불이행,습기,비,단일로 - 기타,화물,남,18세,경상,,,,
2014031700100216,2014년 3월 17일 11시,월요일,충청남도 아산시 배방읍,경상사고,0,0,1,0,차대차 - 측면직각충돌,안전운전불이행,건조,맑음,단일로 - 기타,승용,남,30세,상해없음,승용,여,32세,경상
2014031700100236,2014년 3월 17일 12시,월요일,충청남도 공주시 사곡면,중상사고,0,1,0,0,차대차 - 기타,안전운전불이행,건조,맑음,단일로 - 기타,이륜,남,70세,기타불명,승용,남,34세,상해없음
2014031700100259,2014년 3월 17일 13시,월요일,충청남도 당진시 송산면,경상사고,0,0,1,0,차대차 - 추돌 - 진행중,안전운전불이행,건조,맑음,교차로 - 교차로부근,화물,남,37세,상해없음,승용,남,71세,경상
2014031700100294,2014년 3월 17일 14시,월요일,충청남도 천안시 동남구 풍세면,사망사고,1,0,1,0,차대차 - 기타,신호위반,건조,맑음,교차로 - 교차로안,승합,남,72세,상해없음,승용,여,54세,경상
2014031700100326,2014년 3월 17일 15시,월요일,충청남도 당진시 수청리,경상사고,0,0,2,0,차대차 - 측면직각충돌,교차로운행방법위반,건조,맑음,교차로 - 교차로부근,화물,남,55세,상해없음,승용,남,41세,경상
2014031700100351,2014년 3월 17일 16시,월요일,충청남도 예산군 예산읍,경상사고,0,0,1,0,차대사람 - 횡단중,보행자보호의무위반,건조,맑음,단일로 - 횡단보도상,승용,남,55세,상해없음,보행자,남,9세,경상
2014031700100352,2014년 3월 17일 16시,월요일,충청남도 당진시 송산면,중상사고,0,2,1,0,차대차 - 측면직각충돌,교차로운행방법위반,건조,맑음,교차로 - 교차로안,화물,남,55세,상해없음,화물,남,42세,중상
2014031700100543,2014년 3월 17일 21시,월요일,충청남도 부여군 부여읍,경상사고,0,0,1,0,차대차 - 기타,직진우회전진행방해,건조,맑음,교차로 - 교차로부근,승용,남,37세,상해없음,승용,남,30세,경상
2014031700100579,2014년 3월 17일 22시,월요일,충청남도 공주시 정안면,사망사고,1,0,0,0,차대사람 - 횡단중,안전운전불이행,습기,비,단일로 - 기타,화물,남,58세,기타불명,보행자,남,56세,사망
2014031800100012,2014년 3월 18일 00시,화요일,충청남도 서산시 예천동,중상사고,0,1,0,0,차대차 - 정면충돌,안전운전불이행,건조,맑음,교차로 - 교차로안,승용,여,34세,상해없음,승용,남,32세,중상
2014031800100035,2014년 3월 18일 01시,화요일,충청남도 홍성군 홍성읍,중상사고,0,1,0,0,차대사람 - 횡단중,안전운전불이행,습기,흐림,단일로 - 기타,승용,남,34세,상해없음,보행자,여,41세,중상
2014031800100070,2014년 3월 18일 05시,화요일,충청남도 아산시 탕정면,중상사고,0,2,2,0,차량단독 - 전도전복,안전운전불이행,건조,기타,단일로 - 기타,승용,남,27세,상해없음,,,,
2014031800100083,2014년 3월 18일 06시,화요일,충청남도 예산군 예산읍,경상사고,0,0,1,0,차대차 - 기타,직진우회전진행방해,건조,맑음,교차로 - 교차로안,승용,남,70세,상해없음,승용,남,63세,경상
2014031800100134,2014년 3월 18일 08시,화요일,충청남도 천안시 동남구 청수동,경상사고,0,0,1,0,차대차 - 기타,직진우회전진행방해,건조,맑음,단일로 - 기타,승용,남,44세,상해없음,원동기,남,32세,경상
2014031800100164,2014년 3월 18일 09시,화요일,충청남도 논산시 내동,경상사고,0,0,1,0,차대차 - 측면직각충돌,신호위반,건조,맑음,교차로 - 교차로안,승용,여,32세,상해없음,화물,남,74세,경상
2014031800100190,2014년 3월 18일 10시,화요일,충청남도 천안시 서북구 성정동,중상사고,0,1,0,0,차대차 - 기타,교차로운행방법위반,건조,맑음,교차로 - 교차로안,기타불명,기타불명,기타불명,기타불명,이륜,남,30세,중상
2014031800100209,2014년 3월 18일 11시,화요일,충청남도 예산군 예산읍,경상사고,0,0,2,0,차대차 - 추돌 - 주정차중,안전운전불이행,건조,맑음,교차로 - 교차로부근,화물,남,56세,상해없음,승용,남,28세,경상
2014031800100293,2014년 3월 18일 14시,화요일,충청남도 아산시 모종동,중상사고,0,1,0,0,차대차 - 추돌 - 주정차중,안전거리미확보,건조,맑음,단일로 - 기타,화물,남,56세,상해없음,승합,남,29세,중상
2014031800100401,2014년 3월 18일 17시,화요일,충청남도 당진시 채운동,경상사고,0,0,1,0,차량단독 - 기타,안전운전불이행,건조,맑음,교차로 - 교차로부근,승용,남,49세,상해없음,,,,
2014031800100441,2014년 3월 18일 18시,화요일,충청남도 천안시 서북구 쌍용동,중상사고,0,1,0,0,차대차 - 기타,안전운전불이행,건조,맑음,교차로 - 교차로부근,승용,여,50세,상해없음,자전거,남,23세,중상
2014031800100443,2014년 3월 18일 18시,화요일,충청남도 금산군 복수면,중상사고,0,1,0,0,차대차 - 추돌 - 진행중,안전운전불이행,건조,맑음,교차로 - 교차로안,승용,남,45세,상해없음,원동기,남,54세,중상
2014031800100444,2014년 3월 18일 18시,화요일,충청남도 천안시 동남구 용곡동,중상사고,0,2,0,0,차대차 - 기타,직진우회전진행방해,건조,맑음,교차로 - 교차로부근,승용,여,66세,상해없음,원동기,남,67세,중상
2014031800100485,2014년 3월 18일 19시,화요일,충청남도 아산시 용화동,경상사고,0,0,1,0,차대차 - 기타,직진우회전진행방해,건조,맑음,교차로 - 교차로안,화물,남,45세,상해없음,이륜,남,70세,경상
2014031800100546,2014년 3월 18일 21시,화요일,충청남도 아산시 배방읍,중상사고,0,1,1,0,차대차 - 기타,직진우회전진행방해,건조,맑음,교차로 - 교차로안,승용,남,27세,경상,승용,여,52세,중상
2014031800100547,2014년 3월 18일 21시,화요일,충청남도 당진시 송악읍,경상사고,0,0,3,0,차대차 - 측면직각충돌,중앙선침범,건조,맑음,단일로 - 기타,승용,남,45세,상해없음,승용,남,45세,경상
2014031800100578,2014년 3월 18일 22시,화요일,충청남도 예산군 덕산면,경상사고,0,0,2,0,차대차 - 추돌 - 진행중,안전운전불이행,건조,맑음,교차로 - 교차로부근,승용,여,25세,상해없음,승용,여,53세,경상
2014031800100605,2014년 3월 18일 23시,화요일,충청남도 아산시 영인면,중상사고,0,2,1,0,차대차 - 추돌 - 진행중,안전운전불이행,건조,맑음,단일로 - 기타,승용,남,51세,경상,농기계,남,42세,중상
2014031900100027,2014년 3월 19일 01시,수요일,충청남도 천안시 동남구 구성동,중상사고,0,2,0,0,차대차 - 추돌 - 주정차중,안전운전불이행,건조,맑음,교차로 - 교차로부근,승용,남,37세,중상,화물,남,44세,중상
2014031900100086,2014년 3월 19일 07시,수요일,충청남도 홍성군 홍북면,중상사고,0,1,0,0,차대차 - 측면직각충돌,교차로운행방법위반,건조,맑음,교차로 - 교차로안,화물,남,39세,상해없음,승용,남,42세,중상
2014031900100087,2014년 3월 19일 07시,수요일,충청남도 아산시 배방읍,중상사고,0,1,1,0,차대차 - 기타,안전운전불이행,건조,맑음,단일로 - 기타,승용,남,30세,상해없음,농기계,남,71세,경상
2014031900100151,2014년 3월 19일 09시,수요일,충청남도 천안시 서북구 입장면,중상사고,0,1,1,0,차대차 - 기타,안전운전불이행,건조,맑음,교차로 - 교차로부근,승용,남,47세,경상,승합,남,58세,중상
2014031900100173,2014년 3월 19일 10시,수요일,충청남도 보령시 주포면,중상사고,0,1,0,0,차대차 - 측면직각충돌,안전운전불이행,건조,흐림,교차로 - 교차로안,승용,남,24세,상해없음,승용,여,52세,중상
2014031900100198,2014년 3월 19일 11시,수요일,충청남도 홍성군 홍북면,경상사고,0,0,1,0,차대차 - 기타,차로위반,건조,맑음,단일로 - 기타,승용,남,66세,상해없음,자전거,남,45세,경상
2014031900100220,2014년 3월 19일 12시,수요일,충청남도 천안시 서북구 성환읍,중상사고,0,1,0,0,차대차 - 기타,안전운전불이행,건조,맑음,교차로 - 교차로안,원동기,남,61세,중상,승용,여,49세,상해없음
2014031900100221,2014년 3월 19일 12시,수요일,충청남도 서천군 서천읍,중상사고,0,1,1,0,차대차 - 기타,안전운전불이행,건조,맑음,단일로 - 기타,승용,여,48세,경상,승용,남,60세,중상
2014031900100222,2014년 3월 19일 12시,수요일,충청남도 보령시 대천동,중상사고,0,1,0,0,차대사람 - 횡단중,안전운전불이행,건조,흐림,교차로 - 교차로안,화물,남,64세,상해없음,보행자,여,63세,중상
2014031900100246,2014년 3월 19일 13시,수요일,충청남도 서산시 동문동,중상사고,0,1,0,0,차대사람 - 기타,안전운전불이행,건조,맑음,기타 - 기타,승용,남,28세,상해없음,보행자,남,84세,중상
2014031900100274,2014년 3월 19일 14시,수요일,충청남도 부여군 규암면,경상사고,0,0,1,0,차대차 - 기타,안전운전불이행,건조,맑음,단일로 - 기타,자전거,여,59세,경상,승용,남,76세,상해없음
2014031900100326,2014년 3월 19일 16시,수요일,충청남도 당진시 합덕읍,사망사고,1,0,0,0,차대차 - 정면충돌,기타,건조,흐림,단일로 - 기타,화물,남,41세,상해없음,승합,남,48세,사망
2014031900100360,2014년 3월 19일 17시,수요일,충청남도 천안시 서북구 직산읍,경상사고,0,0,1,0,차대사람 - 횡단중,보행자보호의무위반,건조,맑음,단일로 - 횡단보도상,기타불명,기타불명,기타불명,기타불명,보행자,여,14세,경상
2014031900100394,2014년 3월 19일 18시,수요일,충청남도 서천군 비인면,경상사고,0,0,2,0,차대차 - 기타,직진우회전진행방해,건조,맑음,교차로 - 교차로안,승용,여,47세,경상,화물,남,47세,경상
2014031900100395,2014년 3월 19일 18시,수요일,충청남도 공주시 반포면,경상사고,0,0,3,0,차대차 - 추돌 - 주정차중,안전운전불이행,건조,맑음,단일로 - 기타,승용,남,61세,상해없음,승용,여,49세,경상
2014031900100396,2014년 3월 19일 18시,수요일,충청남도 천안시 동남구 신부동,경상사고,0,0,1,0,차대차 - 추돌 - 진행중,안전운전불이행,건조,맑음,교차로 - 교차로부근,기타불명,기타불명,기타불명,기타불명,승용,여,42세,경상
2014031900100437,2014년 3월 19일 19시,수요일,충청남도 당진시 수청리,경상사고,0,0,1,0,차대사람 - 보도통행중,안전운전불이행,건조,맑음,단일로 - 횡단보도부근,기타불명,기타불명,기타불명,기타불명,보행자,남,52세,경상
2014031900100438,2014년 3월 19일 19시,수요일,충청남도 천안시 동남구 청당동,중상사고,0,1,0,0,차대차 - 추돌 - 진행중,안전운전불이행,건조,맑음,단일로 - 기타,이륜,남,17세,중상,승용,남,32세,상해없음
2014031900100478,2014년 3월 19일 20시,수요일,충청남도 논산시 성동면,중상사고,0,2,0,1,차대차 - 정면충돌,중앙선침범,건조,맑음,단일로 - 기타,승용,남,46세,부상신고,승용,남,27세,중상
2014031900100479,2014년 3월 19일 20시,수요일,충청남도 아산시 송악면,경상사고,0,0,1,0,차량단독 - 도로외이탈 - 추락,안전운전불이행,건조,맑음,단일로 - 기타,승용,남,63세,상해없음,,,,
2014031900100514,2014년 3월 19일 21시,수요일,충청남도 논산시 취암동,경상사고,0,0,1,0,차대차 - 측면직각충돌,신호위반,건조,맑음,교차로 - 교차로안,이륜,남,38세,경상,승용,남,40세,상해없음
2014031900100563,2014년 3월 19일 23시,수요일,충청남도 보령시 화산동,경상사고,0,0,1,0,차량단독 - 기타,안전운전불이행,건조,흐림,단일로 - 기타,승용,남,39세,경상,,,,
2014032000100015,2014년 3월 20일 00시,목요일,충청남도 아산시 온천동,경상사고,0,0,2,0,차대차 - 추돌 - 주정차중,안전운전불이행,건조,맑음,단일로 - 기타,승용,남,42세,상해없음,승용,남,60세,경상
2014032000100029,2014년 3월 20일 01시,목요일,충청남도 천안시 서북구 쌍용동,경상사고,0,0,1,0,차대차 - 측면직각충돌,신호위반,건조,맑음,교차로 - 교차로안,승용,남,44세,상해없음,승용,남,50세,상해없음
2014032000100030,2014년 3월 20일 01시,목요일,충청남도 아산시 온천동,경상사고,0,0,3,0,차대차 - 추돌 - 주정차중,안전운전불이행,건조,맑음,교차로 - 교차로안,승용,여,52세,상해없음,화물,남,31세,기타불명
2014032000100087,2014년 3월 20일 07시,목요일,충청남도 당진시 원당리,경상사고,0,0,1,0,차대차 - 추돌 - 진행중,안전운전불이행,습기,흐림,기타 - 기타,승용,남,49세,상해없음,승용,남,30세,경상
2014032000100106,2014년 3월 20일 08시,목요일,충청남도 천안시 서북구 쌍용동,사망사고,1,0,0,0,차대사람 - 기타,안전운전불이행,건조,흐림,단일로 - 기타,승용,여,31세,상해없음,보행자,남,77세,사망
2014032000100107,2014년 3월 20일 08시,목요일,충청남도 천안시 서북구 성환읍,경상사고,0,0,2,0,차대차 - 측면직각충돌,교차로운행방법위반,건조,맑음,교차로 - 교차로안,승용,남,33세,상해없음,승용,남,44세,경상
2014032000100108,2014년 3월 20일 08시,목요일,충청남도 천안시 서북구 두정동,경상사고,0,0,1,0,차대사람 - 기타,안전운전불이행,건조,맑음,교차로 - 교차로안,화물,남,32세,상해없음,보행자,남,28세,경상
2014032000100109,2014년 3월 20일 08시,목요일,충청남도 논산시 등화동,중상사고,0,2,0,0,차대차 - 측면직각충돌,교차로운행방법위반,건조,맑음,교차로 - 교차로안,승용,여,45세,상해없음,농기계,남,71세,중상
2014032000100110,2014년 3월 20일 08시,목요일,충청남도 당진시 순성면,경상사고,0,0,2,0,차대차 - 측면직각충돌,안전운전불이행,습기,비,교차로 - 교차로부근,화물,남,48세,상해없음,승용,남,33세,경상
2014032000100111,2014년 3월 20일 08시,목요일,충청남도 당진시 읍내리,경상사고,0,0,2,0,차대차 - 측면직각충돌,안전운전불이행,습기,비,교차로 - 교차로부근,승용,남,22세,상해없음,승용,여,47세,경상
2014032000100182,2014년 3월 20일 11시,목요일,충청남도 아산시 용화동,경상사고,0,0,1,0,차대사람 - 길가장자리구역통행중,안전운전불이행,건조,맑음,기타 - 기타,승용,여,53세,기타불명,보행자,여,35세,경상
2014032000100449,2014년 3월 20일 19시,목요일,충청남도 서산시 석남동,사망사고,1,0,0,0,차대사람 - 길가장자리구역통행중,안전운전불이행,건조,맑음,단일로 - 기타,승용,남,56세,상해없음,보행자,남,71세,사망
2014032000100451,2014년 3월 20일 19시,목요일,충청남도 당진시 신평면,사망사고,1,0,0,0,차대차 - 정면충돌,안전운전불이행,습기,흐림,기타 - 기타,화물,남,56세,상해없음,농기계,남,75세,사망
2014032000100452,2014년 3월 20일 19시,목요일,충청남도 당진시 읍내리,경상사고,0,0,5,0,차대차 - 추돌 - 진행중,안전운전불이행,건조,맑음,교차로 - 교차로안,승용,남,59세,상해없음,승용,여,58세,경상
2014032000100453,2014년 3월 20일 19시,목요일,충청남도 천안시 동남구 문화동,경상사고,0,0,1,0,차대사람 - 차도통행중,안전운전불이행,습기,비,단일로 - 기타,기타불명,기타불명,기타불명,기타불명,보행자,여,71세,경상
2014032000100539,2014년 3월 20일 21시,목요일,충청남도 계룡시 신도안면,경상사고,0,0,1,0,차대차 - 측면직각충돌,신호위반,습기,비,교차로 - 교차로안,승용,여,42세,상해없음,승용,여,23세,경상
2014032000100619,2014년 3월 20일 23시,목요일,충청남도 아산시 도고면,중상사고,0,1,0,0,차대차 - 추돌 - 주정차중,안전운전불이행,건조,맑음,교차로 - 교차로부근,승용,남,33세,상해없음,승용,남,42세,중상
2014032000100620,2014년 3월 20일 23시,목요일,충청남도 천안시 동남구 구성동,중상사고,0,1,0,0,차대차 - 기타,안전운전불이행,건조,맑음,단일로 - 기타,승용,여,26세,상해없음,화물,남,53세,중상
2014032000100622,2014년 3월 20일 23시,목요일,충청남도 홍성군 결성면,중상사고,0,1,0,0,차대차 - 기타,안전거리미확보,건조,맑음,단일로 - 기타,기타불명,기타불명,기타불명,기타불명,승용,남,52세,중상
2014032100100011,2014년 3월 21일 00시,금요일,충청남도 아산시 배방읍,중상사고,0,1,0,0,차대차 - 측면직각충돌,안전운전불이행,건조,맑음,기타 - 기타,승용,남,30세,상해없음,승합,남,56세,중상
2014032100100037,2014년 3월 21일 02시,금요일,충청남도 공주시 계룡면,중상사고,0,3,0,0,차량단독 - 공작물충돌,안전운전불이행,건조,맑음,단일로 - 기타,승용,남,19세,중상,,,,
2014032100100051,2014년 3월 21일 04시,금요일,충청남도 천안시 서북구 두정동,경상사고,0,0,1,0,차대차 - 기타,안전운전불이행,건조,맑음,단일로 - 기타,승용,남,31세,상해없음,승용,여,24세,경상
2014032100100063,2014년 3월 21일 05시,금요일,충청남도 천안시 서북구 성정동,경상사고,0,0,1,0,차대차 - 측면직각충돌,신호위반,건조,맑음,교차로 - 교차로안,승용,남,70세,상해없음,승용,남,47세,경상
2014032100100142,2014년 3월 21일 08시,금요일,충청남도 서산시 읍내동,중상사고,0,1,0,0,차대차 - 측면직각충돌,안전운전불이행,건조,맑음,교차로 - 교차로안,승용,여,36세,상해없음,이륜,남,75세,중상
2014032100100143,2014년 3월 21일 08시,금요일,충청남도 당진시 석문면,중상사고,0,2,0,0,차대차 - 정면충돌,중앙선침범,건조,맑음,교차로 - 교차로부근,승용,여,63세,중상,승용,남,32세,중상
2014032100100144,2014년 3월 21일 08시,금요일,충청남도 청양군 비봉면,중상사고,0,1,0,0,차대차 - 측면직각충돌,안전운전불이행,건조,맑음,단일로 - 기타,화물,남,54세,중상,승용,남,32세,상해없음
2014032100100258,2014년 3월 21일 12시,금요일,충청남도 천안시 서북구 쌍용동,경상사고,0,0,1,0,차대차 - 추돌 - 진행중,안전운전불이행,건조,맑음,교차로 - 교차로부근,승용,여,27세,상해없음,승용,여,37세,경상
2014032100100285,2014년 3월 21일 13시,금요일,충청남도 서천군 서천읍,경상사고,0,0,1,0,차대차 - 기타,직진우회전진행방해,건조,맑음,교차로 - 교차로안,원동기,남,73세,경상,승용,여,54세,상해없음
2014032100100286,2014년 3월 21일 13시,금요일,충청남도 공주시 유구읍,중상사고,0,2,0,0,차대차 - 측면직각충돌,안전운전불이행,건조,맑음,교차로 - 교차로안,승용,여,37세,상해없음,이륜,남,73세,중상
2014032100100287,2014년 3월 21일 13시,금요일,충청남도 천안시 동남구 광덕면,중상사고,0,2,1,0,차대차 - 추돌 - 진행중,안전운전불이행,건조,맑음,단일로 - 터널,승합,남,46세,상해없음,승용,남,52세,중상
2014032100100326,2014년 3월 21일 14시,금요일,충청남도 당진시 원당리,경상사고,0,0,1,0,차대차 - 추돌 - 진행중,안전운전불이행,건조,맑음,단일로 - 기타,승용,남,24세,상해없음,화물,남,61세,경상
2014032100100442,2014년 3월 21일 17시,금요일,충청남도 서천군 기산면,경상사고,0,0,1,0,차량단독 - 기타,안전운전불이행,건조,맑음,기타 - 기타,화물,남,60세,경상,,,,
2014032100100471,2014년 3월 21일 18시,금요일,충청남도 서산시 석남동,중상사고,0,1,1,0,차대차 - 측면직각충돌,직진우회전진행방해,건조,맑음,교차로 - 교차로안,승용,여,50세,상해없음,승용,여,29세,중상
2014032100100472,2014년 3월 21일 18시,금요일,충청남도 부여군 부여읍,경상사고,0,0,1,0,차대차 - 기타,직진우회전진행방해,건조,맑음,교차로 - 교차로안,승용,남,31세,상해없음,승용,남,70세,경상
2014032100100571,2014년 3월 21일 20시,금요일,충청남도 서산시 성연면,중상사고,0,1,1,0,차대차 - 측면직각충돌,신호위반,건조,맑음,교차로 - 교차로안,승용,남,53세,경상,승용,남,51세,중상
2014032100100630,2014년 3월 21일 22시,금요일,충청남도 천안시 서북구 두정동,경상사고,0,0,1,0,차대차 - 추돌 - 주정차중,안전운전불이행,건조,맑음,교차로 - 교차로부근,승용,남,40세,상해없음,승용,남,56세,경상
2014032200100034,2014년 3월 22일 01시,토요일,충청남도 서천군 마서면,중상사고,0,1,0,0,차량단독 - 공작물충돌,안전운전불이행,건조,맑음,기타 - 기타,승용,남,35세,중상,,,,
2014032200100052,2014년 3월 22일 02시,토요일,충청남도 천안시 동남구 신방동,부상신고사고,0,0,0,1,차량단독 - 기타,안전운전불이행,건조,맑음,단일로 - 기타,이륜,남,20세,부상신고,,,,
2014032200100067,2014년 3월 22일 03시,토요일,충청남도 논산시 광석면,경상사고,0,0,1,0,차대차 - 정면충돌,중앙선침범,건조,맑음,단일로 - 기타,승용,남,25세,상해없음,화물,남,57세,경상
2014032200100100,2014년 3월 22일 05시,토요일,충청남도 천안시 서북구 직산읍,경상사고,0,0,1,0,차대차 - 기타,신호위반,건조,맑음,교차로 - 교차로안,승용,남,68세,상해없음,승용,남,56세,경상
2014032200100101,2014년 3월 22일 05시,토요일,충청남도 아산시 배방읍,중상사고,0,2,0,0,차대차 - 기타,신호위반,건조,맑음,교차로 - 교차로안,화물,남,37세,상해없음,승용,남,49세,중상
2014032200100191,2014년 3월 22일 09시,토요일,충청남도 보령시 웅천읍,중상사고,0,1,0,0,차대사람 - 횡단중,보행자보호의무위반,건조,맑음,교차로 - 교차로안,승용,남,62세,상해없음,보행자,남,55세,중상
2014032200100192,2014년 3월 22일 09시,토요일,충청남도 예산군 신양면,경상사고,0,0,1,0,차대차 - 측면직각충돌,신호위반,건조,맑음,교차로 - 교차로안,승용,남,55세,상해없음,승용,남,60세,경상
2014032200100219,2014년 3월 22일 10시,토요일,충청남도 서산시 지곡면,중상사고,0,1,3,0,차대차 - 측면직각충돌,안전운전불이행,건조,맑음,단일로 - 기타,화물,남,44세,상해없음,승합,남,51세,경상
2014032200100241,2014년 3월 22일 11시,토요일,충청남도 서천군 서천읍,경상사고,0,0,1,0,차량단독 - 기타,안전운전불이행,건조,맑음,단일로 - 기타,원동기,남,79세,경상,,,,
2014032200100331,2014년 3월 22일 14시,토요일,충청남도 예산군 예산읍,경상사고,0,0,5,0,차대차 - 추돌 - 주정차중,안전운전불이행,건조,맑음,교차로 - 교차로부근,화물,남,45세,상해없음,승용,남,49세,경상
2014032200100360,2014년 3월 22일 15시,토요일,충청남도 홍성군 금마면,경상사고,0,0,2,0,차대차 - 추돌 - 주정차중,안전운전불이행,건조,맑음,교차로 - 교차로부근,승용,남,19세,상해없음,승용,남,28세,경상
2014032200100361,2014년 3월 22일 15시,토요일,충청남도 아산시 온천동,중상사고,0,1,0,0,차대사람 - 횡단중,안전운전불이행,건조,맑음,단일로 - 횡단보도부근,승용,남,26세,상해없음,보행자,여,63세,중상
2014032200100363,2014년 3월 22일 15시,토요일,충청남도 당진시 송악읍,중상사고,0,1,1,0,차대차 - 추돌 - 진행중,안전거리미확보,건조,맑음,단일로 - 기타,승용,남,38세,상해없음,승용,남,30세,경상
2014032200100401,2014년 3월 22일 16시,토요일,충청남도 부여군 옥산면,중상사고,0,2,0,0,차대차 - 기타,안전운전불이행,건조,맑음,교차로 - 교차로안,자전거,여,66세,중상,이륜,남,80세,상해없음
2014032200100403,2014년 3월 22일 16시,토요일,충청남도 당진시 송악읍,중상사고,0,1,1,0,차대차 - 추돌 - 진행중,안전거리미확보,건조,맑음,단일로 - 기타,승용,남,27세,상해없음,승용,남,28세,경상
2014032200100434,2014년 3월 22일 17시,토요일,충청남도 천안시 서북구 직산읍,경상사고,0,0,1,0,차대차 - 추돌 - 주정차중,안전운전불이행,건조,맑음,단일로 - 기타,승용,여,25세,상해없음,승용,남,26세,경상
2014032200100435,2014년 3월 22일 17시,토요일,충청남도 아산시 신창면,중상사고,0,1,0,0,차대사람 - 보도통행중,기타,건조,맑음,기타 - 기타,승합,남,63세,상해없음,보행자,남,39세,중상
2014032200100436,2014년 3월 22일 17시,토요일,충청남도 공주시 반포면,중상사고,0,2,0,0,차대차 - 추돌 - 주정차중,안전운전불이행,건조,맑음,교차로 - 교차로부근,승용,남,49세,상해없음,승용,여,29세,중상
2014032200100472,2014년 3월 22일 18시,토요일,충청남도 공주시 계룡면,경상사고,0,0,1,0,차대차 - 추돌 - 진행중,안전운전불이행,건조,맑음,단일로 - 기타,승용,여,33세,기타불명,건설기계,남,49세,상해없음
2014032200100473,2014년 3월 22일 18시,토요일,충청남도 당진시 읍내리,중상사고,0,1,0,0,차대사람 - 기타,안전운전불이행,건조,맑음,교차로 - 교차로부근,승용,여,67세,상해없음,보행자,남,46세,중상
2014032200100535,2014년 3월 22일 20시,토요일,충청남도 천안시 서북구 성거읍,경상사고,0,0,8,0,차대차 - 기타,안전운전불이행,건조,맑음,단일로 - 기타,승용,남,68세,상해없음,승용,남,22세,경상
2014032200100603,2014년 3월 22일 22시,토요일,충청남도 서산시 예천동,부상신고사고,0,0,0,1,차대차 - 측면직각충돌,안전운전불이행,건조,맑음,단일로 - 기타,이륜,남,16세,부상신고,승용,남,58세,상해없음
2014032300100018,2014년 3월 23일 00시,일요일,충청남도 천안시 서북구 성정동,경상사고,0,0,1,0,차대차 - 측면직각충돌,교차로운행방법위반,건조,맑음,교차로 - 교차로안,승용,남,27세,상해없음,승용,남,65세,경상
2014032300100019,2014년 3월 23일 00시,일요일,충청남도 홍성군 금마면,중상사고,0,2,2,0,차대차 - 정면충돌,중앙선침범,건조,맑음,단일로 - 기타,승용,남,30세,상해없음,승용,남,38세,경상
2014032300100162,2014년 3월 23일 09시,일요일,충청남도 천안시 동남구 목천읍,경상사고,0,0,3,0,차대차 - 추돌 - 주정차중,안전거리미확보,건조,맑음,단일로 - 기타,승용,남,55세,상해없음,승용,여,35세,경상
2014032300100279,2014년 3월 23일 14시,일요일,충청남도 서천군 서천읍,중상사고,0,1,0,0,차대사람 - 기타,안전운전불이행,건조,맑음,단일로 - 기타,승용,남,74세,상해없음,보행자,남,42세,중상
2014032300100303,2014년 3월 23일 15시,일요일,충청남도 공주시 신풍면,사망사고,1,0,0,0,차대사람 - 기타,안전운전불이행,건조,맑음,단일로 - 기타,승용,여,24세,상해없음,보행자,여,62세,사망
2014032300100304,2014년 3월 23일 15시,일요일,충청남도 예산군 덕산면,경상사고,0,0,1,0,차대사람 - 횡단중,안전운전불이행,건조,맑음,단일로 - 기타,승용,여,40세,상해없음,보행자,남,14세,경상
2014032300100336,2014년 3월 23일 16시,일요일,충청남도 당진시 신평면,경상사고,0,0,2,0,차대차 - 추돌 - 진행중,안전운전불이행,건조,맑음,단일로 - 기타,승용,남,19세,상해없음,승용,남,45세,경상