사고번호,사고일시,요일,시군구,사고내용,사망자수,중상자수,경상자수,부상신고자수,사고유형,법규위반,노면상태,기상상태,도로형태,가해운전자 차종,가해운전자 성별,가해운전자 연령,가해운전자 상해정도,피해운전자 차종,피해운전자 성별,피해운전자 연령,피해운전자 상해정도
2014032300100373,2014년 3월 23일 17시,일요일,충청남도 아산시 음봉면,부상신고사고,0,0,0,2,차대차 - 추돌 - 주정차중,안전운전불이행,건조,맑음,교차로 - 교차로부근,승용,여,33세,상해없음,승용,여,47세,부상신고
2014032300100402,2014년 3월 23일 18시,일요일,충청남도 천안시 서북구 쌍용동,중상사고,0,1,8,0,차대차 - 기타,안전운전불이행,건조,맑음,미분류 - 미분류,화물,남,57세,상해없음,승합,남,39세,경상
2014032300100403,2014년 3월 23일 18시,일요일,충청남도 예산군 덕산면,경상사고,0,0,1,0,차대사람 - 기타,기타,건조,맑음,교차로 - 교차로부근,원동기,남,55세,상해없음,보행자,여,36세,경상
2014032300100496,2014년 3월 23일 21시,일요일,충청남도 아산시 배방읍,경상사고,0,0,2,0,차대차 - 추돌 - 주정차중,안전거리미확보,건조,맑음,교차로 - 교차로안,승용,남,36세,상해없음,승용,남,33세,경상
2014032300100536,2014년 3월 23일 23시,일요일,충청남도 보령시 청라면,중상사고,0,1,0,0,차대차 - 추돌 - 진행중,안전운전불이행,건조,맑음,단일로 - 기타,승용,남,29세,상해없음,승용,남,28세,중상
2014032400100028,2014년 3월 24일 02시,월요일,충청남도 천안시 서북구 쌍용동,경상사고,0,0,1,0,차대사람 - 기타,안전운전불이행,건조,맑음,단일로 - 기타,이륜,남,26세,상해없음,보행자,남,48세,경상
2014032400100051,2014년 3월 24일 04시,월요일,충청남도 공주시 정안면,중상사고,0,1,0,0,차대차 - 추돌 - 진행중,안전운전불이행,건조,맑음,단일로 - 기타,화물,남,52세,상해없음,화물,남,65세,중상
2014032400100086,2014년 3월 24일 07시,월요일,충청남도 천안시 서북구 성정동,경상사고,0,0,2,0,차대차 - 추돌 - 진행중,안전운전불이행,기타,기타,기타 - 기타,승용,남,39세,경상,승용,남,57세,경상
2014032400100087,2014년 3월 24일 07시,월요일,충청남도 서천군 서천읍,중상사고,0,1,2,0,차량단독 - 기타,안전운전불이행,건조,맑음,교차로 - 교차로안,승합,남,50세,상해없음,,,,
2014032400100088,2014년 3월 24일 07시,월요일,충청남도 예산군 예산읍,경상사고,0,0,1,0,차대차 - 기타,신호위반,건조,맑음,교차로 - 교차로안,승용,남,34세,상해없음,승용,남,33세,경상
2014032400100089,2014년 3월 24일 07시,월요일,충청남도 천안시 동남구 목천읍,경상사고,0,0,1,0,차대사람 - 횡단중,보행자보호의무위반,건조,맑음,교차로 - 교차로안,화물,남,51세,상해없음,보행자,남,73세,경상
2014032400100128,2014년 3월 24일 08시,월요일,충청남도 홍성군 홍성읍,경상사고,0,0,1,0,차대차 - 기타,안전운전불이행,건조,맑음,교차로 - 교차로부근,승용,남,54세,상해없음,승용,여,45세,경상
2014032400100229,2014년 3월 24일 11시,월요일,충청남도 천안시 서북구 직산읍,경상사고,0,0,1,0,차대차 - 기타,안전운전불이행,건조,맑음,단일로 - 기타,승합,남,75세,상해없음,승용,남,32세,경상
2014032400100254,2014년 3월 24일 12시,월요일,충청남도 서산시 지곡면,중상사고,0,1,0,0,차대차 - 추돌 - 진행중,차로위반,건조,맑음,단일로 - 기타,승용,남,71세,중상,특수,남,33세,상해없음
2014032400100255,2014년 3월 24일 12시,월요일,충청남도 서천군 한산면,사망사고,1,0,1,0,차대차 - 기타,신호위반,건조,맑음,교차로 - 교차로안,원동기,남,77세,사망,화물,남,49세,경상
2014032400100256,2014년 3월 24일 12시,월요일,충청남도 천안시 동남구 안서동,부상신고사고,0,0,0,1,차대사람 - 기타,안전운전불이행,건조,맑음,단일로 - 기타,승용,남,19세,상해없음,보행자,남,24세,부상신고
2014032400100274,2014년 3월 24일 13시,월요일,충청남도 예산군 삽교읍,중상사고,0,1,0,0,차대차 - 측면직각충돌,중앙선침범,건조,맑음,단일로 - 기타,화물,남,44세,상해없음,승용,남,21세,중상
2014032400100299,2014년 3월 24일 14시,월요일,충청남도 서산시 읍내동,경상사고,0,0,1,0,차대차 - 측면직각충돌,안전운전불이행,건조,맑음,단일로 - 기타,승용,남,52세,상해없음,승용,남,42세,경상
2014032400100335,2014년 3월 24일 15시,월요일,충청남도 당진시 읍내리,경상사고,0,0,1,0,차대차 - 기타,신호위반,건조,맑음,교차로 - 교차로안,승용,여,37세,상해없음,승용,남,23세,경상
2014032400100369,2014년 3월 24일 16시,월요일,충청남도 논산시 부적면,중상사고,0,1,0,0,차대사람 - 횡단중,신호위반,건조,맑음,단일로 - 횡단보도부근,승용,남,35세,상해없음,보행자,남,9세,중상
2014032400100370,2014년 3월 24일 16시,월요일,충청남도 보령시 동대동,중상사고,0,1,0,0,차대사람 - 횡단중,안전운전불이행,건조,맑음,교차로 - 교차로안,승용,남,46세,상해없음,보행자,남,7세,중상
2014032400100400,2014년 3월 24일 17시,월요일,충청남도 서산시 대산읍,경상사고,0,0,1,0,차대차 - 추돌 - 주정차중,안전운전불이행,건조,맑음,단일로 - 기타,승용,여,53세,상해없음,승용,여,40세,경상
2014032400100401,2014년 3월 24일 17시,월요일,충청남도 서산시 갈산동,경상사고,0,0,1,0,차량단독 - 전도전복,안전운전불이행,건조,맑음,단일로 - 기타,이륜,남,63세,경상,,,,
2014032400100402,2014년 3월 24일 17시,월요일,충청남도 서산시 성연면,중상사고,0,2,0,0,차대차 - 측면직각충돌,교차로운행방법위반,건조,맑음,교차로 - 교차로안,승용,여,47세,중상,승용,남,52세,중상
2014032400100403,2014년 3월 24일 17시,월요일,충청남도 아산시 탕정면,중상사고,0,1,0,0,차대사람 - 횡단중,안전운전불이행,건조,맑음,기타 - 기타,승합,남,60세,상해없음,보행자,남,19세,중상
2014032400100438,2014년 3월 24일 18시,월요일,충청남도 천안시 동남구 구성동,경상사고,0,0,1,0,차대차 - 기타,기타,건조,맑음,단일로 - 기타,이륜,남,22세,경상,승용,남,57세,상해없음
2014032400100476,2014년 3월 24일 19시,월요일,충청남도 당진시 채운동,경상사고,0,0,3,0,차대차 - 추돌 - 주정차중,안전운전불이행,건조,맑음,교차로 - 교차로부근,승용,남,47세,상해없음,승용,남,49세,경상
2014032400100477,2014년 3월 24일 19시,월요일,충청남도 청양군 청양읍,경상사고,0,0,1,0,차대사람 - 보도통행중,신호위반,건조,맑음,교차로 - 교차로안,승용,남,39세,상해없음,보행자,여,31세,경상
2014032500100035,2014년 3월 25일 02시,화요일,충청남도 태안군 안면읍,중상사고,0,1,0,0,차대차 - 측면직각충돌,중앙선침범,기타,안개,단일로 - 기타,승용,남,54세,상해없음,승용,남,22세,중상
2014032500100114,2014년 3월 25일 08시,화요일,충청남도 서산시 석림동,중상사고,0,1,0,0,차대사람 - 횡단중,안전운전불이행,건조,맑음,교차로 - 교차로부근,승용,여,36세,상해없음,보행자,여,7세,중상
2014032500100115,2014년 3월 25일 08시,화요일,충청남도 천안시 동남구 신부동,경상사고,0,0,1,0,차대차 - 기타,신호위반,건조,맑음,교차로 - 교차로안,승용,남,22세,상해없음,승용,남,52세,경상
2014032500100142,2014년 3월 25일 09시,화요일,충청남도 공주시 신풍면,중상사고,0,1,1,0,차대차 - 측면직각충돌,신호위반,건조,맑음,교차로 - 교차로안,화물,남,26세,중상,승용,여,57세,경상
2014032500100187,2014년 3월 25일 11시,화요일,충청남도 당진시 송악읍,사망사고,1,0,0,0,차대사람 - 기타,안전운전불이행,건조,맑음,기타 - 기타,승용,남,40세,상해없음,보행자,여,55세,사망
2014032500100214,2014년 3월 25일 12시,화요일,충청남도 논산시 노성면,중상사고,0,1,0,0,차대차 - 기타,기타,건조,맑음,단일로 - 기타,화물,남,53세,상해없음,이륜,남,84세,중상
2014032500100215,2014년 3월 25일 12시,화요일,충청남도 계룡시 엄사면,경상사고,0,0,1,0,차대차 - 측면직각충돌,안전운전불이행,건조,흐림,단일로 - 기타,화물,남,64세,상해없음,승용,여,46세,경상
2014032500100216,2014년 3월 25일 12시,화요일,충청남도 공주시 산성동,중상사고,0,1,0,0,차대차 - 측면직각충돌,안전운전불이행,건조,맑음,교차로 - 교차로안,승용,여,49세,기타불명,화물,남,58세,중상
2014032500100239,2014년 3월 25일 13시,화요일,충청남도 천안시 서북구 백석동,경상사고,0,0,1,0,차대차 - 추돌 - 주정차중,안전운전불이행,건조,맑음,단일로 - 기타,승용,여,46세,상해없음,승용,여,46세,경상
2014032500100288,2014년 3월 25일 15시,화요일,충청남도 예산군 예산읍,중상사고,0,1,1,0,차대차 - 측면직각충돌,불법유턴,건조,맑음,교차로 - 교차로안,승용,남,62세,상해없음,승용,남,72세,경상
2014032500100349,2014년 3월 25일 17시,화요일,충청남도 청양군 장평면,중상사고,0,2,0,0,차대차 - 측면직각충돌,과속,습기,비,교차로 - 교차로안,화물,남,38세,상해없음,승용,여,27세,중상
2014032500100383,2014년 3월 25일 18시,화요일,충청남도 당진시 송산면,중상사고,0,1,0,0,차대차 - 측면직각충돌,교차로운행방법위반,습기,흐림,기타 - 기타,승용,남,23세,상해없음,승용,남,29세,중상
2014032500100441,2014년 3월 25일 19시,화요일,충청남도 예산군 광시면,경상사고,0,0,1,0,차대사람 - 길가장자리구역통행중,안전운전불이행,습기,비,단일로 - 기타,승용,남,59세,상해없음,보행자,여,63세,경상
2014032500100492,2014년 3월 25일 20시,화요일,충청남도 논산시 내동,경상사고,0,0,4,0,차대차 - 측면직각충돌,교차로운행방법위반,습기,비,교차로 - 교차로안,승용,남,55세,상해없음,승용,여,27세,경상
2014032500100493,2014년 3월 25일 20시,화요일,충청남도 보령시 대천동,경상사고,0,0,1,0,차대차 - 추돌 - 진행중,안전운전불이행,습기,비,단일로 - 기타,승용,남,49세,상해없음,특수,남,34세,경상
2014032500100494,2014년 3월 25일 20시,화요일,충청남도 공주시 계룡면,중상사고,0,1,0,0,차대사람 - 기타,안전운전불이행,습기,비,단일로 - 기타,화물,남,64세,상해없음,보행자,남,61세,중상
2014032600100021,2014년 3월 26일 00시,수요일,충청남도 서천군 장항읍,중상사고,0,1,0,0,차량단독 - 공작물충돌,안전운전불이행,습기,비,기타 - 기타,승용,남,44세,중상,,,,
2014032600100049,2014년 3월 26일 01시,수요일,충청남도 천안시 서북구 성정동,사망사고,1,0,0,0,차대사람 - 기타,안전운전불이행,습기,비,단일로 - 기타,승용,남,44세,상해없음,보행자,여,35세,사망
2014032600100112,2014년 3월 26일 06시,수요일,충청남도 논산시 연무읍,경상사고,0,0,1,0,차대차 - 추돌 - 진행중,안전운전불이행,습기,비,단일로 - 기타,화물,남,24세,상해없음,승용,남,62세,경상
2014032600100236,2014년 3월 26일 10시,수요일,충청남도 아산시 권곡동,경상사고,0,0,1,0,차대차 - 기타,교차로운행방법위반,습기,흐림,교차로 - 교차로안,화물,여,36세,상해없음,이륜,남,44세,경상
2014032600100263,2014년 3월 26일 11시,수요일,충청남도 홍성군 홍성읍,경상사고,0,0,1,0,차대차 - 기타,안전운전불이행,건조,맑음,교차로 - 교차로안,승용,남,78세,상해없음,승용,여,38세,경상
2014032600100264,2014년 3월 26일 11시,수요일,충청남도 보령시 대천동,경상사고,0,0,1,0,차대사람 - 기타,안전운전불이행,건조,맑음,기타 - 기타,승용,남,67세,상해없음,보행자,여,62세,경상
2014032600100265,2014년 3월 26일 11시,수요일,충청남도 천안시 동남구 신방동,경상사고,0,0,3,0,차대차 - 기타,안전운전불이행,건조,맑음,단일로 - 기타,승용,남,30세,상해없음,승용,여,32세,경상
2014032600100287,2014년 3월 26일 12시,수요일,충청남도 금산군 복수면,경상사고,0,0,1,0,차대차 - 측면직각충돌,안전운전불이행,건조,흐림,단일로 - 기타,승용,여,51세,상해없음,승용,여,52세,상해없음
2014032600100338,2014년 3월 26일 14시,수요일,충청남도 천안시 동남구 청당동,중상사고,0,1,0,0,차대차 - 기타,중앙선침범,건조,맑음,단일로 - 기타,승용,남,37세,상해없음,승합,남,40세,중상
2014032600100423,2014년 3월 26일 17시,수요일,충청남도 당진시 읍내리,중상사고,0,1,0,0,차대사람 - 기타,안전운전불이행,건조,맑음,기타 - 기타,승용,여,46세,상해없음,보행자,여,33세,중상
2014032600100424,2014년 3월 26일 17시,수요일,충청남도 천안시 동남구 동면,경상사고,0,0,5,0,차대차 - 추돌 - 주정차중,안전운전불이행,건조,맑음,단일로 - 기타,승용,남,40세,상해없음,승용,남,51세,경상
2014032600100425,2014년 3월 26일 17시,수요일,충청남도 천안시 동남구 신방동,중상사고,0,1,0,0,차대사람 - 기타,신호위반,건조,맑음,단일로 - 횡단보도상,승용,남,44세,상해없음,보행자,남,7세,중상
2014032600100470,2014년 3월 26일 18시,수요일,충청남도 보령시 동대동,중상사고,0,1,0,0,차대차 - 측면직각충돌,신호위반,건조,맑음,교차로 - 교차로안,승용,남,23세,상해없음,승용,남,32세,중상
2014032600100513,2014년 3월 26일 19시,수요일,충청남도 서산시 읍내동,경상사고,0,0,1,0,차대차 - 측면직각충돌,중앙선침범,건조,맑음,단일로 - 기타,자전거,남,72세,경상,승용,여,50세,상해없음
2014032600100514,2014년 3월 26일 19시,수요일,충청남도 예산군 예산읍,경상사고,0,0,3,0,차대차 - 기타,신호위반,건조,맑음,교차로 - 교차로부근,이륜,남,49세,기타불명,승용,남,58세,경상
2014032600100515,2014년 3월 26일 19시,수요일,충청남도 논산시 벌곡면,중상사고,0,1,0,0,차량단독 - 공작물충돌,안전운전불이행,건조,맑음,단일로 - 기타,승용,남,21세,상해없음,,,,
2014032600100563,2014년 3월 26일 20시,수요일,충청남도 홍성군 홍성읍,경상사고,0,0,1,0,차대사람 - 기타,안전운전불이행,건조,맑음,단일로 - 기타,승용,남,47세,상해없음,보행자,남,53세,경상
2014032600100591,2014년 3월 26일 21시,수요일,충청남도 천안시 동남구 원성동,경상사고,0,0,1,0,차대차 - 기타,교차로운행방법위반,건조,맑음,교차로 - 교차로안,승용,남,57세,상해없음,승용,남,49세,경상
2014032600100652,2014년 3월 26일 23시,수요일,충청남도 천안시 동남구 구성동,경상사고,0,0,2,0,차대차 - 기타,안전운전불이행,건조,맑음,단일로 - 기타,승용,남,34세,상해없음,승용,남,34세,경상
2014032700100013,2014년 3월 27일 00시,목요일,충청남도 금산군 금성면,경상사고,0,0,1,0,차량단독 - 공작물충돌,안전운전불이행,습기,안개,교차로 - 교차로안,화물,남,37세,경상,,,,
2014032700100095,2014년 3월 27일 07시,목요일,충청남도 천안시 서북구 직산읍,경상사고,0,0,1,0,차대차 - 기타,중앙선침범,건조,맑음,단일로 - 기타,승용,남,40세,상해없음,승용,남,28세,경상
2014032700100131,2014년 3월 27일 08시,목요일,충청남도 논산시 화지동,중상사고,0,2,0,0,차대차 - 추돌 - 진행중,안전운전불이행,건조,맑음,단일로 - 기타,승합,남,54세,상해없음,원동기,남,80세,중상
2014032700100132,2014년 3월 27일 08시,목요일,충청남도 예산군 오가면,경상사고,0,0,1,0,차대차 - 기타,안전거리미확보,건조,맑음,단일로 - 기타,건설기계,남,56세,상해없음,승용,여,37세,경상
2014032700100172,2014년 3월 27일 09시,목요일,충청남도 천안시 서북구 쌍용동,중상사고,0,1,1,0,차대차 - 기타,신호위반,건조,맑음,교차로 - 교차로안,승용,남,42세,경상,승용,여,45세,중상
2014032700100173,2014년 3월 27일 09시,목요일,충청남도 부여군 부여읍,중상사고,0,2,1,0,차대차 - 기타,교차로운행방법위반,건조,맑음,교차로 - 교차로안,승용,여,53세,경상,화물,남,61세,중상
2014032700100174,2014년 3월 27일 09시,목요일,충청남도 천안시 동남구 신부동,경상사고,0,0,1,0,차대차 - 추돌 - 진행중,안전운전불이행,건조,맑음,단일로 - 기타,승합,남,45세,기타불명,승용,여,45세,경상
2014032700100193,2014년 3월 27일 10시,목요일,충청남도 태안군 안면읍,중상사고,0,1,0,1,차대차 - 측면직각충돌,신호위반,건조,맑음,교차로 - 교차로안,승용,여,64세,부상신고,화물,남,49세,상해없음
2014032700100194,2014년 3월 27일 10시,목요일,충청남도 금산군 금산읍,경상사고,0,0,1,0,차대사람 - 횡단중,안전운전불이행,건조,맑음,단일로 - 교량,이륜,남,58세,상해없음,보행자,여,56세,경상
2014032700100220,2014년 3월 27일 11시,목요일,충청남도 태안군 안면읍,경상사고,0,0,1,0,차대차 - 측면직각충돌,직진우회전진행방해,건조,맑음,교차로 - 교차로안,승합,남,72세,상해없음,화물,남,65세,경상
2014032700100221,2014년 3월 27일 11시,목요일,충청남도 예산군 신양면,경상사고,0,0,3,0,차대차 - 측면직각충돌,신호위반,건조,맑음,교차로 - 교차로안,승용,남,58세,경상,승용,여,52세,경상
2014032700100235,2014년 3월 27일 12시,목요일,충청남도 태안군 원북면,중상사고,0,1,0,0,차대차 - 정면충돌,중앙선침범,건조,맑음,단일로 - 기타,승용,남,46세,상해없음,승용,여,47세,중상
2014032700100236,2014년 3월 27일 12시,목요일,충청남도 논산시 연무읍,중상사고,0,1,0,0,차대차 - 측면직각충돌,불법유턴,건조,맑음,단일로 - 횡단보도상,자전거,남,74세,중상,승합,여,51세,상해없음
2014032700100392,2014년 3월 27일 17시,목요일,충청남도 예산군 삽교읍,중상사고,0,1,0,0,차대차 - 측면직각충돌,직진우회전진행방해,건조,맑음,교차로 - 교차로안,승합,남,47세,상해없음,승용,남,57세,중상
2014032700100393,2014년 3월 27일 17시,목요일,충청남도 당진시 송산면,경상사고,0,0,1,0,차대사람 - 기타,안전운전불이행,건조,맑음,기타 - 기타,화물,남,54세,상해없음,보행자,남,70세,경상
2014032700100430,2014년 3월 27일 18시,목요일,충청남도 아산시 음봉면,경상사고,0,0,1,0,차대차 - 정면충돌,중앙선침범,건조,맑음,교차로 - 교차로부근,화물,남,46세,상해없음,승용,남,29세,경상
2014032700100501,2014년 3월 27일 20시,목요일,충청남도 논산시 강경읍,경상사고,0,0,1,0,차대차 - 정면충돌,중앙선침범,건조,맑음,단일로 - 기타,승용,여,60세,경상,화물,남,59세,상해없음
2014032700100502,2014년 3월 27일 20시,목요일,충청남도 아산시 인주면,경상사고,0,0,1,0,차대차 - 측면직각충돌,안전운전불이행,건조,맑음,단일로 - 기타,승용,남,16세,기타불명,승용,남,23세,경상
2014032700100524,2014년 3월 27일 21시,목요일,충청남도 홍성군 홍성읍,경상사고,0,0,1,0,차대차 - 측면직각충돌,교차로운행방법위반,건조,맑음,교차로 - 교차로안,승용,여,35세,기타불명,승용,여,29세,경상
2014032700100551,2014년 3월 27일 22시,목요일,충청남도 천안시 서북구 쌍용동,경상사고,0,0,1,0,차대차 - 기타,안전운전불이행,건조,맑음,교차로 - 교차로부근,승용,여,45세,상해없음,승용,남,51세,경상
2014032700100552,2014년 3월 27일 22시,목요일,충청남도 당진시 송산면,경상사고,0,0,1,0,차대사람 - 기타,안전운전불이행,건조,맑음,기타 - 기타,승용,남,24세,상해없음,보행자,남,46세,경상
2014032800100011,2014년 3월 28일 00시,금요일,충청남도 예산군 예산읍,경상사고,0,0,1,0,차대차 - 측면직각충돌,신호위반,건조,맑음,교차로 - 교차로안,화물,남,49세,상해없음,승용,남,27세,경상
2014032800100086,2014년 3월 28일 07시,금요일,충청남도 계룡시 두마면,경상사고,0,0,1,0,차대차 - 측면직각충돌,불법유턴,습기,안개,단일로 - 기타,승용,남,69세,상해없음,승용,남,44세,경상
2014032800100087,2014년 3월 28일 07시,금요일,충청남도 공주시 옥룡동,경상사고,0,0,1,0,차대차 - 기타,안전운전불이행,건조,맑음,교차로 - 교차로안,승용,남,52세,기타불명,승합,남,42세,경상
2014032800100125,2014년 3월 28일 08시,금요일,충청남도 서천군 장항읍,중상사고,0,1,0,0,차대차 - 기타,안전운전불이행,건조,맑음,교차로 - 교차로부근,승용,여,45세,상해없음,원동기,남,82세,중상
2014032800100126,2014년 3월 28일 08시,금요일,충청남도 천안시 동남구 신방동,중상사고,0,1,0,0,차대차 - 기타,안전운전불이행,건조,맑음,교차로 - 교차로안,승용,여,39세,상해없음,이륜,여,46세,중상
2014032800100162,2014년 3월 28일 09시,금요일,충청남도 청양군 청양읍,경상사고,0,0,3,0,차대차 - 측면직각충돌,직진우회전진행방해,건조,맑음,교차로 - 교차로안,승용,여,49세,경상,승용,여,53세,경상
2014032800100163,2014년 3월 28일 09시,금요일,충청남도 천안시 동남구 목천읍,중상사고,0,1,0,0,차대차 - 기타,안전운전불이행,건조,맑음,교차로 - 교차로안,승용,여,41세,상해없음,이륜,남,23세,중상
2014032800100189,2014년 3월 28일 10시,금요일,충청남도 예산군 삽교읍,경상사고,0,0,1,0,차대사람 - 횡단중,안전운전불이행,건조,맑음,단일로 - 기타,화물,남,34세,상해없음,보행자,여,48세,경상
2014032800100234,2014년 3월 28일 12시,금요일,충청남도 아산시 모종동,경상사고,0,0,1,0,차대사람 - 기타,안전운전불이행,건조,맑음,교차로 - 교차로부근,화물,남,70세,상해없음,보행자,여,66세,경상
2014032800100235,2014년 3월 28일 12시,금요일,충청남도 청양군 청양읍,중상사고,0,1,1,0,차대차 - 측면직각충돌,중앙선침범,건조,맑음,단일로 - 기타,승용,남,19세,중상,승용,여,51세,경상
2014032800100268,2014년 3월 28일 13시,금요일,충청남도 예산군 응봉면,중상사고,0,1,0,0,차대사람 - 횡단중,보행자보호의무위반,건조,맑음,교차로 - 교차로부근,승용,남,42세,상해없음,보행자,남,53세,중상
2014032800100269,2014년 3월 28일 13시,금요일,충청남도 금산군 금산읍,경상사고,0,0,1,0,차대차 - 추돌 - 진행중,안전거리미확보,건조,맑음,단일로 - 기타,승용,여,40세,상해없음,이륜,남,79세,경상
2014032800100295,2014년 3월 28일 14시,금요일,충청남도 천안시 동남구 유량동,중상사고,0,2,4,0,차대차 - 기타,안전운전불이행,건조,맑음,교차로 - 교차로안,화물,남,40세,상해없음,화물,남,40세,중상
2014032800100368,2014년 3월 28일 16시,금요일,충청남도 보령시 주산면,중상사고,0,1,0,0,차대차 - 추돌 - 진행중,직진우회전진행방해,건조,맑음,교차로 - 교차로안,승용,남,32세,상해없음,이륜,남,66세,중상
2014032800100402,2014년 3월 28일 17시,금요일,충청남도 천안시 서북구 성정동,경상사고,0,0,1,0,차대차 - 기타,안전운전불이행,건조,맑음,교차로 - 교차로안,승용,남,28세,상해없음,원동기,남,23세,경상
2014032800100403,2014년 3월 28일 17시,금요일,충청남도 금산군 금성면,경상사고,0,0,1,0,차대차 - 추돌 - 진행중,안전운전불이행,건조,맑음,교차로 - 교차로부근,화물,남,51세,상해없음,승용,여,36세,상해없음
2014032800100436,2014년 3월 28일 18시,금요일,충청남도 천안시 서북구 쌍용동,중상사고,0,1,0,0,차대사람 - 기타,안전운전불이행,건조,맑음,단일로 - 기타,건설기계,남,71세,상해없음,보행자,여,22세,중상
2014032800100481,2014년 3월 28일 19시,금요일,충청남도 천안시 서북구 성정동,경상사고,0,0,1,0,차대차 - 기타,안전운전불이행,건조,맑음,교차로 - 교차로안,원동기,남,37세,경상,승용,남,58세,상해없음
2014032800100482,2014년 3월 28일 19시,금요일,충청남도 아산시 신창면,경상사고,0,0,1,0,차대차 - 기타,안전운전불이행,건조,맑음,교차로 - 교차로부근,승용,여,25세,상해없음,승합,여,41세,경상
2014032800100483,2014년 3월 28일 19시,금요일,충청남도 금산군 남일면,중상사고,0,1,0,0,차대사람 - 기타,안전운전불이행,건조,맑음,교차로 - 교차로부근,원동기,여,37세,상해없음,보행자,여,67세,중상
2014032800100607,2014년 3월 28일 22시,금요일,충청남도 천안시 서북구 불당동,경상사고,0,0,1,0,차대차 - 추돌 - 진행중,안전운전불이행,건조,맑음,교차로 - 교차로부근,승용,남,47세,기타불명,승용,남,34세,경상
2014032800100636,2014년 3월 28일 23시,금요일,충청남도 서산시 대산읍,사망사고,1,0,0,0,차대사람 - 횡단중,과속,건조,맑음,단일로 - 기타,승용,남,44세,상해없음,보행자,남,40세,사망
2014032800100637,2014년 3월 28일 23시,금요일,충청남도 천안시 서북구 성정동,중상사고,0,2,0,0,차대차 - 추돌 - 주정차중,안전운전불이행,건조,맑음,교차로 - 교차로안,승용,남,34세,상해없음,승용,여,58세,중상
2014032800100638,2014년 3월 28일 23시,금요일,충청남도 공주시 교동,중상사고,0,1,0,0,차대사람 - 기타,안전운전불이행,건조,맑음,교차로 - 교차로부근,승용,남,24세,상해없음,보행자,남,48세,중상
2014032800100639,2014년 3월 28일 23시,금요일,충청남도 천안시 동남구 다가동,중상사고,0,1,0,0,차대사람 - 기타,안전운전불이행,건조,맑음,단일로 - 기타,승용,남,54세,상해없음,보행자,남,45세,중상
2014032900100020,2014년 3월 29일 00시,토요일,충청남도 아산시 탕정면,중상사고,0,1,0,0,차대차 - 추돌 - 주정차중,안전운전불이행,건조,맑음,교차로 - 교차로부근,자전거,남,18세,중상,화물,남,47세,상해없음
2014032900100104,2014년 3월 29일 04시,토요일,충청남도 천안시 서북구 쌍용동,경상사고,0,0,1,0,차대사람 - 기타,안전운전불이행,건조,맑음,단일로 - 기타,승용,남,27세,상해없음,보행자,남,32세,경상
2014032900100105,2014년 3월 29일 04시,토요일,충청남도 천안시 동남구 신방동,사망사고,1,0,0,0,차대사람 - 기타,안전운전불이행,건조,맑음,단일로 - 기타,승용,남,56세,상해없음,보행자,남,42세,사망
2014032900100137,2014년 3월 29일 06시,토요일,충청남도 천안시 동남구 동면,부상신고사고,0,0,0,1,차대차 - 기타,중앙선침범,건조,맑음,단일로 - 기타,승용,남,27세,부상신고,화물,남,52세,상해없음
2014032900100170,2014년 3월 29일 08시,토요일,충청남도 천안시 서북구 성정동,경상사고,0,0,2,0,차대차 - 추돌 - 주정차중,안전운전불이행,건조,맑음,단일로 - 기타,승용,남,40세,상해없음,승용,남,24세,경상
2014032900100215,2014년 3월 29일 10시,토요일,충청남도 천안시 동남구 북면,중상사고,0,1,0,3,차대차 - 추돌 - 진행중,중앙선침범,건조,맑음,단일로 - 기타,승용,남,42세,상해없음,승용,여,49세,부상신고
2014032900100235,2014년 3월 29일 11시,토요일,충청남도 당진시 석문면,경상사고,0,0,2,0,차대차 - 측면직각충돌,안전운전불이행,건조,맑음,단일로 - 기타,화물,남,67세,상해없음,승용,남,68세,경상
2014032900100332,2014년 3월 29일 14시,토요일,충청남도 서산시 동문동,중상사고,0,1,0,0,차대사람 - 횡단중,보행자보호의무위반,건조,흐림,단일로 - 기타,승용,남,50세,상해없음,보행자,여,10세,중상
2014032900100333,2014년 3월 29일 14시,토요일,충청남도 금산군 금산읍,경상사고,0,0,1,0,차대차 - 기타,안전운전불이행,습기,비,단일로 - 기타,승용,남,53세,상해없음,승용,남,42세,경상
2014032900100334,2014년 3월 29일 14시,토요일,충청남도 천안시 서북구 입장면,경상사고,0,0,1,0,차대차 - 기타,안전거리미확보,건조,맑음,단일로 - 기타,승용,남,64세,상해없음,승합,남,47세,상해없음
2014032900100365,2014년 3월 29일 15시,토요일,충청남도 당진시 신평면,중상사고,0,2,2,0,차대차 - 추돌 - 진행중,안전운전불이행,건조,맑음,단일로 - 기타,승용,남,50세,상해없음,승용,남,46세,중상
2014032900100397,2014년 3월 29일 16시,토요일,충청남도 천안시 서북구 성정동,중상사고,0,1,0,0,차대사람 - 기타,안전운전불이행,건조,맑음,교차로 - 교차로안,승용,남,37세,상해없음,보행자,여,85세,중상
2014032900100438,2014년 3월 29일 17시,토요일,충청남도 천안시 서북구 쌍용동,중상사고,0,1,0,0,차대차 - 추돌 - 진행중,안전운전불이행,건조,기타,단일로 - 기타,이륜,남,38세,상해없음,이륜,남,27세,중상