사고번호,사고일시,요일,시군구,사고내용,사망자수,중상자수,경상자수,부상신고자수,사고유형,법규위반,노면상태,기상상태,도로형태,가해운전자 차종,가해운전자 성별,가해운전자 연령,가해운전자 상해정도,피해운전자 차종,피해운전자 성별,피해운전자 연령,피해운전자 상해정도
2014040300100415,2014년 4월 3일 18시,목요일,충청남도 금산군 금산읍,경상사고,0,0,1,0,차대차 - 기타,교차로운행방법위반,건조,맑음,교차로 - 교차로안,승용,여,24세,상해없음,이륜,남,58세,경상
2014040300100449,2014년 4월 3일 19시,목요일,충청남도 보령시 대천동,경상사고,0,0,1,0,차대사람 - 차도통행중,안전운전불이행,습기,흐림,교차로 - 교차로안,승합,남,62세,상해없음,보행자,남,41세,경상
2014040300100450,2014년 4월 3일 19시,목요일,충청남도 천안시 동남구 영성동,중상사고,0,1,0,0,차대사람 - 기타,안전운전불이행,건조,맑음,교차로 - 교차로안,승용,기타불명,기타불명,기타불명,보행자,여,66세,중상
2014040300100527,2014년 4월 3일 21시,목요일,충청남도 천안시 서북구 업성동,경상사고,0,0,2,0,차대차 - 추돌 - 주정차중,안전운전불이행,건조,맑음,교차로 - 교차로부근,승용,여,48세,상해없음,승용,남,27세,경상
2014040300100528,2014년 4월 3일 21시,목요일,충청남도 천안시 서북구 두정동,경상사고,0,0,1,0,차대사람 - 기타,안전운전불이행,건조,맑음,단일로 - 기타,승용,남,27세,상해없음,보행자,남,52세,경상
2014040300100566,2014년 4월 3일 22시,목요일,충청남도 금산군 금산읍,중상사고,0,1,0,0,차대차 - 기타,안전운전불이행,건조,맑음,교차로 - 교차로안,특수,남,49세,상해없음,이륜,남,24세,중상
2014040300100609,2014년 4월 3일 23시,목요일,충청남도 당진시 신평면,사망사고,1,2,1,0,차량단독 - 전도전복,안전운전불이행,건조,흐림,기타 - 기타,승용,남,31세,경상,,,,
2014040400100016,2014년 4월 4일 00시,금요일,충청남도 당진시 송악읍,경상사고,0,0,1,0,차대차 - 기타,안전운전불이행,건조,흐림,교차로 - 교차로부근,승용,남,43세,상해없음,승용,남,27세,경상
2014040400100088,2014년 4월 4일 05시,금요일,충청남도 부여군 장암면,사망사고,1,0,0,0,차량단독 - 도로외이탈 - 추락,안전운전불이행,습기,기타,단일로 - 기타,화물,남,42세,사망,,,,
2014040400100152,2014년 4월 4일 08시,금요일,충청남도 논산시 가야곡면,경상사고,0,0,1,0,차대차 - 측면직각충돌,안전운전불이행,건조,맑음,교차로 - 교차로안,승용,여,41세,상해없음,원동기,남,75세,경상
2014040400100153,2014년 4월 4일 08시,금요일,충청남도 홍성군 홍북면,경상사고,0,0,1,0,차대차 - 측면직각충돌,교차로운행방법위반,건조,맑음,교차로 - 교차로안,승용,여,55세,상해없음,건설기계,남,39세,경상
2014040400100154,2014년 4월 4일 08시,금요일,충청남도 공주시 옥룡동,경상사고,0,0,4,0,차대차 - 측면직각충돌,안전운전불이행,건조,맑음,교차로 - 교차로안,승용,여,32세,경상,승용,남,64세,경상
2014040400100175,2014년 4월 4일 09시,금요일,충청남도 아산시 초사동,사망사고,1,2,0,0,차대차 - 측면직각충돌,직진우회전진행방해,건조,맑음,교차로 - 교차로안,승용,남,71세,중상,화물,남,71세,중상
2014040400100271,2014년 4월 4일 12시,금요일,충청남도 당진시 대호지면,중상사고,0,2,0,0,차대차 - 측면직각충돌,안전운전불이행,건조,맑음,단일로 - 기타,이륜,남,76세,중상,승용,남,75세,상해없음
2014040400100272,2014년 4월 4일 12시,금요일,충청남도 천안시 동남구 용곡동,경상사고,0,0,2,0,차대차 - 추돌 - 진행중,안전운전불이행,건조,맑음,단일로 - 기타,건설기계,남,49세,상해없음,승용,남,60세,경상
2014040400100325,2014년 4월 4일 14시,금요일,충청남도 천안시 서북구 불당동,경상사고,0,0,2,0,차대차 - 기타,교차로운행방법위반,건조,맑음,교차로 - 교차로안,승용,남,51세,상해없음,승용,남,22세,상해없음
2014040400100326,2014년 4월 4일 14시,금요일,충청남도 청양군 정산면,중상사고,0,1,0,0,차대차 - 추돌 - 주정차중,안전운전불이행,건조,맑음,기타 - 기타,승용,남,23세,상해없음,화물,여,57세,중상
2014040400100367,2014년 4월 4일 15시,금요일,충청남도 아산시 방축동,경상사고,0,0,2,0,차대차 - 측면직각충돌,신호위반,건조,맑음,교차로 - 교차로안,승용,여,27세,경상,승용,여,34세,경상
2014040400100369,2014년 4월 4일 15시,금요일,충청남도 금산군 금성면,중상사고,0,3,1,0,차량단독 - 공작물충돌,안전운전불이행,건조,맑음,단일로 - 기타,승합,남,59세,경상,,,,
2014040400100448,2014년 4월 4일 17시,금요일,충청남도 서산시 대산읍,경상사고,0,0,1,0,차량단독 - 공작물충돌,안전운전불이행,건조,맑음,단일로 - 기타,승용,여,51세,경상,,,,
2014040400100449,2014년 4월 4일 17시,금요일,충청남도 논산시 강경읍,중상사고,0,1,0,0,차대차 - 측면직각충돌,교차로운행방법위반,건조,맑음,교차로 - 교차로안,승용,남,56세,상해없음,자전거,남,78세,중상
2014040400100492,2014년 4월 4일 18시,금요일,충청남도 아산시 둔포면,경상사고,0,0,1,0,차대차 - 추돌 - 주정차중,안전운전불이행,건조,맑음,교차로 - 교차로부근,승용,남,51세,상해없음,승용,남,64세,경상
2014040400100493,2014년 4월 4일 18시,금요일,충청남도 천안시 동남구 신부동,중상사고,0,1,0,0,차대사람 - 횡단중,안전운전불이행,건조,맑음,단일로 - 기타,승용,남,21세,상해없음,보행자,여,56세,중상
2014040400100567,2014년 4월 4일 20시,금요일,충청남도 아산시 둔포면,경상사고,0,0,1,0,차대차 - 추돌 - 진행중,안전운전불이행,건조,맑음,단일로 - 기타,승용,남,24세,상해없음,승용,남,38세,경상
2014040400100610,2014년 4월 4일 21시,금요일,충청남도 서산시 해미면,중상사고,0,1,0,0,차대차 - 기타,신호위반,건조,맑음,교차로 - 교차로안,이륜,여,51세,중상,승용,남,27세,상해없음
2014040400100638,2014년 4월 4일 22시,금요일,충청남도 서산시 동문동,경상사고,0,0,1,0,차대차 - 기타,기타,건조,맑음,교차로 - 교차로부근,승용,여,39세,상해없음,자전거,남,25세,경상
2014040500100055,2014년 4월 5일 02시,토요일,충청남도 아산시 모종동,경상사고,0,0,1,0,차대차 - 추돌 - 주정차중,안전운전불이행,건조,맑음,교차로 - 교차로부근,승용,남,25세,상해없음,승용,남,44세,경상
2014040500100056,2014년 4월 5일 02시,토요일,충청남도 보령시 신흑동,중상사고,0,1,6,0,차대차 - 측면직각충돌,신호위반,건조,맑음,교차로 - 교차로안,승용,남,19세,상해없음,승용,남,23세,경상
2014040500100096,2014년 4월 5일 05시,토요일,충청남도 논산시 취암동,중상사고,0,1,0,0,차대차 - 측면직각충돌,안전운전불이행,건조,맑음,교차로 - 교차로안,승용,남,20세,상해없음,승용,남,57세,기타불명
2014040500100124,2014년 4월 5일 07시,토요일,충청남도 서천군 한산면,중상사고,0,1,0,0,차대차 - 기타,안전운전불이행,건조,맑음,교차로 - 교차로부근,화물,남,56세,상해없음,자전거,남,85세,중상
2014040500100139,2014년 4월 5일 08시,토요일,충청남도 홍성군 금마면,중상사고,0,1,0,0,차대차 - 측면직각충돌,교차로운행방법위반,건조,맑음,교차로 - 교차로안,화물,남,53세,상해없음,건설기계,남,41세,중상
2014040500100159,2014년 4월 5일 09시,토요일,충청남도 논산시 취암동,경상사고,0,0,1,0,차대차 - 측면직각충돌,직진우회전진행방해,건조,맑음,교차로 - 교차로안,승용,여,52세,경상,승용,남,41세,상해없음
2014040500100160,2014년 4월 5일 09시,토요일,충청남도 공주시 반포면,중상사고,0,1,0,0,차대사람 - 차도통행중,안전운전불이행,건조,맑음,단일로 - 기타,승합,남,43세,상해없음,보행자,남,62세,중상
2014040500100188,2014년 4월 5일 10시,토요일,충청남도 천안시 동남구 신방동,중상사고,0,2,1,0,차대차 - 기타,안전운전불이행,건조,맑음,단일로 - 기타,승용,여,45세,경상,승용,남,40세,상해없음
2014040500100214,2014년 4월 5일 11시,토요일,충청남도 서산시 성연면,경상사고,0,0,1,0,차대차 - 측면직각충돌,안전운전불이행,건조,맑음,교차로 - 교차로안,자전거,여,64세,경상,승용,여,35세,상해없음
2014040500100215,2014년 4월 5일 11시,토요일,충청남도 당진시 정미면,중상사고,0,1,0,0,차대차 - 기타,안전운전불이행,건조,맑음,교차로 - 교차로안,승용,남,61세,상해없음,승합,남,53세,상해없음
2014040500100248,2014년 4월 5일 12시,토요일,충청남도 천안시 서북구 성환읍,중상사고,0,2,2,0,차대차 - 기타,교차로운행방법위반,건조,맑음,교차로 - 교차로안,화물,남,49세,경상,승용,여,33세,중상
2014040500100249,2014년 4월 5일 12시,토요일,충청남도 논산시 반월동,경상사고,0,0,1,0,차대사람 - 횡단중,보행자보호의무위반,건조,맑음,단일로 - 횡단보도상,승용,남,42세,상해없음,보행자,남,7세,경상
2014040500100250,2014년 4월 5일 12시,토요일,충청남도 아산시 배방읍,경상사고,0,0,2,0,차대차 - 측면직각충돌,안전운전불이행,건조,맑음,기타 - 기타,승용,남,31세,상해없음,승용,여,46세,경상
2014040500100251,2014년 4월 5일 12시,토요일,충청남도 천안시 동남구 신부동,사망사고,1,0,0,0,차량단독 - 공작물충돌,안전운전불이행,건조,맑음,미분류 - 미분류,승용,남,19세,사망,,,,
2014040500100285,2014년 4월 5일 13시,토요일,충청남도 서산시 동문동,중상사고,0,3,0,0,차대차 - 추돌 - 주정차중,안전운전불이행,건조,맑음,단일로 - 기타,승용,남,37세,상해없음,승용,여,37세,중상
2014040500100286,2014년 4월 5일 13시,토요일,충청남도 논산시 은진면,경상사고,0,0,1,0,차대차 - 측면직각충돌,안전운전불이행,건조,맑음,단일로 - 기타,원동기,남,83세,경상,승용,여,37세,상해없음
2014040500100287,2014년 4월 5일 13시,토요일,충청남도 아산시 모종동,경상사고,0,0,2,0,차대차 - 측면직각충돌,안전운전불이행,건조,맑음,교차로 - 교차로안,승용,남,35세,상해없음,승용,남,44세,경상
2014040500100313,2014년 4월 5일 14시,토요일,충청남도 천안시 서북구 성거읍,중상사고,0,1,0,0,차대차 - 측면직각충돌,안전운전불이행,습기,비,기타 - 기타,화물,남,43세,상해없음,승용,남,45세,중상
2014040500100348,2014년 4월 5일 15시,토요일,충청남도 홍성군 홍성읍,중상사고,0,1,0,0,차대차 - 측면직각충돌,안전운전불이행,건조,맑음,단일로 - 기타,승용,남,47세,상해없음,승용,남,40세,중상
2014040500100349,2014년 4월 5일 15시,토요일,충청남도 서천군 서천읍,사망사고,1,0,0,0,차량단독 - 기타,안전운전불이행,건조,맑음,단일로 - 기타,농기계,남,77세,사망,,,,
2014040500100350,2014년 4월 5일 15시,토요일,충청남도 공주시 신관동,중상사고,0,4,0,0,차대차 - 측면직각충돌,신호위반,습기,비,교차로 - 교차로안,승용,여,39세,상해없음,승용,여,45세,중상
2014040500100387,2014년 4월 5일 16시,토요일,충청남도 서산시 석림동,부상신고사고,0,0,0,1,차대차 - 측면직각충돌,신호위반,건조,맑음,교차로 - 교차로안,이륜,남,20세,부상신고,승용,남,37세,상해없음
2014040500100388,2014년 4월 5일 16시,토요일,충청남도 천안시 동남구 원성동,경상사고,0,0,1,0,차대차 - 추돌 - 주정차중,안전운전불이행,건조,맑음,단일로 - 기타,승용,남,46세,상해없음,승용,남,22세,상해없음
2014040500100484,2014년 4월 5일 19시,토요일,충청남도 당진시 합덕읍,경상사고,0,0,2,0,차대차 - 측면직각충돌,안전운전불이행,건조,맑음,교차로 - 교차로안,승용,남,52세,상해없음,승용,남,54세,경상
2014040500100525,2014년 4월 5일 20시,토요일,충청남도 천안시 서북구 성정동,경상사고,0,0,1,0,차대차 - 정면충돌,안전운전불이행,건조,맑음,교차로 - 교차로부근,화물,남,49세,상해없음,승용,남,46세,경상
2014040500100526,2014년 4월 5일 20시,토요일,충청남도 아산시 권곡동,중상사고,0,1,0,0,차대차 - 추돌 - 진행중,안전운전불이행,건조,맑음,교차로 - 교차로안,기타불명,기타불명,기타불명,기타불명,원동기,남,24세,중상
2014040500100527,2014년 4월 5일 20시,토요일,충청남도 천안시 동남구 성황동,경상사고,0,0,4,0,차대차 - 추돌 - 주정차중,안전운전불이행,건조,맑음,단일로 - 기타,승용,남,51세,상해없음,승용,남,29세,경상
2014040500100576,2014년 4월 5일 21시,토요일,충청남도 공주시 반포면,경상사고,0,0,1,0,차대사람 - 차도통행중,안전운전불이행,건조,기타,단일로 - 기타,승용,남,44세,상해없음,보행자,남,49세,경상
2014040500100600,2014년 4월 5일 22시,토요일,충청남도 아산시 방축동,경상사고,0,0,2,0,차대차 - 측면직각충돌,신호위반,건조,맑음,교차로 - 교차로안,승용,남,37세,상해없음,승용,남,51세,경상
2014040500100625,2014년 4월 5일 23시,토요일,충청남도 서산시 동문동,중상사고,0,2,1,0,차대차 - 기타,교차로운행방법위반,건조,맑음,교차로 - 교차로안,승용,남,25세,경상,승용,남,52세,중상
2014040500100626,2014년 4월 5일 23시,토요일,충청남도 천안시 서북구 쌍용동,경상사고,0,0,1,0,차대차 - 기타,안전거리미확보,건조,맑음,단일로 - 기타,원동기,남,34세,상해없음,원동기,남,24세,경상
2014040600100056,2014년 4월 6일 04시,일요일,충청남도 논산시 연무읍,경상사고,0,0,1,0,차대차 - 추돌 - 주정차중,안전운전불이행,건조,맑음,단일로 - 기타,승용,남,28세,경상,승용,남,53세,상해없음
2014040600100064,2014년 4월 6일 06시,일요일,충청남도 논산시 대교동,사망사고,1,0,0,0,차대사람 - 기타,안전운전불이행,건조,맑음,단일로 - 기타,승용,남,39세,상해없음,보행자,남,69세,사망
2014040600100073,2014년 4월 6일 07시,일요일,충청남도 천안시 서북구 성거읍,경상사고,0,0,1,0,차대차 - 측면직각충돌,안전운전불이행,건조,맑음,단일로 - 기타,승용,남,25세,상해없음,승용,남,40세,경상
2014040600100092,2014년 4월 6일 08시,일요일,충청남도 공주시 반포면,경상사고,0,0,3,0,차대차 - 기타,안전운전불이행,건조,맑음,단일로 - 기타,화물,남,64세,기타불명,화물,남,50세,경상
2014040600100139,2014년 4월 6일 10시,일요일,충청남도 아산시 신창면,부상신고사고,0,0,0,1,차대차 - 측면직각충돌,교차로운행방법위반,건조,맑음,교차로 - 교차로안,승용,남,58세,부상신고,승용,남,27세,상해없음
2014040600100186,2014년 4월 6일 12시,일요일,충청남도 예산군 대흥면,경상사고,0,0,1,0,차대사람 - 횡단중,안전운전불이행,건조,맑음,단일로 - 기타,승용,남,68세,상해없음,보행자,여,13세,경상
2014040600100239,2014년 4월 6일 14시,일요일,충청남도 홍성군 홍성읍,경상사고,0,0,1,0,차대차 - 기타,신호위반,건조,맑음,교차로 - 교차로안,승용,남,64세,상해없음,승용,여,43세,경상
2014040600100240,2014년 4월 6일 14시,일요일,충청남도 공주시 반포면,경상사고,0,0,1,0,차대사람 - 길가장자리구역통행중,안전운전불이행,건조,맑음,기타 - 기타,승용,여,49세,상해없음,보행자,여,67세,경상
2014040600100271,2014년 4월 6일 15시,일요일,충청남도 홍성군 홍성읍,중상사고,0,1,0,0,차대사람 - 기타,안전운전불이행,건조,맑음,단일로 - 기타,승합,남,47세,상해없음,보행자,여,76세,중상
2014040600100272,2014년 4월 6일 15시,일요일,충청남도 금산군 금산읍,중상사고,0,1,0,0,차대차 - 측면직각충돌,신호위반,건조,맑음,교차로 - 교차로안,승용,남,63세,상해없음,승용,여,47세,중상
2014040600100273,2014년 4월 6일 15시,일요일,충청남도 천안시 동남구 병천면,경상사고,0,0,1,0,차대사람 - 차도통행중,안전운전불이행,건조,맑음,단일로 - 기타,승용,여,34세,상해없음,보행자,남,5세,경상
2014040600100313,2014년 4월 6일 16시,일요일,충청남도 청양군 청양읍,경상사고,0,0,1,0,차대차 - 기타,안전거리미확보,건조,맑음,단일로 - 기타,자전거,남,80세,경상,승용,남,34세,상해없음
2014040600100316,2014년 4월 6일 16시,일요일,충청남도 당진시 송악읍,경상사고,0,0,6,0,차대차 - 추돌 - 주정차중,안전거리미확보,건조,맑음,단일로 - 기타,승용,남,19세,상해없음,승용,남,36세,경상
2014040600100345,2014년 4월 6일 17시,일요일,충청남도 서산시 운산면,사망사고,1,0,0,0,차대차 - 측면직각충돌,안전운전불이행,건조,맑음,교차로 - 교차로안,승합,남,59세,상해없음,자전거,남,48세,사망
2014040600100346,2014년 4월 6일 17시,일요일,충청남도 서천군 마서면,경상사고,0,0,3,0,차대차 - 기타,안전운전불이행,건조,맑음,교차로 - 교차로부근,승용,남,55세,경상,승용,남,56세,상해없음
2014040600100347,2014년 4월 6일 17시,일요일,충청남도 공주시 정안면,경상사고,0,0,1,0,차대차 - 기타,안전거리미확보,건조,맑음,단일로 - 기타,승합,기타불명,기타불명,기타불명,승용,남,23세,경상
2014040600100369,2014년 4월 6일 18시,일요일,충청남도 계룡시 두마면,경상사고,0,0,2,0,차대차 - 측면직각충돌,과속,건조,맑음,교차로 - 교차로안,승용,남,61세,상해없음,승용,여,50세,경상
2014040600100370,2014년 4월 6일 18시,일요일,충청남도 논산시 화지동,경상사고,0,0,3,0,차대차 - 추돌 - 진행중,안전운전불이행,건조,맑음,단일로 - 기타,승용,남,52세,기타불명,승합,남,51세,경상
2014040600100371,2014년 4월 6일 18시,일요일,충청남도 논산시 대교동,경상사고,0,0,1,0,차대차 - 추돌 - 주정차중,안전운전불이행,건조,맑음,단일로 - 기타,승용,남,50세,기타불명,승용,남,47세,상해없음
2014040600100403,2014년 4월 6일 19시,일요일,충청남도 천안시 서북구 성환읍,중상사고,0,2,0,0,차대차 - 추돌 - 주정차중,안전운전불이행,습기,비,교차로 - 교차로부근,승용,남,45세,상해없음,승용,남,49세,중상
2014040600100404,2014년 4월 6일 19시,일요일,충청남도 논산시 양촌면,경상사고,0,0,2,0,차대차 - 추돌 - 진행중,안전운전불이행,건조,맑음,교차로 - 교차로부근,화물,남,56세,상해없음,승용,여,40세,경상
2014040600100405,2014년 4월 6일 19시,일요일,충청남도 공주시 신관동,중상사고,0,1,0,0,차대차 - 기타,안전운전불이행,건조,맑음,교차로 - 교차로안,승용,여,40세,상해없음,원동기,남,23세,중상
2014040600100434,2014년 4월 6일 20시,일요일,충청남도 천안시 서북구 직산읍,경상사고,0,0,1,0,차대차 - 측면직각충돌,신호위반,건조,맑음,교차로 - 교차로안,승용,남,25세,상해없음,승용,남,26세,경상
2014040600100435,2014년 4월 6일 20시,일요일,충청남도 천안시 서북구 쌍용동,경상사고,0,0,1,0,차대차 - 기타,안전운전불이행,건조,맑음,교차로 - 교차로안,승용,남,49세,상해없음,승용,남,38세,경상
2014040600100465,2014년 4월 6일 21시,일요일,충청남도 천안시 서북구 성거읍,경상사고,0,0,1,0,차대차 - 기타,안전운전불이행,건조,맑음,교차로 - 교차로부근,승용,남,35세,상해없음,화물,남,56세,상해없음
2014040600100466,2014년 4월 6일 21시,일요일,충청남도 천안시 동남구 구성동,경상사고,0,0,1,1,차대차 - 추돌 - 진행중,안전운전불이행,건조,맑음,단일로 - 기타,승용,남,44세,상해없음,승용,남,35세,경상
2014040700100009,2014년 4월 7일 00시,월요일,충청남도 천안시 동남구 원성동,중상사고,0,1,0,0,차대차 - 정면충돌,안전운전불이행,건조,맑음,교차로 - 교차로안,승용,남,29세,상해없음,원동기,남,53세,중상
2014040700100113,2014년 4월 7일 08시,월요일,충청남도 홍성군 홍성읍,경상사고,0,0,1,0,차대차 - 기타,교차로운행방법위반,건조,맑음,교차로 - 교차로안,승용,여,54세,상해없음,원동기,여,59세,경상
2014040700100114,2014년 4월 7일 08시,월요일,충청남도 아산시 배방읍,경상사고,0,0,1,0,차대차 - 추돌 - 주정차중,안전거리미확보,건조,맑음,교차로 - 교차로부근,승용,남,34세,상해없음,승용,남,34세,경상
2014040700100149,2014년 4월 7일 09시,월요일,충청남도 서산시 석림동,경상사고,0,0,1,0,차대차 - 측면직각충돌,신호위반,건조,맑음,교차로 - 교차로안,화물,남,48세,상해없음,승용,남,38세,경상
2014040700100150,2014년 4월 7일 09시,월요일,충청남도 부여군 규암면,중상사고,0,1,1,0,차대차 - 기타,안전운전불이행,건조,맑음,단일로 - 기타,승용,여,33세,경상,승용,남,59세,중상
2014040700100218,2014년 4월 7일 12시,월요일,충청남도 공주시 옥룡동,경상사고,0,0,1,0,차대차 - 기타,안전운전불이행,건조,맑음,기타 - 기타,승용,남,28세,상해없음,자전거,남,19세,경상
2014040700100219,2014년 4월 7일 12시,월요일,충청남도 천안시 동남구 용곡동,경상사고,0,0,1,0,차대차 - 기타,교차로운행방법위반,건조,맑음,교차로 - 교차로안,승용,남,56세,상해없음,승용,여,46세,경상
2014040700100247,2014년 4월 7일 13시,월요일,충청남도 서산시 인지면,중상사고,0,1,0,0,차대차 - 정면충돌,안전운전불이행,건조,맑음,단일로 - 기타,승용,여,55세,상해없음,이륜,남,76세,중상
2014040700100278,2014년 4월 7일 14시,월요일,충청남도 논산시 내동,경상사고,0,0,1,0,차대사람 - 횡단중,안전운전불이행,건조,맑음,단일로 - 기타,이륜,여,67세,상해없음,보행자,여,77세,경상
2014040700100351,2014년 4월 7일 16시,월요일,충청남도 서산시 음암면,중상사고,0,1,1,0,차대차 - 추돌 - 주정차중,안전운전불이행,건조,맑음,교차로 - 교차로부근,승용,남,39세,상해없음,승용,여,43세,경상
2014040700100392,2014년 4월 7일 17시,월요일,충청남도 서산시 대산읍,경상사고,0,0,1,0,차대차 - 추돌 - 주정차중,안전운전불이행,건조,맑음,단일로 - 기타,승용,남,57세,상해없음,승용,남,44세,경상
2014040700100393,2014년 4월 7일 17시,월요일,충청남도 천안시 서북구 직산읍,경상사고,0,0,1,0,차대사람 - 보도통행중,기타,건조,맑음,단일로 - 교량,자전거,남,31세,상해없음,보행자,여,44세,경상
2014040700100394,2014년 4월 7일 17시,월요일,충청남도 아산시 모종동,중상사고,0,1,0,0,차대사람 - 횡단중,보행자보호의무위반,건조,맑음,교차로 - 교차로안,승용,남,65세,상해없음,보행자,남,58세,중상
2014040700100395,2014년 4월 7일 17시,월요일,충청남도 천안시 동남구 봉명동,중상사고,0,1,0,0,차대사람 - 기타,안전운전불이행,건조,맑음,단일로 - 기타,승용,남,66세,상해없음,보행자,여,15세,중상
2014040700100425,2014년 4월 7일 18시,월요일,충청남도 천안시 서북구 쌍용동,경상사고,0,0,1,0,차대차 - 측면직각충돌,신호위반,건조,맑음,교차로 - 교차로안,승용,여,19세,상해없음,승용,남,59세,경상
2014040700100426,2014년 4월 7일 18시,월요일,충청남도 아산시 배방읍,중상사고,0,1,2,0,차대차 - 추돌 - 주정차중,안전운전불이행,건조,맑음,교차로 - 교차로부근,화물,남,53세,중상,승용,여,40세,경상
2014040700100469,2014년 4월 7일 19시,월요일,충청남도 천안시 서북구 두정동,경상사고,0,0,1,0,차대차 - 측면직각충돌,신호위반,건조,맑음,교차로 - 교차로안,원동기,남,37세,상해없음,승용,여,22세,경상
2014040700100470,2014년 4월 7일 19시,월요일,충청남도 보령시 동대동,중상사고,0,1,0,0,차대사람 - 횡단중,교차로운행방법위반,건조,맑음,교차로 - 교차로안,승용,남,39세,상해없음,보행자,남,74세,중상
2014040700100471,2014년 4월 7일 19시,월요일,충청남도 당진시 송악읍,경상사고,0,0,2,0,차대차 - 기타,안전운전불이행,건조,맑음,기타 - 기타,승용,남,31세,상해없음,승용,남,30세,경상
2014040700100472,2014년 4월 7일 19시,월요일,충청남도 금산군 제원면,경상사고,0,0,2,0,차대차 - 추돌 - 진행중,안전운전불이행,건조,맑음,교차로 - 교차로안,승용,남,37세,경상,농기계,남,51세,경상
2014040700100501,2014년 4월 7일 20시,월요일,충청남도 태안군 태안읍,사망사고,1,0,0,0,차대차 - 추돌 - 주정차중,안전운전불이행,건조,맑음,교차로 - 교차로부근,화물,남,58세,사망,건설기계,남,44세,상해없음
2014040700100502,2014년 4월 7일 20시,월요일,충청남도 예산군 예산읍,중상사고,0,1,0,0,차대차 - 기타,중앙선침범,건조,맑음,단일로 - 기타,승용,남,30세,상해없음,이륜,남,48세,중상
2014040700100563,2014년 4월 7일 22시,월요일,충청남도 아산시 모종동,경상사고,0,0,1,0,차대사람 - 기타,안전운전불이행,건조,맑음,단일로 - 기타,승용,남,21세,상해없음,보행자,남,20세,경상
2014040700100564,2014년 4월 7일 22시,월요일,충청남도 천안시 동남구 광덕면,경상사고,0,0,2,0,차대차 - 기타,안전거리미확보,건조,맑음,단일로 - 기타,화물,남,48세,상해없음,승용,남,47세,경상
2014040700100589,2014년 4월 7일 23시,월요일,충청남도 천안시 서북구 성정동,경상사고,0,0,1,0,차대사람 - 기타,안전운전불이행,건조,맑음,단일로 - 기타,승용,남,39세,기타불명,보행자,남,54세,경상
2014040800100012,2014년 4월 8일 00시,화요일,충청남도 아산시 배방읍,중상사고,0,1,0,0,차대차 - 측면직각충돌,신호위반,건조,맑음,교차로 - 교차로안,승용,남,48세,상해없음,화물,남,44세,중상
2014040800100021,2014년 4월 8일 01시,화요일,충청남도 보령시 명천동,경상사고,0,0,1,0,차량단독 - 기타,안전운전불이행,건조,맑음,단일로 - 기타,승용,남,26세,경상,,,,
2014040800100035,2014년 4월 8일 03시,화요일,충청남도 당진시 송악읍,사망사고,1,0,0,0,차대차 - 추돌 - 진행중,과속,건조,맑음,단일로 - 기타,승용,남,35세,상해없음,이륜,남,53세,사망
2014040800100056,2014년 4월 8일 05시,화요일,충청남도 천안시 동남구 성황동,중상사고,0,1,0,0,차대사람 - 기타,안전운전불이행,건조,맑음,단일로 - 기타,자전거,남,56세,기타불명,보행자,남,53세,중상
2014040800100064,2014년 4월 8일 06시,화요일,충청남도 홍성군 홍북면,경상사고,0,0,1,0,차대차 - 기타,안전거리미확보,건조,맑음,교차로 - 교차로부근,승용,남,46세,상해없음,승용,남,34세,경상
2014040800100125,2014년 4월 8일 08시,화요일,충청남도 천안시 서북구 성환읍,경상사고,0,0,2,0,차대차 - 기타,안전운전불이행,건조,맑음,교차로 - 교차로부근,승용,여,55세,상해없음,승용,여,19세,경상
2014040800100126,2014년 4월 8일 08시,화요일,충청남도 당진시 정미면,중상사고,0,1,0,0,차대차 - 정면충돌,안전운전불이행,건조,맑음,단일로 - 기타,승용,남,62세,상해없음,이륜,남,81세,중상
2014040800100165,2014년 4월 8일 09시,화요일,충청남도 천안시 서북구 성정동,경상사고,0,0,1,0,차대사람 - 차도통행중,안전운전불이행,건조,맑음,단일로 - 기타,승용,여,29세,상해없음,보행자,여,28세,경상
2014040800100166,2014년 4월 8일 09시,화요일,충청남도 당진시 석문면,경상사고,0,0,1,0,차대차 - 추돌 - 진행중,안전운전불이행,건조,맑음,단일로 - 기타,특수,남,42세,상해없음,화물,남,63세,경상
2014040800100189,2014년 4월 8일 10시,화요일,충청남도 천안시 서북구 신당동,경상사고,0,0,3,0,차대차 - 추돌 - 진행중,교차로운행방법위반,건조,맑음,교차로 - 교차로부근,승용,남,60세,상해없음,승용,여,59세,경상
2014040800100216,2014년 4월 8일 11시,화요일,충청남도 천안시 서북구 성정동,경상사고,0,0,1,0,차대차 - 측면직각충돌,교차로운행방법위반,건조,맑음,교차로 - 교차로안,승용,남,43세,상해없음,승용,여,50세,경상
2014040800100243,2014년 4월 8일 12시,화요일,충청남도 아산시 영인면,중상사고,0,1,2,1,차대차 - 추돌 - 주정차중,안전운전불이행,건조,맑음,교차로 - 교차로부근,승용,남,73세,상해없음,승용,여,49세,경상
2014040800100268,2014년 4월 8일 13시,화요일,충청남도 보령시 미산면,경상사고,0,0,3,0,차대차 - 추돌 - 진행중,직진우회전진행방해,건조,맑음,교차로 - 교차로안,승용,남,34세,상해없음,승용,여,51세,경상
2014040800100269,2014년 4월 8일 13시,화요일,충청남도 금산군 진산면,중상사고,0,1,0,0,차대차 - 측면직각충돌,중앙선침범,건조,맑음,단일로 - 기타,이륜,남,51세,중상,건설기계,남,62세,상해없음