사고번호,사고일시,요일,시군구,사고내용,사망자수,중상자수,경상자수,부상신고자수,사고유형,법규위반,노면상태,기상상태,도로형태,가해운전자 차종,가해운전자 성별,가해운전자 연령,가해운전자 상해정도,피해운전자 차종,피해운전자 성별,피해운전자 연령,피해운전자 상해정도
2014042500100371,2014년 4월 25일 16시,금요일,충청남도 논산시 강산동,경상사고,0,0,1,0,차대차 - 측면직각충돌,차로위반,건조,맑음,단일로 - 기타,승용,여,42세,경상,승용,여,25세,상해없음
2014042500100372,2014년 4월 25일 16시,금요일,충청남도 예산군 예산읍,경상사고,0,0,2,0,차대사람 - 횡단중,안전운전불이행,건조,맑음,교차로 - 교차로부근,화물,남,63세,상해없음,보행자,여,12세,경상
2014042500100373,2014년 4월 25일 16시,금요일,충청남도 천안시 동남구 원성동,중상사고,0,1,0,0,차대차 - 기타,안전운전불이행,건조,맑음,단일로 - 기타,승합,남,59세,상해없음,자전거,남,12세,중상
2014042500100374,2014년 4월 25일 16시,금요일,충청남도 천안시 서북구 성거읍,중상사고,0,1,3,0,차대차 - 추돌 - 진행중,안전운전불이행,건조,맑음,단일로 - 기타,화물,남,45세,상해없음,승용,남,31세,경상
2014042500100419,2014년 4월 25일 17시,금요일,충청남도 천안시 서북구 백석동,경상사고,0,0,1,0,차대차 - 측면직각충돌,교차로운행방법위반,건조,맑음,교차로 - 교차로안,승용,남,27세,상해없음,승용,남,30세,경상
2014042500100467,2014년 4월 25일 18시,금요일,충청남도 천안시 서북구 쌍용동,경상사고,0,0,1,0,차대사람 - 횡단중,보행자보호의무위반,건조,맑음,단일로 - 횡단보도상,이륜,남,21세,상해없음,보행자,여,6세,경상
2014042500100468,2014년 4월 25일 18시,금요일,충청남도 부여군 은산면,경상사고,0,0,1,0,차대차 - 측면직각충돌,교차로운행방법위반,건조,맑음,교차로 - 교차로안,이륜,남,63세,경상,화물,남,60세,상해없음
2014042500100469,2014년 4월 25일 18시,금요일,충청남도 청양군 화성면,부상신고사고,0,0,0,1,차대사람 - 기타,안전운전불이행,건조,맑음,단일로 - 기타,승용,여,51세,부상신고,보행자,남,77세,상해없음
2014042500100547,2014년 4월 25일 20시,금요일,충청남도 서산시 성연면,경상사고,0,0,2,0,차대차 - 추돌 - 주정차중,안전운전불이행,건조,맑음,단일로 - 기타,승용,남,51세,상해없음,화물,남,67세,경상
2014042500100548,2014년 4월 25일 20시,금요일,충청남도 천안시 서북구 두정동,중상사고,0,1,0,0,차대사람 - 기타,안전운전불이행,건조,맑음,단일로 - 기타,승용,남,52세,상해없음,보행자,남,50세,중상
2014042500100549,2014년 4월 25일 20시,금요일,충청남도 보령시 대천동,중상사고,0,1,1,0,차대차 - 기타,신호위반,건조,맑음,교차로 - 교차로안,이륜,남,16세,중상,승용,여,29세,경상
2014042500100619,2014년 4월 25일 22시,금요일,충청남도 천안시 서북구 성정동,경상사고,0,0,1,0,차대차 - 기타,안전운전불이행,건조,맑음,단일로 - 기타,승용,남,37세,상해없음,원동기,남,40세,경상
2014042600100015,2014년 4월 26일 00시,토요일,충청남도 논산시 등화동,경상사고,0,0,1,0,차대차 - 측면직각충돌,신호위반,건조,맑음,교차로 - 교차로안,승용,남,26세,기타불명,화물,남,49세,경상
2014042600100016,2014년 4월 26일 00시,토요일,충청남도 당진시 송악읍,중상사고,0,1,0,0,차대차 - 추돌 - 진행중,안전운전불이행,건조,맑음,교차로 - 교차로부근,화물,남,53세,상해없음,승용,남,60세,중상
2014042600100017,2014년 4월 26일 00시,토요일,충청남도 당진시 읍내리,중상사고,0,1,0,0,차대차 - 측면직각충돌,교차로운행방법위반,건조,기타,교차로 - 교차로안,승용,남,40세,기타불명,승용,남,30세,중상
2014042600100083,2014년 4월 26일 04시,토요일,충청남도 천안시 서북구 성정동,경상사고,0,0,2,0,차대사람 - 기타,안전운전불이행,습기,비,단일로 - 기타,승용,남,31세,상해없음,보행자,남,21세,경상
2014042600100185,2014년 4월 26일 10시,토요일,충청남도 서천군 장항읍,중상사고,0,1,0,0,차대사람 - 기타,안전운전불이행,건조,맑음,교차로 - 교차로안,승용,여,51세,상해없음,보행자,여,84세,중상
2014042600100239,2014년 4월 26일 12시,토요일,충청남도 아산시 영인면,중상사고,0,1,0,0,차량단독 - 공작물충돌,안전운전불이행,건조,맑음,기타 - 기타,이륜,남,17세,상해없음,,,,
2014042600100240,2014년 4월 26일 12시,토요일,충청남도 천안시 동남구 구성동,중상사고,0,1,4,0,차대차 - 기타,안전거리미확보,건조,맑음,단일로 - 기타,승용,남,33세,중상,승용,남,30세,경상
2014042600100273,2014년 4월 26일 13시,토요일,충청남도 서산시 대산읍,경상사고,0,0,2,0,차대차 - 측면직각충돌,중앙선침범,건조,맑음,교차로 - 교차로부근,승용,남,57세,상해없음,승용,남,57세,경상
2014042600100311,2014년 4월 26일 14시,토요일,충청남도 부여군 외산면,경상사고,0,0,1,0,차대차 - 기타,안전운전불이행,건조,맑음,단일로 - 기타,화물,남,64세,기타불명,승용,여,53세,경상
2014042600100430,2014년 4월 26일 17시,토요일,충청남도 천안시 서북구 백석동,경상사고,0,0,1,0,차대차 - 기타,안전운전불이행,건조,맑음,교차로 - 교차로부근,승용,여,39세,상해없음,원동기,남,43세,경상
2014042600100431,2014년 4월 26일 17시,토요일,충청남도 예산군 봉산면,중상사고,0,1,0,0,차대차 - 측면직각충돌,직진우회전진행방해,건조,맑음,교차로 - 교차로안,승용,남,24세,상해없음,승용,남,62세,상해없음
2014042600100432,2014년 4월 26일 17시,토요일,충청남도 천안시 서북구 성거읍,경상사고,0,0,1,0,차대차 - 기타,안전거리미확보,건조,맑음,단일로 - 기타,특수,남,30세,상해없음,승용,여,25세,상해없음
2014042600100434,2014년 4월 26일 17시,토요일,충청남도 서천군 비인면,중상사고,0,2,1,0,차대차 - 추돌 - 진행중,신호위반,건조,맑음,단일로 - 기타,승용,남,51세,중상,승용,남,26세,경상
2014042600100509,2014년 4월 26일 19시,토요일,충청남도 금산군 금산읍,중상사고,0,1,1,0,차대사람 - 횡단중,보행자보호의무위반,건조,맑음,단일로 - 횡단보도상,승용,남,41세,상해없음,보행자,남,55세,중상
2014042600100543,2014년 4월 26일 20시,토요일,충청남도 예산군 오가면,경상사고,0,0,1,0,차량단독 - 전도전복,안전운전불이행,건조,흐림,단일로 - 기타,이륜,여,60세,경상,,,,
2014042600100572,2014년 4월 26일 21시,토요일,충청남도 보령시 주포면,경상사고,0,0,2,0,차대차 - 추돌 - 주정차중,안전운전불이행,건조,맑음,교차로 - 교차로부근,화물,남,77세,기타불명,승용,남,53세,경상
2014042700100014,2014년 4월 27일 00시,일요일,충청남도 아산시 좌부동,사망사고,1,0,0,1,차대차 - 정면충돌,중앙선침범,건조,맑음,단일로 - 기타,승용,남,59세,사망,승합,남,40세,부상신고
2014042700100078,2014년 4월 27일 03시,일요일,충청남도 당진시 송악읍,경상사고,0,0,3,0,차대차 - 측면직각충돌,안전운전불이행,습기,비,단일로 - 기타,승용,남,37세,상해없음,승용,남,31세,경상
2014042700100105,2014년 4월 27일 05시,일요일,충청남도 청양군 화성면,경상사고,0,0,2,0,차량단독 - 공작물충돌,안전운전불이행,습기,비,단일로 - 기타,승용,남,18세,상해없음,,,,
2014042700100162,2014년 4월 27일 09시,일요일,충청남도 금산군 금산읍,중상사고,0,1,0,0,차대차 - 정면충돌,교차로운행방법위반,습기,비,교차로 - 교차로안,승용,여,34세,상해없음,이륜,남,61세,중상
2014042700100197,2014년 4월 27일 11시,일요일,충청남도 태안군 안면읍,중상사고,0,1,0,0,차대차 - 측면직각충돌,직진우회전진행방해,건조,맑음,교차로 - 교차로안,화물,남,40세,상해없음,승용,남,73세,중상
2014042700100198,2014년 4월 27일 11시,일요일,충청남도 아산시 염치읍,중상사고,0,1,1,0,차대차 - 기타,중앙선침범,습기,비,단일로 - 기타,승용,여,42세,경상,화물,남,55세,중상
2014042700100218,2014년 4월 27일 12시,일요일,충청남도 청양군 정산면,중상사고,0,1,0,0,차대차 - 측면직각충돌,교차로운행방법위반,습기,비,교차로 - 교차로부근,승용,남,52세,상해없음,이륜,남,74세,중상
2014042700100283,2014년 4월 27일 14시,일요일,충청남도 논산시 벌곡면,중상사고,0,1,3,0,차대차 - 측면직각충돌,안전운전불이행,습기,비,교차로 - 교차로안,화물,남,76세,경상,화물,남,47세,경상
2014042700100284,2014년 4월 27일 14시,일요일,충청남도 홍성군 홍성읍,중상사고,0,1,0,0,차대차 - 추돌 - 진행중,안전운전불이행,습기,비,교차로 - 교차로부근,승용,남,64세,상해없음,원동기,남,42세,중상
2014042700100285,2014년 4월 27일 14시,일요일,충청남도 아산시 배방읍,경상사고,0,0,3,0,차대차 - 추돌 - 주정차중,안전운전불이행,습기,흐림,단일로 - 기타,승용,남,59세,상해없음,승용,남,51세,경상
2014042700100321,2014년 4월 27일 15시,일요일,충청남도 아산시 권곡동,경상사고,0,0,1,0,차대차 - 추돌 - 주정차중,안전운전불이행,습기,흐림,단일로 - 기타,화물,남,54세,상해없음,승용,남,41세,경상
2014042700100349,2014년 4월 27일 16시,일요일,충청남도 예산군 덕산면,경상사고,0,0,1,0,차대차 - 기타,안전운전불이행,습기,비,단일로 - 기타,화물,남,63세,상해없음,승용,남,34세,경상
2014042700100370,2014년 4월 27일 17시,일요일,충청남도 논산시 가야곡면,경상사고,0,0,1,0,차대사람 - 횡단중,안전운전불이행,습기,비,단일로 - 기타,승용,남,52세,상해없음,보행자,남,82세,경상
2014042700100371,2014년 4월 27일 17시,일요일,충청남도 천안시 동남구 구성동,경상사고,0,0,1,0,차대차 - 기타,안전운전불이행,습기,흐림,단일로 - 기타,기타불명,기타불명,기타불명,기타불명,승용,남,47세,경상
2014042700100434,2014년 4월 27일 19시,일요일,충청남도 서산시 석림동,중상사고,0,1,0,0,차대차 - 측면직각충돌,중앙선침범,습기,비,단일로 - 기타,승용,남,44세,상해없음,승용,여,26세,중상
2014042700100435,2014년 4월 27일 19시,일요일,충청남도 홍성군 홍성읍,중상사고,0,1,1,0,차대차 - 측면직각충돌,교차로운행방법위반,습기,비,교차로 - 교차로안,승용,남,64세,상해없음,승용,남,51세,경상
2014042700100436,2014년 4월 27일 19시,일요일,충청남도 부여군 규암면,중상사고,0,1,0,0,차대차 - 기타,중앙선침범,습기,비,단일로 - 기타,승용,남,52세,상해없음,승용,여,45세,중상
2014042700100437,2014년 4월 27일 19시,일요일,충청남도 당진시 송악읍,경상사고,0,0,2,0,차대차 - 추돌 - 주정차중,안전운전불이행,습기,비,단일로 - 기타,승용,남,42세,상해없음,승용,여,32세,경상
2014042700100438,2014년 4월 27일 19시,일요일,충청남도 당진시 시곡리,중상사고,0,1,1,0,차대차 - 기타,안전운전불이행,습기,비,기타 - 기타,승용,남,29세,상해없음,승용,남,30세,경상
2014042700100439,2014년 4월 27일 19시,일요일,충청남도 천안시 동남구 신부동,경상사고,0,0,1,0,차대차 - 기타,안전운전불이행,건조,맑음,단일로 - 기타,승용,여,54세,상해없음,원동기,남,23세,경상
2014042700100485,2014년 4월 27일 20시,일요일,충청남도 천안시 동남구 문화동,중상사고,0,1,0,0,차대사람 - 횡단중,안전운전불이행,습기,비,단일로 - 기타,승용,남,51세,상해없음,보행자,남,54세,중상
2014042700100613,2014년 4월 27일 23시,일요일,충청남도 당진시 송산면,경상사고,0,0,1,0,차대차 - 기타,기타,습기,비,기타 - 기타,승용,남,51세,상해없음,승용,여,58세,경상
2014042800100009,2014년 4월 28일 00시,월요일,충청남도 예산군 예산읍,경상사고,0,0,1,0,차량단독 - 공작물충돌,안전운전불이행,습기,비,단일로 - 기타,승용,남,58세,경상,,,,
2014042800100029,2014년 4월 28일 01시,월요일,충청남도 서산시 예천동,중상사고,0,1,1,0,차대차 - 추돌 - 주정차중,안전운전불이행,습기,비,교차로 - 교차로부근,승용,남,55세,상해없음,승용,남,60세,경상
2014042800100042,2014년 4월 28일 02시,월요일,충청남도 천안시 동남구 북면,중상사고,0,1,0,0,차대사람 - 기타,안전운전불이행,습기,비,단일로 - 기타,승용,남,30세,상해없음,보행자,남,51세,중상
2014042800100043,2014년 4월 28일 02시,월요일,충청남도 천안시 동남구 사직동,경상사고,0,0,1,0,차대차 - 추돌 - 주정차중,안전운전불이행,건조,맑음,단일로 - 기타,승용,남,52세,상해없음,승용,남,30세,경상
2014042800100070,2014년 4월 28일 05시,월요일,충청남도 아산시 음봉면,사망사고,1,0,0,0,차대차 - 기타,과속,습기,비,교차로 - 교차로안,승용,남,31세,상해없음,이륜,남,75세,사망
2014042800100146,2014년 4월 28일 08시,월요일,충청남도 보령시 내항동,경상사고,0,0,3,0,차대차 - 측면직각충돌,안전거리미확보,습기,비,단일로 - 기타,승용,남,67세,경상,승합,남,56세,경상
2014042800100213,2014년 4월 28일 10시,월요일,충청남도 천안시 동남구 목천읍,경상사고,0,0,1,0,차대차 - 추돌 - 주정차중,안전운전불이행,습기,비,단일로 - 기타,승용,남,48세,경상,승용,남,43세,기타불명
2014042800100246,2014년 4월 28일 11시,월요일,충청남도 서산시 지곡면,중상사고,0,1,0,1,차대차 - 측면직각충돌,신호위반,습기,비,교차로 - 교차로안,화물,남,40세,부상신고,화물,남,52세,중상
2014042800100247,2014년 4월 28일 11시,월요일,충청남도 아산시 신창면,경상사고,0,0,1,0,차대차 - 기타,안전운전불이행,습기,비,교차로 - 교차로부근,화물,남,35세,상해없음,이륜,남,47세,경상
2014042800100248,2014년 4월 28일 11시,월요일,충청남도 금산군 남이면,중상사고,0,1,0,0,차대차 - 기타,안전운전불이행,건조,맑음,단일로 - 기타,승용,남,55세,기타불명,승용,남,74세,중상
2014042800100280,2014년 4월 28일 12시,월요일,충청남도 천안시 동남구 병천면,중상사고,0,1,0,0,차대사람 - 횡단중,안전운전불이행,습기,비,단일로 - 기타,화물,남,57세,상해없음,보행자,여,15세,중상
2014042800100313,2014년 4월 28일 13시,월요일,충청남도 아산시 용화동,경상사고,0,0,1,0,차대사람 - 횡단중,안전운전불이행,건조,맑음,단일로 - 기타,화물,남,44세,상해없음,보행자,남,7세,경상
2014042800100314,2014년 4월 28일 13시,월요일,충청남도 당진시 신평면,경상사고,0,0,1,0,차대사람 - 횡단중,보행자보호의무위반,건조,맑음,단일로 - 기타,승용,여,48세,상해없음,보행자,남,7세,경상
2014042800100383,2014년 4월 28일 15시,월요일,충청남도 논산시 부창동,경상사고,0,0,2,0,차대차 - 기타,차로위반,건조,맑음,단일로 - 기타,기타불명,기타불명,기타불명,기타불명,승용,남,52세,경상
2014042800100384,2014년 4월 28일 15시,월요일,충청남도 부여군 부여읍,경상사고,0,0,4,0,차대차 - 기타,안전운전불이행,건조,맑음,단일로 - 터널,승용,여,28세,상해없음,화물,남,37세,경상
2014042800100385,2014년 4월 28일 15시,월요일,충청남도 당진시 송악읍,경상사고,0,0,4,0,차대차 - 추돌 - 진행중,안전운전불이행,건조,맑음,교차로 - 교차로부근,승용,남,51세,상해없음,승용,남,65세,경상
2014042800100386,2014년 4월 28일 15시,월요일,충청남도 금산군 남이면,경상사고,0,0,1,0,차대차 - 기타,안전운전불이행,건조,맑음,단일로 - 기타,승용,남,59세,상해없음,농기계,남,44세,경상
2014042800100425,2014년 4월 28일 16시,월요일,충청남도 보령시 대천동,중상사고,0,1,0,0,차대차 - 측면직각충돌,안전운전불이행,건조,맑음,교차로 - 교차로안,승용,남,74세,상해없음,화물,여,24세,중상
2014042800100426,2014년 4월 28일 16시,월요일,충청남도 청양군 장평면,부상신고사고,0,0,0,1,차량단독 - 기타,안전운전불이행,건조,맑음,단일로 - 기타,농기계,남,79세,부상신고,,,,
2014042800100459,2014년 4월 28일 17시,월요일,충청남도 공주시 신관동,중상사고,0,1,0,0,차대사람 - 기타,안전운전불이행,건조,맑음,기타 - 기타,승용,남,51세,상해없음,보행자,남,16세,중상
2014042800100599,2014년 4월 28일 21시,월요일,충청남도 서산시 잠홍동,경상사고,0,0,2,0,차대차 - 추돌 - 주정차중,안전운전불이행,습기,비,교차로 - 교차로부근,승용,남,47세,상해없음,승용,여,54세,경상
2014042800100600,2014년 4월 28일 21시,월요일,충청남도 아산시 염치읍,경상사고,0,0,1,0,차대차 - 추돌 - 진행중,안전운전불이행,습기,비,교차로 - 교차로부근,승용,여,60세,상해없음,승합,남,37세,경상
2014042800100601,2014년 4월 28일 21시,월요일,충청남도 당진시 송악읍,경상사고,0,0,1,0,차대차 - 추돌 - 진행중,안전운전불이행,건조,맑음,단일로 - 기타,승용,남,54세,상해없음,승용,남,53세,경상
2014042800100647,2014년 4월 28일 22시,월요일,충청남도 천안시 서북구 두정동,경상사고,0,0,1,0,차대차 - 추돌 - 진행중,안전운전불이행,습기,비,단일로 - 기타,승용,남,28세,상해없음,원동기,남,20세,경상
2014042900100011,2014년 4월 29일 00시,화요일,충청남도 아산시 온천동,경상사고,0,0,1,0,차대차 - 기타,안전운전불이행,습기,비,교차로 - 교차로안,승용,남,27세,상해없음,승용,남,45세,경상
2014042900100012,2014년 4월 29일 00시,화요일,충청남도 천안시 동남구 구성동,중상사고,0,1,1,0,차대차 - 추돌 - 진행중,신호위반,습기,비,교차로 - 교차로안,승용,남,30세,상해없음,승용,남,56세,중상
2014042900100013,2014년 4월 29일 00시,화요일,충청남도 천안시 동남구 안서동,중상사고,0,1,0,0,차대사람 - 길가장자리구역통행중,안전운전불이행,습기,비,단일로 - 기타,승용,남,23세,상해없음,보행자,남,24세,중상
2014042900100042,2014년 4월 29일 01시,화요일,충청남도 천안시 서북구 두정동,경상사고,0,0,1,0,차대사람 - 차도통행중,안전운전불이행,습기,비,단일로 - 기타,승용,여,23세,상해없음,보행자,남,24세,경상
2014042900100111,2014년 4월 29일 06시,화요일,충청남도 공주시 옥룡동,경상사고,0,0,2,0,차대차 - 기타,안전운전불이행,습기,비,기타 - 기타,화물,남,79세,상해없음,승용,여,48세,경상
2014042900100127,2014년 4월 29일 07시,화요일,충청남도 아산시 염치읍,중상사고,0,1,1,0,차대차 - 측면직각충돌,신호위반,습기,비,교차로 - 교차로안,승용,남,34세,상해없음,승합,남,38세,경상
2014042900100173,2014년 4월 29일 08시,화요일,충청남도 서산시 부석면,중상사고,0,1,0,0,차대차 - 기타,중앙선침범,습기,비,기타 - 기타,승용,여,40세,상해없음,승합,남,40세,중상
2014042900100174,2014년 4월 29일 08시,화요일,충청남도 서산시 동문동,중상사고,0,1,0,0,차대사람 - 횡단중,보행자보호의무위반,건조,맑음,교차로 - 교차로부근,승용,남,53세,상해없음,보행자,여,70세,중상
2014042900100175,2014년 4월 29일 08시,화요일,충청남도 천안시 서북구 불당동,경상사고,0,0,1,0,차대차 - 측면직각충돌,신호위반,건조,맑음,교차로 - 교차로안,승합,여,43세,상해없음,승용,남,48세,경상
2014042900100176,2014년 4월 29일 08시,화요일,충청남도 아산시 도고면,중상사고,0,1,0,0,차대차 - 측면직각충돌,기타,습기,비,교차로 - 교차로안,승용,남,38세,중상,승용,남,60세,상해없음
2014042900100177,2014년 4월 29일 08시,화요일,충청남도 예산군 예산읍,경상사고,0,0,1,0,차대차 - 기타,중앙선침범,습기,비,단일로 - 기타,승용,남,45세,상해없음,승용,여,48세,경상
2014042900100251,2014년 4월 29일 10시,화요일,충청남도 예산군 대술면,사망사고,1,0,0,0,차대차 - 기타,안전운전불이행,습기,비,교차로 - 교차로안,승합,남,50세,상해없음,이륜,남,62세,사망
2014042900100252,2014년 4월 29일 10시,화요일,충청남도 천안시 동남구 목천읍,중상사고,0,2,2,0,차대차 - 기타,교차로운행방법위반,건조,맑음,교차로 - 교차로안,승용,여,30세,상해없음,승용,남,67세,중상
2014042900100309,2014년 4월 29일 13시,화요일,충청남도 천안시 동남구 신방동,경상사고,0,0,1,0,차대차 - 측면직각충돌,신호위반,건조,맑음,교차로 - 교차로안,승합,여,61세,상해없음,승용,여,38세,경상
2014042900100337,2014년 4월 29일 14시,화요일,충청남도 홍성군 광천읍,경상사고,0,0,1,0,차대차 - 추돌 - 주정차중,안전운전불이행,건조,맑음,단일로 - 기타,승용,남,61세,상해없음,승용,여,50세,경상
2014042900100338,2014년 4월 29일 14시,화요일,충청남도 부여군 부여읍,중상사고,0,1,0,0,차대차 - 측면직각충돌,교차로운행방법위반,건조,맑음,교차로 - 교차로안,승용,여,61세,상해없음,자전거,남,82세,중상
2014042900100339,2014년 4월 29일 14시,화요일,충청남도 천안시 동남구 원성동,부상신고사고,0,0,0,1,차대차 - 기타,교차로운행방법위반,건조,맑음,교차로 - 교차로부근,이륜,남,42세,부상신고,승용,남,31세,기타불명
2014042900100368,2014년 4월 29일 15시,화요일,충청남도 당진시 송산면,중상사고,0,1,1,0,차대차 - 정면충돌,중앙선침범,건조,맑음,단일로 - 기타,화물,남,51세,중상,승용,남,34세,경상
2014042900100369,2014년 4월 29일 15시,화요일,충청남도 천안시 동남구 삼룡동,경상사고,0,0,1,0,차대차 - 측면직각충돌,안전운전불이행,건조,맑음,단일로 - 기타,승용,남,53세,기타불명,승용,남,47세,경상
2014042900100370,2014년 4월 29일 15시,화요일,충청남도 천안시 동남구 성황동,경상사고,0,0,2,0,차대차 - 측면직각충돌,중앙선침범,건조,맑음,단일로 - 기타,승용,남,50세,상해없음,승용,남,39세,경상
2014042900100412,2014년 4월 29일 16시,화요일,충청남도 서산시 읍내동,경상사고,0,0,1,0,차대차 - 기타,안전운전불이행,건조,맑음,교차로 - 교차로안,자전거,남,18세,경상,승용,남,49세,상해없음
2014042900100440,2014년 4월 29일 17시,화요일,충청남도 공주시 이인면,중상사고,0,1,0,0,차대차 - 추돌 - 진행중,안전운전불이행,건조,맑음,단일로 - 기타,승용,여,45세,상해없음,자전거,남,64세,중상
2014042900100441,2014년 4월 29일 17시,화요일,충청남도 천안시 동남구 다가동,경상사고,0,0,1,0,차대사람 - 기타,안전운전불이행,건조,맑음,단일로 - 기타,이륜,남,44세,상해없음,보행자,여,3세,경상
2014042900100518,2014년 4월 29일 19시,화요일,충청남도 서산시 석남동,중상사고,0,1,1,0,차대차 - 정면충돌,신호위반,건조,맑음,교차로 - 교차로안,화물,남,33세,경상,승용,남,29세,중상
2014042900100519,2014년 4월 29일 19시,화요일,충청남도 천안시 동남구 원성동,부상신고사고,0,0,0,1,차대차 - 기타,안전운전불이행,건조,맑음,단일로 - 기타,기타불명,기타불명,기타불명,기타불명,자전거,남,46세,부상신고
2014042900100556,2014년 4월 29일 20시,화요일,충청남도 천안시 서북구 성거읍,중상사고,0,1,0,0,차량단독 - 전도전복,안전운전불이행,건조,맑음,기타 - 기타,이륜,남,28세,중상,,,,
2014042900100610,2014년 4월 29일 22시,화요일,충청남도 천안시 서북구 쌍용동,경상사고,0,0,1,0,차대사람 - 횡단중,신호위반,건조,맑음,교차로 - 교차로안,화물,남,59세,상해없음,보행자,여,16세,경상
2014042900100636,2014년 4월 29일 23시,화요일,충청남도 논산시 등화동,경상사고,0,0,4,0,차대차 - 측면직각충돌,신호위반,건조,맑음,교차로 - 교차로안,화물,여,45세,상해없음,승용,여,52세,경상
2014043000100015,2014년 4월 30일 00시,수요일,충청남도 천안시 서북구 쌍용동,경상사고,0,0,1,0,차대차 - 추돌 - 주정차중,안전운전불이행,건조,맑음,교차로 - 교차로부근,승용,여,52세,상해없음,승용,남,51세,경상
2014043000100150,2014년 4월 30일 08시,수요일,충청남도 서천군 서천읍,경상사고,0,0,3,0,차대차 - 기타,직진우회전진행방해,건조,맑음,교차로 - 교차로안,승용,남,37세,경상,승용,여,31세,경상
2014043000100331,2014년 4월 30일 14시,수요일,충청남도 천안시 동남구 삼룡동,중상사고,0,1,1,0,차대차 - 추돌 - 진행중,안전운전불이행,건조,맑음,단일로 - 기타,승용,여,28세,상해없음,승용,남,42세,경상
2014043000100424,2014년 4월 30일 17시,수요일,충청남도 당진시 원당리,중상사고,0,1,0,0,차대사람 - 기타,안전운전불이행,건조,맑음,기타 - 기타,승합,여,44세,상해없음,보행자,여,8세,중상
2014043000100497,2014년 4월 30일 19시,수요일,충청남도 당진시 채운동,경상사고,0,0,1,0,차대차 - 측면직각충돌,신호위반,건조,기타,교차로 - 교차로안,승용,남,29세,상해없음,원동기,남,17세,경상
2014043000100528,2014년 4월 30일 20시,수요일,충청남도 보령시 명천동,경상사고,0,0,1,0,차대사람 - 횡단중,안전운전불이행,건조,맑음,교차로 - 교차로안,이륜,남,18세,상해없음,보행자,남,11세,경상
2014043000100529,2014년 4월 30일 20시,수요일,충청남도 부여군 부여읍,중상사고,0,1,0,0,차대차 - 기타,직진우회전진행방해,건조,맑음,교차로 - 교차로부근,승용,남,51세,상해없음,화물,여,39세,중상
2014043000100624,2014년 4월 30일 22시,수요일,충청남도 천안시 동남구 신부동,중상사고,0,1,0,0,차대차 - 추돌 - 진행중,안전거리미확보,건조,맑음,단일로 - 기타,승용,남,36세,상해없음,승용,여,55세,중상
2014043000100660,2014년 4월 30일 23시,수요일,충청남도 천안시 서북구 백석동,경상사고,0,0,3,0,차대차 - 추돌 - 진행중,안전거리미확보,건조,맑음,단일로 - 기타,승용,남,21세,상해없음,승용,남,50세,상해없음
2014043000100661,2014년 4월 30일 23시,수요일,충청남도 천안시 서북구 백석동,경상사고,0,0,2,0,차대차 - 기타,안전운전불이행,건조,맑음,교차로 - 교차로부근,승용,남,40세,상해없음,승용,남,66세,경상
2014043000100662,2014년 4월 30일 23시,수요일,충청남도 아산시 온천동,경상사고,0,0,1,0,차대차 - 기타,안전운전불이행,건조,맑음,단일로 - 기타,기타불명,기타불명,기타불명,기타불명,승합,남,55세,경상
2014050100100016,2014년 5월 1일 00시,목요일,충청남도 논산시 취암동,중상사고,0,1,1,0,차대차 - 측면직각충돌,안전운전불이행,건조,맑음,단일로 - 기타,승용,남,33세,상해없음,승용,남,40세,중상
2014050100100058,2014년 5월 1일 03시,목요일,충청남도 천안시 서북구 직산읍,경상사고,0,0,1,0,차대차 - 추돌 - 진행중,안전운전불이행,건조,맑음,교차로 - 교차로부근,승용,남,25세,상해없음,승용,남,51세,경상
2014050100100105,2014년 5월 1일 07시,목요일,충청남도 천안시 서북구 성정동,중상사고,0,1,2,0,차대차 - 기타,안전운전불이행,건조,맑음,교차로 - 교차로안,자전거,남,29세,중상,승합,남,39세,상해없음
2014050100100106,2014년 5월 1일 07시,목요일,충청남도 천안시 동남구 구성동,경상사고,0,0,1,0,차대차 - 측면직각충돌,안전운전불이행,건조,맑음,단일로 - 기타,승용,남,48세,상해없음,자전거,남,13세,경상
2014050100100137,2014년 5월 1일 08시,목요일,충청남도 홍성군 홍동면,부상신고사고,0,0,0,1,차대사람 - 기타,안전운전불이행,건조,맑음,단일로 - 기타,승용,기타불명,기타불명,기타불명,보행자,남,10세,부상신고
2014050100100166,2014년 5월 1일 09시,목요일,충청남도 태안군 태안읍,경상사고,0,0,2,0,차대차 - 측면직각충돌,직진우회전진행방해,건조,맑음,교차로 - 교차로안,화물,남,33세,경상,승용,여,54세,경상
2014050100100189,2014년 5월 1일 10시,목요일,충청남도 아산시 좌부동,경상사고,0,0,1,0,차량단독 - 기타,교차로운행방법위반,건조,맑음,교차로 - 교차로부근,승용,남,68세,상해없음,,,,
2014050100100190,2014년 5월 1일 10시,목요일,충청남도 서천군 한산면,중상사고,0,1,0,0,차대사람 - 기타,안전운전불이행,건조,맑음,교차로 - 교차로안,화물,남,75세,상해없음,보행자,남,76세,중상