사고번호,사고일시,요일,시군구,사고내용,사망자수,중상자수,경상자수,부상신고자수,사고유형,법규위반,노면상태,기상상태,도로형태,가해운전자 차종,가해운전자 성별,가해운전자 연령,가해운전자 상해정도,피해운전자 차종,피해운전자 성별,피해운전자 연령,피해운전자 상해정도
2014050100100268,2014년 5월 1일 13시,목요일,충청남도 천안시 동남구 신부동,중상사고,0,1,0,0,차대차 - 추돌 - 진행중,안전운전불이행,건조,맑음,단일로 - 기타,승용,여,49세,상해없음,승용,남,63세,중상
2014050100100338,2014년 5월 1일 15시,목요일,충청남도 아산시 탕정면,중상사고,0,1,0,0,차대차 - 기타,안전운전불이행,건조,맑음,교차로 - 교차로부근,승용,남,25세,상해없음,이륜,남,67세,중상
2014050100100380,2014년 5월 1일 16시,목요일,충청남도 천안시 서북구 직산읍,경상사고,0,0,1,0,차대차 - 측면직각충돌,안전운전불이행,건조,맑음,단일로 - 기타,화물,남,52세,상해없음,화물,남,43세,경상
2014050100100381,2014년 5월 1일 16시,목요일,충청남도 천안시 동남구 구성동,경상사고,0,0,1,0,차대사람 - 보도통행중,신호위반,건조,맑음,단일로 - 횡단보도상,승합,남,54세,상해없음,보행자,여,11세,경상
2014050100100416,2014년 5월 1일 17시,목요일,충청남도 당진시 신평면,사망사고,1,0,0,0,차대차 - 정면충돌,안전운전불이행,건조,맑음,교차로 - 교차로안,화물,남,41세,상해없음,자전거,여,49세,사망
2014050100100417,2014년 5월 1일 17시,목요일,충청남도 천안시 동남구 신부동,경상사고,0,0,1,0,차대사람 - 기타,안전운전불이행,건조,맑음,단일로 - 기타,승용,남,58세,상해없음,보행자,남,29세,경상
2014050100100452,2014년 5월 1일 18시,목요일,충청남도 천안시 서북구 직산읍,중상사고,0,1,0,0,차량단독 - 도로외이탈 - 기타,안전운전불이행,건조,맑음,단일로 - 기타,원동기,남,48세,중상,,,,
2014050100100453,2014년 5월 1일 18시,목요일,충청남도 공주시 상왕동,경상사고,0,0,1,0,차대차 - 추돌 - 주정차중,안전운전불이행,건조,맑음,단일로 - 기타,화물,남,66세,상해없음,승용,남,47세,경상
2014050100100454,2014년 5월 1일 18시,목요일,충청남도 금산군 금산읍,중상사고,0,1,0,0,차대차 - 측면직각충돌,교차로운행방법위반,건조,맑음,교차로 - 교차로안,원동기,남,77세,중상,승용,남,46세,상해없음
2014050100100532,2014년 5월 1일 20시,목요일,충청남도 태안군 안면읍,사망사고,1,0,0,0,차량단독 - 도로외이탈 - 기타,안전운전불이행,습기,맑음,단일로 - 기타,농기계,남,68세,사망,,,,
2014050100100562,2014년 5월 1일 21시,목요일,충청남도 공주시 옥룡동,경상사고,0,0,2,0,차대차 - 추돌 - 주정차중,안전운전불이행,건조,맑음,단일로 - 교량,승용,남,31세,기타불명,승용,여,55세,경상
2014050100100592,2014년 5월 1일 22시,목요일,충청남도 천안시 서북구 성정동,경상사고,0,0,1,0,차대사람 - 기타,안전운전불이행,건조,맑음,단일로 - 기타,승용,남,26세,상해없음,보행자,여,18세,경상
2014050200100042,2014년 5월 2일 02시,금요일,충청남도 아산시 염치읍,중상사고,0,1,0,0,차대차 - 측면직각충돌,신호위반,건조,맑음,교차로 - 교차로안,승용,남,36세,상해없음,승용,남,48세,중상
2014050200100049,2014년 5월 2일 03시,금요일,충청남도 청양군 목면,사망사고,1,2,0,0,차대사람 - 기타,안전운전불이행,건조,맑음,단일로 - 기타,승용,남,52세,중상,보행자,남,46세,사망
2014050200100068,2014년 5월 2일 05시,금요일,충청남도 예산군 예산읍,중상사고,0,1,0,0,차대차 - 기타,직진우회전진행방해,건조,맑음,교차로 - 교차로안,승용,여,55세,상해없음,자전거,여,70세,중상
2014050200100099,2014년 5월 2일 07시,금요일,충청남도 홍성군 서부면,경상사고,0,0,1,0,차대차 - 기타,안전운전불이행,건조,맑음,교차로 - 교차로안,화물,남,69세,상해없음,화물,남,59세,경상
2014050200100100,2014년 5월 2일 07시,금요일,충청남도 공주시 중학동,경상사고,0,0,1,0,차대사람 - 횡단중,보행자보호의무위반,건조,맑음,단일로 - 횡단보도상,승용,남,49세,기타불명,보행자,여,11세,경상
2014050200100136,2014년 5월 2일 08시,금요일,충청남도 홍성군 홍성읍,중상사고,0,1,0,0,차대차 - 정면충돌,안전운전불이행,건조,맑음,단일로 - 기타,승용,여,37세,상해없음,자전거,남,16세,중상
2014050200100200,2014년 5월 2일 10시,금요일,충청남도 당진시 우두리,경상사고,0,0,3,0,차대차 - 추돌 - 주정차중,안전운전불이행,건조,맑음,교차로 - 교차로부근,화물,남,44세,상해없음,승용,남,33세,경상
2014050200100296,2014년 5월 2일 13시,금요일,충청남도 천안시 동남구 병천면,경상사고,0,0,2,0,차대차 - 측면직각충돌,신호위반,건조,맑음,단일로 - 기타,화물,남,52세,상해없음,승용,여,29세,경상
2014050200100297,2014년 5월 2일 13시,금요일,충청남도 천안시 동남구 구성동,경상사고,0,0,1,0,차대차 - 측면직각충돌,안전운전불이행,건조,맑음,교차로 - 교차로안,원동기,남,17세,경상,승용,남,68세,상해없음
2014050200100340,2014년 5월 2일 14시,금요일,충청남도 서산시 음암면,중상사고,0,1,1,0,차대차 - 추돌 - 주정차중,안전운전불이행,건조,흐림,교차로 - 교차로부근,승용,남,53세,상해없음,승용,여,35세,경상
2014050200100341,2014년 5월 2일 14시,금요일,충청남도 홍성군 홍성읍,경상사고,0,0,1,0,차대차 - 측면직각충돌,안전운전불이행,건조,흐림,교차로 - 교차로안,이륜,남,16세,경상,승용,남,56세,상해없음
2014050200100432,2014년 5월 2일 16시,금요일,충청남도 천안시 서북구 쌍용동,경상사고,0,0,1,0,차대사람 - 기타,안전운전불이행,건조,맑음,기타 - 기타,승용,여,40세,상해없음,보행자,여,64세,경상
2014050200100433,2014년 5월 2일 16시,금요일,충청남도 당진시 석문면,중상사고,0,1,1,0,차대차 - 측면직각충돌,안전운전불이행,건조,맑음,기타 - 기타,승용,여,39세,상해없음,승합,남,47세,경상
2014050200100434,2014년 5월 2일 16시,금요일,충청남도 천안시 동남구 신부동,경상사고,0,0,1,0,차대차 - 측면직각충돌,안전운전불이행,건조,맑음,단일로 - 기타,특수,남,47세,상해없음,자전거,여,27세,경상
2014050200100482,2014년 5월 2일 17시,금요일,충청남도 청양군 청양읍,중상사고,0,1,0,0,차량단독 - 기타,안전운전불이행,건조,맑음,단일로 - 기타,승합,남,58세,상해없음,,,,
2014050200100483,2014년 5월 2일 17시,금요일,충청남도 천안시 동남구 신부동,경상사고,0,0,1,0,차대차 - 추돌 - 진행중,안전운전불이행,건조,맑음,기타 - 기타,자전거,남,11세,경상,승용,남,28세,상해없음
2014050200100529,2014년 5월 2일 18시,금요일,충청남도 천안시 서북구 성정동,중상사고,0,1,6,0,차대차 - 추돌 - 주정차중,안전운전불이행,건조,맑음,단일로 - 기타,승용,남,49세,상해없음,승용,남,60세,경상
2014050200100530,2014년 5월 2일 18시,금요일,충청남도 논산시 은진면,경상사고,0,0,1,0,차대차 - 정면충돌,안전운전불이행,건조,흐림,단일로 - 기타,승용,남,45세,상해없음,이륜,남,53세,경상
2014050200100531,2014년 5월 2일 18시,금요일,충청남도 보령시 청소면,중상사고,0,1,0,0,차대차 - 추돌 - 진행중,중앙선침범,건조,맑음,기타 - 기타,승용,남,41세,상해없음,화물,남,67세,중상
2014050200100600,2014년 5월 2일 20시,금요일,충청남도 서산시 석남동,경상사고,0,0,2,0,차대차 - 측면직각충돌,신호위반,건조,맑음,교차로 - 교차로안,승용,남,51세,상해없음,승용,남,43세,경상
2014050200100601,2014년 5월 2일 20시,금요일,충청남도 아산시 권곡동,중상사고,0,1,0,0,차대사람 - 기타,안전운전불이행,건조,맑음,기타 - 기타,승합,남,45세,상해없음,보행자,여,16세,중상
2014050200100602,2014년 5월 2일 20시,금요일,충청남도 청양군 목면,중상사고,0,1,0,0,차량단독 - 도로외이탈 - 기타,기타,건조,맑음,단일로 - 기타,이륜,남,25세,중상,,,,
2014050200100634,2014년 5월 2일 21시,금요일,충청남도 보령시 동대동,부상신고사고,0,0,0,1,차대차 - 추돌 - 진행중,직진우회전진행방해,건조,맑음,교차로 - 교차로안,이륜,남,24세,부상신고,승용,여,40세,상해없음
2014050200100636,2014년 5월 2일 21시,금요일,충청남도 예산군 예산읍,경상사고,0,0,2,0,차대차 - 측면직각충돌,불법유턴,건조,맑음,단일로 - 기타,승용,남,60세,경상,승용,남,37세,경상
2014050300100014,2014년 5월 3일 00시,토요일,충청남도 아산시 온천동,경상사고,0,0,1,0,차대차 - 기타,신호위반,건조,맑음,교차로 - 교차로안,승용,남,37세,기타불명,승용,남,54세,경상
2014050300100035,2014년 5월 3일 01시,토요일,충청남도 공주시 신관동,경상사고,0,0,3,0,차대차 - 기타,과속,건조,맑음,교차로 - 교차로안,승용,남,34세,경상,승용,남,25세,경상
2014050300100050,2014년 5월 3일 02시,토요일,충청남도 천안시 서북구 두정동,경상사고,0,0,1,0,차대차 - 기타,안전운전불이행,건조,흐림,단일로 - 기타,승용,남,27세,상해없음,승용,남,28세,경상
2014050300100051,2014년 5월 3일 02시,토요일,충청남도 부여군 부여읍,중상사고,0,2,0,0,차대차 - 기타,중앙선침범,건조,맑음,단일로 - 기타,승용,남,39세,상해없음,승용,여,28세,중상
2014050300100052,2014년 5월 3일 02시,토요일,충청남도 천안시 동남구 병천면,경상사고,0,0,1,0,차대차 - 추돌 - 진행중,안전운전불이행,건조,맑음,단일로 - 기타,승용,남,28세,상해없음,화물,남,39세,경상
2014050300100053,2014년 5월 3일 02시,토요일,충청남도 천안시 서북구 입장면,경상사고,0,0,1,0,차대차 - 추돌 - 진행중,안전운전불이행,건조,맑음,단일로 - 기타,승용,남,23세,상해없음,승용,남,41세,경상
2014050300100114,2014년 5월 3일 06시,토요일,충청남도 서산시 동문동,부상신고사고,0,0,0,1,차대차 - 추돌 - 진행중,안전운전불이행,건조,맑음,기타 - 기타,화물,남,33세,부상신고,기타불명,기타불명,기타불명,기타불명
2014050300100168,2014년 5월 3일 09시,토요일,충청남도 태안군 태안읍,경상사고,0,0,1,0,차대차 - 측면직각충돌,불법유턴,건조,맑음,단일로 - 기타,승용,여,30세,상해없음,이륜,남,74세,상해없음
2014050300100169,2014년 5월 3일 09시,토요일,충청남도 천안시 서북구 성정동,경상사고,0,0,5,0,차대차 - 기타,안전운전불이행,건조,맑음,교차로 - 교차로부근,승용,여,33세,경상,승용,남,52세,상해없음
2014050300100205,2014년 5월 3일 10시,토요일,충청남도 태안군 태안읍,중상사고,0,1,1,1,차대차 - 기타,교차로운행방법위반,건조,맑음,교차로 - 교차로안,승용,여,31세,상해없음,승용,여,36세,경상
2014050300100245,2014년 5월 3일 11시,토요일,충청남도 아산시 배방읍,경상사고,0,0,4,0,차대차 - 기타,차로위반,건조,맑음,기타 - 기타,승용,여,42세,상해없음,건설기계,남,53세,상해없음
2014050300100246,2014년 5월 3일 11시,토요일,충청남도 아산시 방축동,경상사고,0,0,1,0,차대사람 - 횡단중,보행자보호의무위반,건조,맑음,교차로 - 교차로부근,화물,남,55세,상해없음,보행자,여,21세,경상
2014050300100247,2014년 5월 3일 11시,토요일,충청남도 천안시 동남구 안서동,경상사고,0,0,2,0,차대차 - 추돌 - 주정차중,안전운전불이행,건조,맑음,단일로 - 기타,기타불명,기타불명,기타불명,기타불명,승용,남,51세,경상
2014050300100377,2014년 5월 3일 14시,토요일,충청남도 서산시 음암면,경상사고,0,0,1,0,차대사람 - 기타,안전운전불이행,건조,맑음,기타 - 기타,화물,남,46세,상해없음,보행자,남,4세,경상
2014050300100378,2014년 5월 3일 14시,토요일,충청남도 천안시 서북구 입장면,중상사고,0,1,0,0,차대차 - 측면직각충돌,신호위반,건조,맑음,교차로 - 교차로안,농기계,남,65세,기타불명,승용,남,27세,중상
2014050300100379,2014년 5월 3일 14시,토요일,충청남도 서천군 마서면,경상사고,0,0,1,0,차대사람 - 기타,안전운전불이행,건조,맑음,단일로 - 기타,승용,남,48세,상해없음,보행자,여,4세,경상
2014050300100380,2014년 5월 3일 14시,토요일,충청남도 금산군 금산읍,경상사고,0,0,2,0,차대차 - 측면직각충돌,신호위반,건조,맑음,교차로 - 교차로안,승용,남,52세,상해없음,승용,여,32세,경상
2014050300100460,2014년 5월 3일 16시,토요일,충청남도 아산시 음봉면,사망사고,1,0,0,0,차대차 - 기타,차로위반,건조,맑음,기타 - 기타,원동기,남,78세,사망,승용,여,31세,상해없음
2014050300100462,2014년 5월 3일 16시,토요일,충청남도 예산군 오가면,중상사고,0,1,0,0,차대사람 - 횡단중,신호위반,건조,맑음,교차로 - 교차로안,승용,여,26세,상해없음,보행자,여,53세,중상
2014050300100515,2014년 5월 3일 17시,토요일,충청남도 태안군 남면,중상사고,0,3,1,0,차대차 - 추돌 - 주정차중,안전운전불이행,건조,맑음,교차로 - 교차로안,승용,남,36세,상해없음,승용,남,64세,경상
2014050300100557,2014년 5월 3일 18시,토요일,충청남도 공주시 정안면,중상사고,0,1,0,0,차대사람 - 횡단중,안전운전불이행,건조,맑음,단일로 - 기타,승합,남,58세,상해없음,보행자,남,13세,중상
2014050300100558,2014년 5월 3일 18시,토요일,충청남도 천안시 서북구 입장면,경상사고,0,0,2,0,차대차 - 추돌 - 주정차중,안전운전불이행,건조,맑음,단일로 - 기타,승용,남,25세,상해없음,승용,남,37세,경상
2014050300100603,2014년 5월 3일 19시,토요일,충청남도 당진시 송악읍,부상신고사고,0,0,0,1,차대사람 - 길가장자리구역통행중,안전운전불이행,건조,맑음,단일로 - 기타,기타불명,기타불명,기타불명,기타불명,보행자,남,23세,부상신고
2014050300100666,2014년 5월 3일 21시,토요일,충청남도 예산군 대흥면,경상사고,0,0,1,0,차대차 - 측면직각충돌,안전운전불이행,건조,맑음,교차로 - 교차로안,승용,남,39세,상해없음,승용,남,38세,경상
2014050300100684,2014년 5월 3일 22시,토요일,충청남도 보령시 동대동,경상사고,0,0,1,0,차대차 - 기타,안전운전불이행,건조,맑음,단일로 - 기타,화물,남,48세,상해없음,화물,남,65세,경상
2014050300100685,2014년 5월 3일 22시,토요일,충청남도 천안시 동남구 목천읍,경상사고,0,0,2,0,차대차 - 기타,안전운전불이행,건조,맑음,단일로 - 기타,승용,남,43세,상해없음,화물,남,34세,경상
2014050300100709,2014년 5월 3일 23시,토요일,충청남도 서산시 읍내동,경상사고,0,0,1,0,차대차 - 측면직각충돌,신호위반,건조,맑음,교차로 - 교차로안,승용,여,43세,상해없음,승용,남,45세,상해없음
2014050400100056,2014년 5월 4일 03시,일요일,충청남도 천안시 서북구 성정동,경상사고,0,0,1,0,차대사람 - 기타,안전운전불이행,건조,맑음,단일로 - 기타,승용,남,27세,상해없음,보행자,남,31세,경상
2014050400100074,2014년 5월 4일 05시,일요일,충청남도 공주시 우성면,중상사고,0,1,0,0,차량단독 - 기타,안전운전불이행,건조,맑음,단일로 - 기타,이륜,남,18세,기타불명,,,,
2014050400100093,2014년 5월 4일 06시,일요일,충청남도 보령시 신흑동,경상사고,0,0,3,0,차대차 - 측면직각충돌,신호위반,건조,맑음,교차로 - 교차로안,승용,남,21세,경상,화물,남,30세,상해없음
2014050400100118,2014년 5월 4일 08시,일요일,충청남도 천안시 동남구 삼룡동,중상사고,0,1,1,0,차대차 - 측면직각충돌,안전운전불이행,건조,맑음,단일로 - 기타,승합,남,62세,상해없음,승용,남,29세,경상
2014050400100133,2014년 5월 4일 09시,일요일,충청남도 태안군 남면,중상사고,0,3,2,0,차대차 - 정면충돌,중앙선침범,건조,맑음,단일로 - 기타,화물,남,54세,경상,승용,남,29세,경상
2014050400100166,2014년 5월 4일 11시,일요일,충청남도 논산시 광석면,사망사고,1,0,0,0,차대차 - 측면직각충돌,과속,건조,맑음,단일로 - 기타,승용,여,31세,상해없음,이륜,남,62세,사망
2014050400100186,2014년 5월 4일 12시,일요일,충청남도 계룡시 엄사면,경상사고,0,0,1,0,차대차 - 측면직각충돌,교차로운행방법위반,건조,맑음,교차로 - 교차로안,승용,여,53세,상해없음,승용,남,48세,경상
2014050400100213,2014년 5월 4일 13시,일요일,충청남도 서산시 대산읍,중상사고,0,1,0,0,차대차 - 측면직각충돌,안전거리미확보,건조,맑음,교차로 - 교차로부근,이륜,남,81세,중상,승용,남,23세,상해없음
2014050400100214,2014년 5월 4일 13시,일요일,충청남도 서천군 비인면,중상사고,0,1,0,0,차대차 - 기타,안전운전불이행,건조,맑음,교차로 - 교차로안,자전거,남,12세,중상,승용,남,59세,기타불명
2014050400100227,2014년 5월 4일 14시,일요일,충청남도 태안군 안면읍,중상사고,0,1,0,0,차대사람 - 횡단중,안전운전불이행,건조,맑음,단일로 - 기타,승용,남,61세,상해없음,보행자,남,4세,중상
2014050400100228,2014년 5월 4일 14시,일요일,충청남도 천안시 동남구 원성동,중상사고,0,2,0,0,차대차 - 기타,안전운전불이행,건조,맑음,단일로 - 기타,이륜,남,51세,중상,화물,남,45세,중상
2014050400100252,2014년 5월 4일 15시,일요일,충청남도 서산시 부석면,경상사고,0,0,6,0,차대차 - 정면충돌,중앙선침범,건조,맑음,단일로 - 기타,승용,남,43세,상해없음,승용,남,32세,경상
2014050400100253,2014년 5월 4일 15시,일요일,충청남도 부여군 외산면,경상사고,0,0,2,0,차대차 - 기타,기타,건조,맑음,교차로 - 교차로안,승용,남,54세,경상,승용,남,43세,경상
2014050400100254,2014년 5월 4일 15시,일요일,충청남도 천안시 동남구 사직동,경상사고,0,0,2,0,차대차 - 측면직각충돌,교차로운행방법위반,건조,맑음,교차로 - 교차로안,승용,남,24세,상해없음,화물,남,53세,경상
2014050400100287,2014년 5월 4일 16시,일요일,충청남도 서산시 수석동,중상사고,0,1,0,0,차대차 - 측면직각충돌,교차로운행방법위반,건조,맑음,교차로 - 교차로부근,이륜,남,82세,중상,승용,여,52세,상해없음
2014050400100288,2014년 5월 4일 16시,일요일,충청남도 보령시 대천동,경상사고,0,0,3,0,차대차 - 추돌 - 주정차중,기타,건조,맑음,교차로 - 교차로부근,승용,남,52세,상해없음,승용,여,23세,경상
2014050400100313,2014년 5월 4일 17시,일요일,충청남도 홍성군 서부면,경상사고,0,0,3,0,차대차 - 기타,차로위반,건조,맑음,단일로 - 기타,승용,남,31세,상해없음,승합,남,49세,경상
2014050400100314,2014년 5월 4일 17시,일요일,충청남도 홍성군 구항면,중상사고,0,1,6,0,차대차 - 기타,차로위반,건조,맑음,단일로 - 기타,승용,남,18세,상해없음,승용,남,49세,경상
2014050400100315,2014년 5월 4일 17시,일요일,충청남도 천안시 동남구 목천읍,경상사고,0,0,4,0,차대차 - 기타,교차로운행방법위반,건조,맑음,교차로 - 교차로안,승용,남,35세,상해없음,승용,남,27세,경상
2014050400100341,2014년 5월 4일 18시,일요일,충청남도 논산시 부창동,경상사고,0,0,1,0,차대차 - 측면직각충돌,교차로운행방법위반,건조,맑음,교차로 - 교차로안,자전거,남,14세,경상,승용,남,48세,상해없음
2014050400100368,2014년 5월 4일 19시,일요일,충청남도 태안군 남면,중상사고,0,1,0,0,차량단독 - 공작물충돌,안전운전불이행,습기,비,단일로 - 기타,화물,남,61세,중상,,,,
2014050400100369,2014년 5월 4일 19시,일요일,충청남도 금산군 복수면,중상사고,0,1,0,0,차대차 - 측면직각충돌,중앙선침범,습기,비,단일로 - 기타,화물,남,60세,상해없음,화물,남,48세,중상
2014050400100370,2014년 5월 4일 19시,일요일,충청남도 천안시 동남구 성황동,중상사고,0,1,0,0,차대사람 - 횡단중,안전운전불이행,습기,비,단일로 - 기타,승용,남,62세,상해없음,보행자,남,54세,중상
2014050400100405,2014년 5월 4일 20시,일요일,충청남도 아산시 권곡동,중상사고,0,2,0,0,차대차 - 측면직각충돌,신호위반,습기,비,교차로 - 교차로안,승용,남,44세,상해없음,승용,여,61세,중상
2014050400100406,2014년 5월 4일 20시,일요일,충청남도 보령시 동대동,중상사고,0,1,1,0,차대차 - 기타,신호위반,습기,비,교차로 - 교차로안,승용,남,39세,상해없음,승용,남,51세,경상
2014050400100408,2014년 5월 4일 20시,일요일,충청남도 부여군 부여읍,중상사고,0,1,0,0,차대사람 - 기타,안전운전불이행,습기,비,교차로 - 교차로부근,승합,남,48세,상해없음,보행자,남,43세,중상
2014050400100448,2014년 5월 4일 21시,일요일,충청남도 논산시 양촌면,경상사고,0,0,1,0,차대차 - 측면직각충돌,교차로운행방법위반,습기,비,교차로 - 교차로안,기타불명,기타불명,기타불명,기타불명,승용,여,43세,경상
2014050400100449,2014년 5월 4일 21시,일요일,충청남도 홍성군 구항면,경상사고,0,0,1,0,차대차 - 기타,차로위반,건조,맑음,단일로 - 기타,승용,남,56세,상해없음,승용,여,57세,경상
2014050400100450,2014년 5월 4일 21시,일요일,충청남도 당진시 신평면,중상사고,0,1,3,0,차대차 - 정면충돌,중앙선침범,건조,맑음,단일로 - 기타,승용,여,49세,상해없음,승용,남,40세,경상
2014050400100476,2014년 5월 4일 22시,일요일,충청남도 서산시 동문동,경상사고,0,0,1,0,차대사람 - 횡단중,보행자보호의무위반,건조,맑음,교차로 - 교차로안,화물,남,55세,상해없음,보행자,남,54세,경상
2014050400100477,2014년 5월 4일 22시,일요일,충청남도 논산시 취암동,경상사고,0,0,3,0,차대차 - 측면직각충돌,신호위반,습기,흐림,교차로 - 교차로안,이륜,남,17세,경상,승용,남,52세,경상
2014050400100478,2014년 5월 4일 22시,일요일,충청남도 보령시 신흑동,경상사고,0,0,2,0,차대사람 - 기타,보행자보호의무위반,건조,맑음,교차로 - 교차로안,승용,남,18세,상해없음,보행자,남,25세,경상
2014050400100479,2014년 5월 4일 22시,일요일,충청남도 공주시 반포면,중상사고,0,1,0,0,차량단독 - 공작물충돌,안전운전불이행,습기,맑음,단일로 - 기타,승용,남,45세,중상,,,,
2014050400100510,2014년 5월 4일 23시,일요일,충청남도 아산시 장존동,중상사고,0,1,0,0,차대차 - 추돌 - 주정차중,안전운전불이행,건조,맑음,단일로 - 기타,승용,남,45세,상해없음,승용,남,40세,중상
2014050500100010,2014년 5월 5일 00시,월요일,충청남도 천안시 서북구 두정동,중상사고,0,1,0,0,차대차 - 기타,안전운전불이행,건조,맑음,단일로 - 기타,이륜,남,17세,중상,승용,남,48세,상해없음
2014050500100029,2014년 5월 5일 01시,월요일,충청남도 서산시 인지면,경상사고,0,0,1,0,차대차 - 측면직각충돌,안전거리미확보,건조,맑음,단일로 - 기타,화물,남,55세,경상,승용,남,34세,상해없음
2014050500100039,2014년 5월 5일 02시,월요일,충청남도 서산시 석남동,경상사고,0,0,2,0,차대차 - 추돌 - 주정차중,안전운전불이행,건조,맑음,교차로 - 교차로부근,승용,남,22세,상해없음,승용,남,44세,상해없음
2014050500100055,2014년 5월 5일 03시,월요일,충청남도 아산시 송악면,중상사고,0,1,0,0,차대차 - 측면직각충돌,안전운전불이행,건조,맑음,교차로 - 교차로안,승용,남,43세,상해없음,승용,여,31세,중상
2014050500100127,2014년 5월 5일 09시,월요일,충청남도 청양군 화성면,경상사고,0,0,5,0,차대차 - 측면직각충돌,안전운전불이행,건조,맑음,단일로 - 기타,화물,남,62세,경상,승용,남,57세,경상
2014050500100176,2014년 5월 5일 11시,월요일,충청남도 서산시 수석동,경상사고,0,0,1,0,차대차 - 측면직각충돌,교차로운행방법위반,건조,맑음,교차로 - 교차로안,화물,남,40세,경상,건설기계,남,56세,상해없음
2014050500100177,2014년 5월 5일 11시,월요일,충청남도 태안군 안면읍,경상사고,0,0,1,0,차량단독 - 기타,안전운전불이행,건조,맑음,단일로 - 기타,이륜,남,43세,경상,,,,
2014050500100178,2014년 5월 5일 11시,월요일,충청남도 논산시 벌곡면,중상사고,0,1,0,0,차대차 - 측면직각충돌,안전운전불이행,건조,맑음,교차로 - 교차로부근,승용,남,69세,상해없음,이륜,남,56세,상해없음
2014050500100179,2014년 5월 5일 11시,월요일,충청남도 청양군 청양읍,중상사고,0,1,0,0,차대차 - 측면직각충돌,신호위반,건조,맑음,교차로 - 교차로안,승용,여,50세,상해없음,승용,남,54세,중상
2014050500100203,2014년 5월 5일 12시,월요일,충청남도 예산군 응봉면,중상사고,0,3,0,0,차대차 - 기타,안전거리미확보,건조,맑음,단일로 - 기타,화물,남,57세,상해없음,화물,남,41세,중상
2014050500100237,2014년 5월 5일 13시,월요일,충청남도 태안군 태안읍,경상사고,0,0,1,0,차대차 - 기타,안전거리미확보,건조,맑음,기타 - 기타,건설기계,남,56세,상해없음,승용,남,55세,경상
2014050500100276,2014년 5월 5일 14시,월요일,충청남도 당진시 송산면,중상사고,0,2,1,0,차대차 - 기타,안전운전불이행,건조,맑음,교차로 - 교차로부근,화물,남,27세,상해없음,승용,남,55세,중상
2014050500100281,2014년 5월 5일 14시,월요일,충청남도 당진시 송악읍,경상사고,0,0,4,0,차대차 - 추돌 - 진행중,안전거리미확보,건조,맑음,단일로 - 기타,승용,남,33세,상해없음,승용,남,37세,경상
2014050500100312,2014년 5월 5일 15시,월요일,충청남도 공주시 이인면,중상사고,0,6,0,0,차대차 - 추돌 - 진행중,안전운전불이행,건조,맑음,단일로 - 기타,화물,남,39세,기타불명,승용,여,50세,중상
2014050500100351,2014년 5월 5일 16시,월요일,충청남도 천안시 동남구 유량동,경상사고,0,0,1,0,차대차 - 기타,안전운전불이행,건조,맑음,교차로 - 교차로부근,승용,남,50세,상해없음,승용,남,50세,경상
2014050500100379,2014년 5월 5일 17시,월요일,충청남도 천안시 서북구 성거읍,중상사고,0,2,1,0,차대차 - 측면직각충돌,신호위반,건조,맑음,교차로 - 교차로안,승용,남,44세,상해없음,승용,남,44세,중상
2014050500100380,2014년 5월 5일 17시,월요일,충청남도 논산시 취암동,경상사고,0,0,1,0,차대차 - 측면직각충돌,중앙선침범,건조,맑음,교차로 - 교차로부근,자전거,남,13세,경상,승용,남,59세,상해없음
2014050500100382,2014년 5월 5일 17시,월요일,충청남도 천안시 동남구 신방동,경상사고,0,0,4,0,차대차 - 추돌 - 진행중,안전거리미확보,건조,맑음,단일로 - 기타,승용,기타불명,기타불명,기타불명,승용,남,38세,경상
2014050500100383,2014년 5월 5일 17시,월요일,충청남도 천안시 동남구 광덕면,중상사고,0,1,1,0,차대차 - 기타,안전운전불이행,건조,맑음,단일로 - 기타,승용,남,46세,상해없음,화물,남,65세,경상
2014050500100420,2014년 5월 5일 18시,월요일,충청남도 보령시 동대동,경상사고,0,0,2,0,차대차 - 기타,직진우회전진행방해,건조,맑음,교차로 - 교차로안,승합,남,51세,상해없음,승용,여,47세,경상
2014050500100456,2014년 5월 5일 19시,월요일,충청남도 당진시 송산면,경상사고,0,0,2,0,차대차 - 기타,교차로운행방법위반,건조,흐림,교차로 - 교차로부근,승용,남,57세,상해없음,승용,남,36세,경상
2014050500100457,2014년 5월 5일 19시,월요일,충청남도 당진시 합덕읍,중상사고,0,2,0,0,차대차 - 측면직각충돌,교차로운행방법위반,건조,맑음,교차로 - 교차로안,승용,남,39세,중상,승용,남,33세,상해없음
2014050500100482,2014년 5월 5일 20시,월요일,충청남도 논산시 강경읍,중상사고,0,1,0,0,차대사람 - 횡단중,안전운전불이행,건조,맑음,단일로 - 기타,이륜,남,17세,상해없음,보행자,여,77세,중상
2014050500100483,2014년 5월 5일 20시,월요일,충청남도 아산시 염치읍,부상신고사고,0,0,0,1,차량단독 - 공작물충돌,안전운전불이행,건조,맑음,단일로 - 기타,승용,남,55세,부상신고,,,,
2014050500100484,2014년 5월 5일 20시,월요일,충청남도 보령시 신흑동,중상사고,0,1,0,0,차대차 - 측면직각충돌,직진우회전진행방해,건조,맑음,교차로 - 교차로안,승용,남,37세,상해없음,이륜,남,58세,중상