사고번호,사고일시,요일,시군구,사고내용,사망자수,중상자수,경상자수,부상신고자수,사고유형,법규위반,노면상태,기상상태,도로형태,가해운전자 차종,가해운전자 성별,가해운전자 연령,가해운전자 상해정도,피해운전자 차종,피해운전자 성별,피해운전자 연령,피해운전자 상해정도
2014050500100535,2014년 5월 5일 22시,월요일,충청남도 아산시 모종동,경상사고,0,0,1,0,차대차 - 추돌 - 주정차중,안전운전불이행,건조,맑음,교차로 - 교차로부근,승용,남,30세,상해없음,승용,여,34세,경상
2014050500100536,2014년 5월 5일 22시,월요일,충청남도 당진시 송산면,경상사고,0,0,2,0,차대차 - 기타,중앙선침범,건조,맑음,단일로 - 기타,승용,남,38세,상해없음,승용,남,31세,경상
2014050500100557,2014년 5월 5일 23시,월요일,충청남도 서산시 대산읍,경상사고,0,0,1,0,차량단독 - 전도전복,안전운전불이행,건조,맑음,기타 - 기타,이륜,남,15세,상해없음,,,,
2014050500100558,2014년 5월 5일 23시,월요일,충청남도 서천군 서면,경상사고,0,0,1,0,차대차 - 기타,안전운전불이행,건조,맑음,단일로 - 기타,원동기,남,52세,경상,승용,남,51세,상해없음
2014050500100559,2014년 5월 5일 23시,월요일,충청남도 서천군 마서면,경상사고,0,0,1,0,차량단독 - 기타,안전운전불이행,건조,맑음,단일로 - 기타,원동기,남,49세,경상,,,,
2014050600100008,2014년 5월 6일 00시,화요일,충청남도 아산시 배방읍,경상사고,0,0,2,0,차대차 - 기타,안전운전불이행,건조,맑음,단일로 - 기타,승용,남,30세,상해없음,승용,남,26세,상해없음
2014050600100009,2014년 5월 6일 00시,화요일,충청남도 아산시 배방읍,중상사고,0,1,1,0,차대차 - 기타,중앙선침범,건조,맑음,단일로 - 기타,승용,남,29세,상해없음,승용,남,39세,중상
2014050600100022,2014년 5월 6일 01시,화요일,충청남도 당진시 용연리,경상사고,0,0,5,0,차대차 - 기타,안전운전불이행,건조,맑음,단일로 - 기타,기타불명,기타불명,기타불명,기타불명,승용,남,32세,경상
2014050600100057,2014년 5월 6일 04시,화요일,충청남도 예산군 예산읍,중상사고,0,3,1,0,차대차 - 측면직각충돌,신호위반,건조,맑음,교차로 - 교차로안,승합,남,66세,중상,승용,남,30세,중상
2014050600100064,2014년 5월 6일 05시,화요일,충청남도 당진시 송악읍,중상사고,0,1,0,0,차대사람 - 길가장자리구역통행중,안전운전불이행,건조,맑음,단일로 - 기타,승용,여,56세,상해없음,보행자,여,59세,중상
2014050600100077,2014년 5월 6일 06시,화요일,충청남도 천안시 서북구 백석동,중상사고,0,1,0,0,차대차 - 기타,신호위반,건조,맑음,교차로 - 교차로안,승용,남,60세,상해없음,승용,남,58세,중상
2014050600100088,2014년 5월 6일 07시,화요일,충청남도 보령시 주교면,중상사고,0,1,0,0,차대차 - 정면충돌,안전운전불이행,건조,맑음,단일로 - 기타,화물,남,51세,상해없음,자전거,남,42세,중상
2014050600100109,2014년 5월 6일 09시,화요일,충청남도 공주시 정안면,중상사고,0,1,3,0,차대차 - 추돌 - 주정차중,안전운전불이행,건조,맑음,단일로 - 기타,승용,남,40세,상해없음,승용,남,37세,중상
2014050600100132,2014년 5월 6일 10시,화요일,충청남도 부여군 부여읍,중상사고,0,1,1,0,차대차 - 기타,안전운전불이행,건조,맑음,교차로 - 교차로안,원동기,남,72세,경상,화물,여,52세,상해없음
2014050600100217,2014년 5월 6일 13시,화요일,충청남도 서천군 서면,중상사고,0,1,1,0,차대차 - 기타,중앙선침범,건조,맑음,단일로 - 기타,승용,여,61세,중상,건설기계,남,41세,경상
2014050600100248,2014년 5월 6일 14시,화요일,충청남도 부여군 부여읍,경상사고,0,0,1,0,차대차 - 기타,안전운전불이행,건조,맑음,단일로 - 기타,이륜,남,59세,경상,승용,남,27세,상해없음
2014050600100282,2014년 5월 6일 15시,화요일,충청남도 홍성군 홍성읍,경상사고,0,0,1,0,차대차 - 기타,신호위반,건조,맑음,교차로 - 교차로안,승용,남,39세,상해없음,승용,여,38세,경상
2014050600100317,2014년 5월 6일 16시,화요일,충청남도 아산시 권곡동,중상사고,0,1,0,0,차대차 - 기타,안전운전불이행,건조,맑음,교차로 - 교차로안,이륜,남,17세,상해없음,이륜,남,29세,중상
2014050600100358,2014년 5월 6일 17시,화요일,충청남도 논산시 대교동,중상사고,0,1,1,0,차대차 - 정면충돌,신호위반,건조,맑음,단일로 - 기타,승용,남,47세,상해없음,승용,남,50세,중상
2014050600100388,2014년 5월 6일 18시,화요일,충청남도 서천군 서천읍,경상사고,0,0,1,0,차량단독 - 기타,안전운전불이행,건조,맑음,교차로 - 교차로부근,원동기,남,69세,경상,,,,
2014050600100413,2014년 5월 6일 19시,화요일,충청남도 예산군 예산읍,중상사고,0,3,0,0,차대차 - 정면충돌,안전운전불이행,건조,맑음,교차로 - 교차로안,승용,남,68세,상해없음,승용,여,45세,중상
2014050600100432,2014년 5월 6일 20시,화요일,충청남도 천안시 서북구 두정동,경상사고,0,0,1,0,차대차 - 기타,안전운전불이행,건조,흐림,단일로 - 기타,승용,남,49세,상해없음,이륜,남,36세,경상
2014050600100433,2014년 5월 6일 20시,화요일,충청남도 예산군 예산읍,중상사고,0,1,0,0,차대사람 - 횡단중,보행자보호의무위반,건조,맑음,교차로 - 교차로안,승합,남,41세,상해없음,보행자,남,44세,중상
2014050600100434,2014년 5월 6일 20시,화요일,충청남도 당진시 송산면,경상사고,0,0,4,0,차대차 - 기타,안전운전불이행,건조,흐림,기타 - 기타,승용,남,33세,경상,승용,남,49세,상해없음
2014050600100459,2014년 5월 6일 21시,화요일,충청남도 홍성군 홍성읍,중상사고,0,1,2,0,차대차 - 기타,안전운전불이행,건조,맑음,교차로 - 교차로부근,승용,남,36세,상해없음,승용,남,54세,경상
2014050600100460,2014년 5월 6일 21시,화요일,충청남도 천안시 동남구 봉명동,경상사고,0,0,3,0,차대차 - 추돌 - 진행중,신호위반,건조,맑음,교차로 - 교차로안,승용,여,45세,상해없음,승합,남,36세,경상
2014050700100050,2014년 5월 7일 06시,수요일,충청남도 천안시 동남구 쌍용동,경상사고,0,0,1,0,차대차 - 추돌 - 진행중,안전운전불이행,건조,맑음,교차로 - 교차로안,승용,여,37세,경상,승합,남,56세,상해없음
2014050700100072,2014년 5월 7일 07시,수요일,충청남도 홍성군 갈산면,경상사고,0,0,1,0,차대차 - 기타,안전운전불이행,건조,맑음,단일로 - 기타,원동기,남,71세,경상,화물,남,31세,상해없음
2014050700100073,2014년 5월 7일 07시,수요일,충청남도 보령시 대천동,중상사고,0,1,0,0,차대사람 - 횡단중,보행자보호의무위반,건조,맑음,단일로 - 횡단보도상,승용,여,60세,상해없음,보행자,여,34세,중상
2014050700100074,2014년 5월 7일 07시,수요일,충청남도 보령시 주포면,경상사고,0,0,1,0,차대차 - 측면직각충돌,안전운전불이행,건조,맑음,교차로 - 교차로부근,농기계,남,52세,경상,건설기계,남,58세,상해없음
2014050700100075,2014년 5월 7일 07시,수요일,충청남도 당진시 석문면,중상사고,0,1,0,0,차대차 - 측면직각충돌,안전운전불이행,건조,맑음,기타 - 기타,승합,남,40세,상해없음,이륜,남,67세,중상
2014050700100110,2014년 5월 7일 08시,수요일,충청남도 천안시 서북구 쌍용동,경상사고,0,0,1,0,차대차 - 추돌 - 주정차중,안전운전불이행,건조,맑음,교차로 - 교차로부근,승용,여,47세,상해없음,승용,남,59세,경상
2014050700100111,2014년 5월 7일 08시,수요일,충청남도 서천군 서천읍,중상사고,0,1,2,0,차대차 - 기타,안전운전불이행,건조,맑음,교차로 - 교차로안,화물,남,75세,경상,승용,남,51세,경상
2014050700100112,2014년 5월 7일 08시,수요일,충청남도 청양군 대치면,경상사고,0,0,1,0,차대차 - 기타,안전운전불이행,건조,맑음,단일로 - 기타,승용,여,57세,상해없음,이륜,남,77세,경상
2014050700100184,2014년 5월 7일 10시,수요일,충청남도 서산시 석림동,중상사고,0,1,0,0,차대사람 - 횡단중,안전운전불이행,건조,맑음,단일로 - 기타,화물,남,56세,상해없음,보행자,여,89세,중상
2014050700100185,2014년 5월 7일 10시,수요일,충청남도 태안군 태안읍,중상사고,0,1,0,0,차대사람 - 기타,안전운전불이행,건조,맑음,교차로 - 교차로안,승용,여,55세,상해없음,보행자,여,55세,중상
2014050700100205,2014년 5월 7일 11시,수요일,충청남도 천안시 서북구 쌍용동,중상사고,0,1,0,0,차대사람 - 보도통행중,보행자보호의무위반,건조,맑음,교차로 - 교차로안,이륜,남,16세,상해없음,보행자,여,62세,중상
2014050700100206,2014년 5월 7일 11시,수요일,충청남도 청양군 화성면,부상신고사고,0,0,0,1,차량단독 - 기타,안전운전불이행,건조,맑음,단일로 - 기타,화물,남,56세,상해없음,,,,
2014050700100207,2014년 5월 7일 11시,수요일,충청남도 논산시 연무읍,경상사고,0,0,2,0,차대차 - 기타,차로위반,건조,맑음,단일로 - 기타,승용,남,64세,상해없음,승용,남,26세,상해없음
2014050700100208,2014년 5월 7일 11시,수요일,충청남도 공주시 검상동,중상사고,0,1,0,0,차량단독 - 전도전복,안전운전불이행,건조,맑음,단일로 - 기타,화물,남,31세,상해없음,,,,
2014050700100246,2014년 5월 7일 12시,수요일,충청남도 아산시 배방읍,경상사고,0,0,1,0,차대차 - 측면직각충돌,신호위반,건조,맑음,교차로 - 교차로안,승용,남,60세,상해없음,승용,여,28세,경상
2014050700100272,2014년 5월 7일 13시,수요일,충청남도 서산시 수석동,경상사고,0,0,1,0,차대차 - 추돌 - 주정차중,안전운전불이행,건조,맑음,단일로 - 기타,승용,남,64세,상해없음,승용,남,41세,상해없음
2014050700100273,2014년 5월 7일 13시,수요일,충청남도 홍성군 홍성읍,중상사고,0,1,0,0,차량단독 - 기타,안전운전불이행,건조,맑음,교차로 - 교차로안,원동기,남,42세,중상,,,,
2014050700100274,2014년 5월 7일 13시,수요일,충청남도 보령시 대천동,경상사고,0,0,1,0,차대차 - 추돌 - 주정차중,안전운전불이행,건조,맑음,교차로 - 교차로부근,승용,남,69세,상해없음,승용,남,53세,경상
2014050700100312,2014년 5월 7일 14시,수요일,충청남도 천안시 서북구 성환읍,중상사고,0,1,1,0,차대차 - 측면직각충돌,신호위반,건조,맑음,교차로 - 교차로안,승용,남,49세,상해없음,승용,남,62세,경상
2014050700100346,2014년 5월 7일 15시,수요일,충청남도 논산시 취암동,중상사고,0,1,0,0,차대사람 - 차도통행중,안전운전불이행,건조,맑음,교차로 - 교차로안,승용,여,42세,상해없음,보행자,여,80세,중상
2014050700100381,2014년 5월 7일 16시,수요일,충청남도 당진시 신평면,경상사고,0,0,1,0,차대사람 - 횡단중,안전운전불이행,건조,맑음,교차로 - 교차로안,승용,여,36세,상해없음,보행자,여,54세,경상
2014050700100466,2014년 5월 7일 18시,수요일,충청남도 아산시 신창면,중상사고,0,2,0,0,차대차 - 추돌 - 주정차중,안전운전불이행,건조,맑음,기타 - 기타,승용,남,22세,상해없음,승용,남,27세,중상
2014050700100467,2014년 5월 7일 18시,수요일,충청남도 당진시 읍내리,경상사고,0,0,3,0,차대차 - 정면충돌,교차로운행방법위반,건조,흐림,교차로 - 교차로안,승용,남,38세,상해없음,승용,여,47세,경상
2014050700100509,2014년 5월 7일 19시,수요일,충청남도 아산시 배방읍,중상사고,0,1,0,0,차대차 - 측면직각충돌,신호위반,건조,맑음,교차로 - 교차로안,승용,여,48세,상해없음,승용,남,40세,중상
2014050700100549,2014년 5월 7일 20시,수요일,충청남도 아산시 신창면,중상사고,0,1,0,0,차대차 - 기타,안전운전불이행,건조,맑음,기타 - 기타,원동기,남,49세,중상,승용,여,55세,상해없음
2014050700100550,2014년 5월 7일 20시,수요일,충청남도 아산시 신창면,중상사고,0,1,0,0,차대차 - 측면직각충돌,안전운전불이행,건조,맑음,교차로 - 교차로부근,승합,남,62세,상해없음,원동기,남,54세,중상
2014050700100632,2014년 5월 7일 22시,수요일,충청남도 서천군 서면,경상사고,0,0,3,0,차대차 - 기타,중앙선침범,습기,비,교차로 - 교차로부근,승용,남,48세,상해없음,승용,여,32세,경상
2014050700100633,2014년 5월 7일 22시,수요일,충청남도 당진시 신평면,중상사고,0,1,0,0,차대차 - 추돌 - 진행중,안전거리미확보,건조,맑음,단일로 - 교량,승용,남,40세,상해없음,화물,남,52세,중상
2014050700100661,2014년 5월 7일 23시,수요일,충청남도 논산시 내동,중상사고,0,1,0,0,차대사람 - 기타,안전운전불이행,건조,맑음,단일로 - 기타,승용,남,23세,기타불명,보행자,남,45세,중상
2014050700100662,2014년 5월 7일 23시,수요일,충청남도 아산시 배방읍,경상사고,0,0,1,0,차대사람 - 보도통행중,보행자보호의무위반,습기,비,교차로 - 교차로부근,승용,남,36세,상해없음,보행자,남,44세,경상
2014050700100664,2014년 5월 7일 23시,수요일,충청남도 당진시 신평면,경상사고,0,0,1,0,차대차 - 기타,안전운전불이행,건조,맑음,단일로 - 기타,승용,남,31세,상해없음,화물,남,39세,경상
2014050800100018,2014년 5월 8일 00시,목요일,충청남도 아산시 음봉면,경상사고,0,0,2,0,차대차 - 추돌 - 주정차중,안전운전불이행,건조,맑음,교차로 - 교차로부근,화물,남,31세,상해없음,승용,남,29세,경상
2014050800100058,2014년 5월 8일 03시,목요일,충청남도 천안시 서북구 두정동,경상사고,0,0,3,0,차대차 - 측면직각충돌,신호위반,건조,맑음,교차로 - 교차로안,승용,남,50세,상해없음,승용,남,45세,상해없음
2014050800100077,2014년 5월 8일 05시,목요일,충청남도 당진시 수청리,사망사고,1,0,0,0,차대차 - 측면직각충돌,신호위반,습기,흐림,교차로 - 교차로안,화물,남,52세,상해없음,이륜,남,60세,사망
2014050800100078,2014년 5월 8일 05시,목요일,충청남도 천안시 동남구 삼룡동,경상사고,0,0,1,0,차대차 - 측면직각충돌,안전운전불이행,습기,비,단일로 - 기타,승용,남,81세,경상,화물,남,55세,상해없음
2014050800100150,2014년 5월 8일 08시,목요일,충청남도 천안시 서북구 백석동,중상사고,0,2,0,0,차대사람 - 횡단중,보행자보호의무위반,건조,맑음,교차로 - 교차로부근,승합,남,44세,상해없음,보행자,여,19세,중상
2014050800100151,2014년 5월 8일 08시,목요일,충청남도 천안시 동남구 신부동,경상사고,0,0,1,0,차대차 - 추돌 - 진행중,기타,건조,맑음,단일로 - 기타,승용,남,36세,상해없음,자전거,남,65세,경상
2014050800100190,2014년 5월 8일 09시,목요일,충청남도 논산시 취암동,경상사고,0,0,2,0,차대차 - 측면직각충돌,교차로운행방법위반,건조,맑음,교차로 - 교차로안,승용,남,24세,기타불명,승용,남,26세,경상
2014050800100214,2014년 5월 8일 10시,목요일,충청남도 예산군 삽교읍,경상사고,0,0,1,0,차대차 - 기타,안전거리미확보,건조,맑음,단일로 - 기타,원동기,남,69세,경상,승합,남,56세,상해없음
2014050800100239,2014년 5월 8일 11시,목요일,충청남도 부여군 부여읍,중상사고,0,1,0,0,차대차 - 기타,안전운전불이행,건조,맑음,교차로 - 교차로안,이륜,남,90세 이상,중상,화물,남,90세 이상,상해없음
2014050800100240,2014년 5월 8일 11시,목요일,충청남도 당진시 송악읍,경상사고,0,0,2,0,차대차 - 기타,안전운전불이행,건조,맑음,단일로 - 기타,승용,남,42세,상해없음,승용,여,43세,경상
2014050800100276,2014년 5월 8일 12시,목요일,충청남도 천안시 동남구 목천읍,경상사고,0,0,1,0,차대차 - 추돌 - 주정차중,안전운전불이행,건조,맑음,단일로 - 기타,화물,남,59세,상해없음,승용,여,46세,경상
2014050800100338,2014년 5월 8일 14시,목요일,충청남도 천안시 서북구 불당동,중상사고,0,1,0,0,차대사람 - 기타,안전운전불이행,건조,맑음,단일로 - 기타,화물,남,36세,상해없음,보행자,남,6세,중상
2014050800100371,2014년 5월 8일 15시,목요일,충청남도 아산시 도고면,경상사고,0,0,2,0,차대차 - 추돌 - 진행중,안전거리미확보,건조,맑음,교차로 - 교차로부근,승용,남,38세,상해없음,승용,남,51세,경상
2014050800100372,2014년 5월 8일 15시,목요일,충청남도 공주시 정안면,중상사고,0,1,0,0,차대차 - 정면충돌,교차로운행방법위반,건조,맑음,교차로 - 교차로부근,승용,여,59세,기타불명,이륜,남,73세,중상
2014050800100373,2014년 5월 8일 15시,목요일,충청남도 예산군 삽교읍,경상사고,0,0,1,0,차대차 - 측면직각충돌,안전운전불이행,건조,맑음,교차로 - 교차로안,이륜,남,59세,경상,승합,남,63세,상해없음
2014050800100419,2014년 5월 8일 16시,목요일,충청남도 금산군 금산읍,경상사고,0,0,1,0,차대사람 - 횡단중,보행자보호의무위반,건조,맑음,교차로 - 교차로안,승용,여,56세,상해없음,보행자,남,8세,경상
2014050800100450,2014년 5월 8일 17시,목요일,충청남도 서산시 죽성동,경상사고,0,0,1,0,차대사람 - 기타,안전운전불이행,건조,맑음,기타 - 기타,승용,남,46세,상해없음,보행자,여,11세,경상
2014050800100451,2014년 5월 8일 17시,목요일,충청남도 천안시 서북구 두정동,중상사고,0,1,0,0,차량단독 - 전도전복,안전운전불이행,건조,맑음,기타 - 기타,이륜,남,47세,상해없음,,,,
2014050800100452,2014년 5월 8일 17시,목요일,충청남도 천안시 서북구 직산읍,중상사고,0,1,0,0,차대차 - 기타,안전운전불이행,건조,맑음,교차로 - 교차로안,승용,남,23세,상해없음,이륜,남,32세,중상
2014050800100453,2014년 5월 8일 17시,목요일,충청남도 예산군 예산읍,경상사고,0,0,2,0,차대차 - 측면직각충돌,직진우회전진행방해,건조,맑음,교차로 - 교차로안,승용,여,43세,경상,화물,남,67세,경상
2014050800100507,2014년 5월 8일 18시,목요일,충청남도 천안시 서북구 성환읍,경상사고,0,0,1,0,차대차 - 기타,안전운전불이행,건조,맑음,기타 - 기타,승용,남,52세,상해없음,승용,여,56세,경상
2014050800100508,2014년 5월 8일 18시,목요일,충청남도 홍성군 홍성읍,경상사고,0,0,1,0,차대사람 - 길가장자리구역통행중,안전운전불이행,건조,맑음,단일로 - 기타,승용,여,41세,상해없음,보행자,남,66세,경상
2014050800100509,2014년 5월 8일 18시,목요일,충청남도 당진시 신평면,중상사고,0,1,0,0,차대사람 - 횡단중,안전운전불이행,건조,맑음,단일로 - 횡단보도상,화물,남,35세,상해없음,보행자,여,7세,중상
2014050800100556,2014년 5월 8일 19시,목요일,충청남도 서산시 석림동,중상사고,0,1,0,0,차대사람 - 기타,안전운전불이행,건조,맑음,교차로 - 교차로부근,승용,기타불명,기타불명,기타불명,보행자,남,56세,중상
2014050800100557,2014년 5월 8일 19시,목요일,충청남도 부여군 부여읍,중상사고,0,4,0,0,차대차 - 추돌 - 진행중,안전운전불이행,건조,맑음,교차로 - 교차로부근,화물,남,48세,중상,승용,남,47세,중상
2014050800100596,2014년 5월 8일 20시,목요일,충청남도 태안군 태안읍,중상사고,0,1,0,0,차대사람 - 횡단중,안전운전불이행,건조,맑음,교차로 - 교차로부근,승용,여,48세,상해없음,보행자,여,25세,중상
2014050800100627,2014년 5월 8일 21시,목요일,충청남도 예산군 삽교읍,중상사고,0,1,0,0,차대차 - 측면직각충돌,신호위반,건조,맑음,교차로 - 교차로안,건설기계,남,59세,상해없음,승용,여,49세,중상
2014050800100656,2014년 5월 8일 22시,목요일,충청남도 서산시 동문동,중상사고,0,1,0,0,차대차 - 측면직각충돌,안전운전불이행,건조,맑음,교차로 - 교차로안,승용,남,40세,상해없음,이륜,남,17세,중상
2014050800100658,2014년 5월 8일 22시,목요일,충청남도 당진시 용연리,경상사고,0,0,1,0,차대차 - 정면충돌,안전운전불이행,건조,기타,기타 - 기타,승용,남,61세,상해없음,승용,남,54세,경상
2014050800100692,2014년 5월 8일 23시,목요일,충청남도 천안시 서북구 성정동,경상사고,0,0,1,0,차대차 - 측면직각충돌,중앙선침범,건조,맑음,단일로 - 기타,승용,남,45세,상해없음,이륜,남,45세,경상
2014050900100012,2014년 5월 9일 00시,금요일,충청남도 천안시 서북구 두정동,중상사고,0,1,1,0,차대차 - 측면직각충돌,신호위반,건조,맑음,교차로 - 교차로안,승용,여,35세,경상,승용,남,39세,상해없음
2014050900100041,2014년 5월 9일 04시,금요일,충청남도 부여군 초촌면,경상사고,0,0,1,0,차대차 - 추돌 - 진행중,안전운전불이행,습기,안개,단일로 - 기타,승용,여,33세,상해없음,화물,남,34세,경상
2014050900100048,2014년 5월 9일 05시,금요일,충청남도 논산시 연산면,중상사고,0,1,1,0,차대차 - 추돌 - 주정차중,안전운전불이행,건조,맑음,단일로 - 기타,승용,남,43세,경상,화물,남,45세,상해없음
2014050900100057,2014년 5월 9일 06시,금요일,충청남도 예산군 봉산면,경상사고,0,0,2,0,차대차 - 측면직각충돌,신호위반,건조,맑음,교차로 - 교차로안,승용,남,49세,경상,승용,남,59세,경상
2014050900100119,2014년 5월 9일 08시,금요일,충청남도 보령시 동대동,경상사고,0,0,1,0,차대차 - 추돌 - 진행중,차로위반,건조,맑음,교차로 - 교차로부근,승합,남,55세,상해없음,자전거,남,57세,경상
2014050900100120,2014년 5월 9일 08시,금요일,충청남도 금산군 복수면,경상사고,0,0,4,0,차대차 - 추돌 - 진행중,안전운전불이행,건조,맑음,단일로 - 기타,승용,남,68세,상해없음,승용,남,62세,경상
2014050900100121,2014년 5월 9일 08시,금요일,충청남도 청양군 정산면,중상사고,0,1,1,0,차대차 - 기타,직진우회전진행방해,건조,맑음,교차로 - 교차로안,화물,남,63세,경상,건설기계,남,50세,중상
2014050900100157,2014년 5월 9일 09시,금요일,충청남도 서산시 잠홍동,중상사고,0,1,0,0,차대차 - 추돌 - 주정차중,안전운전불이행,건조,맑음,단일로 - 기타,화물,남,24세,중상,건설기계,남,34세,상해없음
2014050900100158,2014년 5월 9일 09시,금요일,충청남도 태안군 태안읍,중상사고,0,1,0,0,차대차 - 측면직각충돌,중앙선침범,건조,맑음,단일로 - 기타,승용,남,76세,상해없음,화물,남,52세,중상
2014050900100159,2014년 5월 9일 09시,금요일,충청남도 아산시 신창면,경상사고,0,0,1,0,차대차 - 추돌 - 주정차중,안전운전불이행,건조,맑음,교차로 - 교차로부근,화물,남,40세,상해없음,승용,여,41세,경상
2014050900100229,2014년 5월 9일 11시,금요일,충청남도 천안시 서북구 신당동,경상사고,0,0,1,0,차대차 - 기타,안전운전불이행,건조,맑음,교차로 - 교차로안,화물,남,39세,상해없음,승용,여,49세,경상
2014050900100258,2014년 5월 9일 12시,금요일,충청남도 서천군 마서면,경상사고,0,0,1,0,차대차 - 기타,안전운전불이행,건조,맑음,단일로 - 기타,화물,남,53세,상해없음,승용,남,34세,경상
2014050900100287,2014년 5월 9일 13시,금요일,충청남도 논산시 채운면,중상사고,0,2,0,0,차대차 - 추돌 - 진행중,안전거리미확보,건조,맑음,단일로 - 기타,자전거,여,70세,중상,원동기,남,55세,중상
2014050900100318,2014년 5월 9일 14시,금요일,충청남도 논산시 강경읍,중상사고,0,1,0,0,차대사람 - 기타,안전운전불이행,건조,맑음,단일로 - 기타,승용,남,46세,상해없음,보행자,여,79세,중상
2014050900100319,2014년 5월 9일 14시,금요일,충청남도 당진시 읍내리,중상사고,0,1,0,0,차대사람 - 기타,안전운전불이행,건조,맑음,교차로 - 교차로부근,승용,여,49세,상해없음,보행자,남,52세,중상
2014050900100402,2014년 5월 9일 16시,금요일,충청남도 아산시 온천동,경상사고,0,0,1,0,차대차 - 추돌 - 주정차중,안전운전불이행,건조,맑음,교차로 - 교차로부근,화물,남,28세,상해없음,승용,여,42세,경상
2014050900100403,2014년 5월 9일 16시,금요일,충청남도 서천군 서천읍,중상사고,0,1,1,0,차량단독 - 전도전복,기타,건조,맑음,단일로 - 기타,원동기,남,17세,경상,,,,
2014050900100404,2014년 5월 9일 16시,금요일,충청남도 청양군 청양읍,중상사고,0,1,0,0,차대차 - 측면직각충돌,안전거리미확보,건조,맑음,단일로 - 기타,이륜,남,69세,중상,화물,남,53세,상해없음
2014050900100447,2014년 5월 9일 17시,금요일,충청남도 천안시 서북구 불당동,경상사고,0,0,1,0,차대사람 - 기타,안전운전불이행,건조,맑음,단일로 - 기타,승용,남,42세,상해없음,보행자,남,8세,경상
2014050900100505,2014년 5월 9일 18시,금요일,충청남도 논산시 연무읍,경상사고,0,0,1,0,차대차 - 측면직각충돌,불법유턴,건조,맑음,단일로 - 횡단보도상,화물,남,48세,기타불명,승용,남,27세,경상
2014050900100586,2014년 5월 9일 20시,금요일,충청남도 당진시 송산면,중상사고,0,1,0,0,차대사람 - 기타,안전운전불이행,건조,맑음,교차로 - 교차로부근,승용,남,32세,상해없음,보행자,남,21세,중상
2014050900100587,2014년 5월 9일 20시,금요일,충청남도 당진시 읍내리,경상사고,0,0,1,0,차대사람 - 기타,안전운전불이행,건조,흐림,기타 - 기타,승용,남,49세,상해없음,보행자,여,48세,경상
2014050900100624,2014년 5월 9일 21시,금요일,충청남도 천안시 동남구 청수동,경상사고,0,0,2,0,차대차 - 기타,교차로운행방법위반,건조,맑음,교차로 - 교차로안,승용,여,41세,상해없음,승용,여,30세,경상
2014050900100625,2014년 5월 9일 21시,금요일,충청남도 논산시 가야곡면,경상사고,0,0,1,0,차량단독 - 전도전복,안전운전불이행,건조,맑음,단일로 - 기타,승용,남,27세,경상,,,,
2014050900100673,2014년 5월 9일 22시,금요일,충청남도 천안시 서북구 성정동,경상사고,0,0,1,0,차대차 - 기타,신호위반,건조,맑음,교차로 - 교차로안,승용,남,30세,상해없음,자전거,남,24세,경상
2014051000100051,2014년 5월 10일 02시,토요일,충청남도 공주시 신관동,중상사고,0,1,0,0,차대사람 - 기타,안전운전불이행,건조,맑음,교차로 - 교차로안,승용,남,32세,상해없음,보행자,남,52세,중상
2014051000100124,2014년 5월 10일 07시,토요일,충청남도 보령시 동대동,경상사고,0,0,3,0,차대차 - 측면직각충돌,교차로운행방법위반,건조,맑음,교차로 - 교차로안,승용,남,45세,경상,화물,남,43세,경상
2014051000100162,2014년 5월 10일 09시,토요일,충청남도 서천군 서면,중상사고,0,1,1,0,차대차 - 기타,직진우회전진행방해,건조,맑음,교차로 - 교차로안,승용,남,67세,경상,화물,남,40세,중상
2014051000100201,2014년 5월 10일 10시,토요일,충청남도 천안시 서북구 백석동,경상사고,0,0,1,0,차대차 - 기타,안전운전불이행,건조,맑음,단일로 - 기타,이륜,남,18세,기타불명,승용,남,63세,경상
2014051000100202,2014년 5월 10일 10시,토요일,충청남도 천안시 서북구 성정동,경상사고,0,0,1,0,차대차 - 기타,안전운전불이행,건조,맑음,교차로 - 교차로안,승용,여,44세,상해없음,승용,여,56세,경상
2014051000100203,2014년 5월 10일 10시,토요일,충청남도 서천군 서천읍,중상사고,0,1,0,0,차대사람 - 횡단중,안전운전불이행,건조,맑음,단일로 - 기타,원동기,남,81세,중상,보행자,여,75세,상해없음
2014051000100238,2014년 5월 10일 11시,토요일,충청남도 공주시 산성동,중상사고,0,1,0,0,차대사람 - 횡단중,보행자보호의무위반,건조,맑음,교차로 - 교차로부근,승용,남,66세,상해없음,보행자,여,70세,중상
2014051000100240,2014년 5월 10일 11시,토요일,충청남도 천안시 동남구 봉명동,경상사고,0,0,1,0,차대사람 - 횡단중,중앙선침범,건조,맑음,교차로 - 교차로안,승용,남,54세,상해없음,보행자,여,11세,경상
2014051000100241,2014년 5월 10일 11시,토요일,충청남도 천안시 동남구 신부동,중상사고,0,1,1,0,차대차 - 추돌 - 주정차중,안전운전불이행,건조,맑음,단일로 - 기타,승용,남,42세,상해없음,승용,여,30세,중상
2014051000100278,2014년 5월 10일 12시,토요일,충청남도 천안시 동남구 사직동,경상사고,0,0,1,0,차대차 - 추돌 - 진행중,안전운전불이행,건조,맑음,단일로 - 기타,화물,남,45세,상해없음,승용,남,48세,상해없음
2014051000100364,2014년 5월 10일 14시,토요일,충청남도 보령시 신흑동,경상사고,0,0,1,0,차대사람 - 길가장자리구역통행중,안전운전불이행,건조,맑음,단일로 - 기타,승용,여,39세,상해없음,보행자,여,36세,경상