사고번호,사고일시,요일,시군구,사고내용,사망자수,중상자수,경상자수,부상신고자수,사고유형,법규위반,노면상태,기상상태,도로형태,가해운전자 차종,가해운전자 성별,가해운전자 연령,가해운전자 상해정도,피해운전자 차종,피해운전자 성별,피해운전자 연령,피해운전자 상해정도
2014051000100365,2014년 5월 10일 14시,토요일,충청남도 청양군 장평면,중상사고,0,1,2,0,차대차 - 정면충돌,중앙선침범,건조,맑음,단일로 - 기타,이륜,남,55세,중상,승용,남,32세,경상
2014051000100366,2014년 5월 10일 14시,토요일,충청남도 공주시 우성면,경상사고,0,0,1,0,차대차 - 추돌 - 주정차중,안전운전불이행,건조,맑음,단일로 - 기타,화물,남,49세,상해없음,승용,남,47세,상해없음
2014051000100391,2014년 5월 10일 15시,토요일,충청남도 서산시 고북면,중상사고,0,1,0,0,차대차 - 기타,안전거리미확보,건조,맑음,단일로 - 기타,이륜,남,69세,중상,승용,여,33세,상해없음
2014051000100419,2014년 5월 10일 16시,토요일,충청남도 아산시 실옥동,경상사고,0,0,1,0,차대차 - 정면충돌,안전운전불이행,건조,맑음,단일로 - 기타,화물,남,49세,상해없음,승합,남,74세,상해없음
2014051000100471,2014년 5월 10일 17시,토요일,충청남도 천안시 서북구 두정동,경상사고,0,0,1,0,차대차 - 기타,교차로운행방법위반,건조,맑음,교차로 - 교차로안,원동기,남,53세,상해없음,승용,남,43세,상해없음
2014051000100550,2014년 5월 10일 19시,토요일,충청남도 아산시 탕정면,경상사고,0,0,1,0,차대차 - 측면직각충돌,신호위반,건조,맑음,교차로 - 교차로안,승용,남,31세,상해없음,승합,남,56세,경상
2014051000100617,2014년 5월 10일 21시,토요일,충청남도 태안군 근흥면,경상사고,0,0,4,0,차대차 - 정면충돌,안전운전불이행,건조,맑음,단일로 - 기타,승용,여,43세,상해없음,승용,여,57세,경상
2014051000100655,2014년 5월 10일 22시,토요일,충청남도 아산시 온천동,경상사고,0,0,1,0,차대차 - 추돌 - 주정차중,안전운전불이행,건조,맑음,단일로 - 기타,승용,남,25세,상해없음,승용,남,28세,상해없음
2014051000100656,2014년 5월 10일 22시,토요일,충청남도 서천군 마서면,중상사고,0,2,2,0,차대차 - 기타,안전운전불이행,건조,맑음,교차로 - 교차로안,승용,여,29세,중상,승용,남,52세,경상
2014051000100657,2014년 5월 10일 22시,토요일,충청남도 부여군 부여읍,중상사고,0,2,0,0,차대차 - 기타,교차로운행방법위반,건조,맑음,교차로 - 교차로안,승용,여,40세,상해없음,승용,남,64세,중상
2014051000100658,2014년 5월 10일 22시,토요일,충청남도 천안시 동남구 봉명동,경상사고,0,0,1,0,차대사람 - 횡단중,안전운전불이행,건조,맑음,교차로 - 교차로부근,승용,여,46세,상해없음,보행자,여,31세,경상
2014051000100681,2014년 5월 10일 23시,토요일,충청남도 공주시 정안면,경상사고,0,0,1,0,차대차 - 추돌 - 진행중,안전운전불이행,건조,맑음,단일로 - 기타,승용,남,35세,상해없음,승용,남,38세,경상
2014051100100039,2014년 5월 11일 01시,일요일,충청남도 서산시 읍내동,중상사고,0,1,0,0,차량단독 - 공작물충돌,안전운전불이행,건조,맑음,교차로 - 교차로부근,이륜,남,17세,중상,,,,
2014051100100040,2014년 5월 11일 01시,일요일,충청남도 천안시 동남구 신부동,사망사고,1,1,0,0,차대차 - 추돌 - 진행중,안전운전불이행,건조,맑음,단일로 - 기타,승용,남,25세,상해없음,자전거,남,22세,중상
2014051100100120,2014년 5월 11일 08시,일요일,충청남도 홍성군 홍성읍,중상사고,0,1,1,0,차대차 - 기타,교차로운행방법위반,건조,맑음,교차로 - 교차로안,이륜,여,63세,중상,승용,남,32세,경상
2014051100100172,2014년 5월 11일 11시,일요일,충청남도 논산시 취암동,경상사고,0,0,1,0,차대차 - 측면직각충돌,안전운전불이행,건조,맑음,단일로 - 기타,승용,남,47세,상해없음,자전거,남,13세,경상
2014051100100200,2014년 5월 11일 13시,일요일,충청남도 천안시 서북구 입장면,경상사고,0,0,2,0,차대차 - 기타,안전운전불이행,건조,흐림,단일로 - 기타,승용,남,63세,상해없음,승용,남,63세,경상
2014051100100231,2014년 5월 11일 14시,일요일,충청남도 청양군 대치면,중상사고,0,1,5,0,차대차 - 측면직각충돌,직진우회전진행방해,건조,맑음,교차로 - 교차로안,승용,여,30세,중상,승용,남,40세,경상
2014051100100252,2014년 5월 11일 15시,일요일,충청남도 태안군 안면읍,경상사고,0,0,1,0,차대차 - 측면직각충돌,교차로운행방법위반,건조,맑음,교차로 - 교차로안,승용,여,58세,상해없음,화물,남,59세,상해없음
2014051100100358,2014년 5월 11일 18시,일요일,충청남도 천안시 서북구 쌍용동,경상사고,0,0,2,0,차대차 - 측면직각충돌,신호위반,습기,비,교차로 - 교차로안,승용,남,49세,상해없음,승용,남,43세,경상
2014051100100399,2014년 5월 11일 19시,일요일,충청남도 천안시 서북구 백석동,부상신고사고,0,0,0,1,차대차 - 기타,중앙선침범,습기,비,단일로 - 기타,승용,남,44세,상해없음,원동기,남,17세,부상신고
2014051100100400,2014년 5월 11일 19시,일요일,충청남도 천안시 서북구 입장면,경상사고,0,0,1,0,차대차 - 측면직각충돌,교차로운행방법위반,습기,비,교차로 - 교차로안,승용,남,55세,상해없음,승용,여,51세,경상
2014051100100443,2014년 5월 11일 20시,일요일,충청남도 홍성군 홍성읍,경상사고,0,0,1,0,차대차 - 추돌 - 주정차중,안전운전불이행,습기,비,단일로 - 기타,화물,남,52세,상해없음,승용,여,40세,경상
2014051100100444,2014년 5월 11일 20시,일요일,충청남도 홍성군 홍성읍,경상사고,0,0,1,0,차대사람 - 기타,안전운전불이행,습기,비,단일로 - 기타,승용,남,42세,상해없음,보행자,남,43세,경상
2014051100100445,2014년 5월 11일 20시,일요일,충청남도 당진시 송악읍,중상사고,0,1,0,0,차대차 - 측면직각충돌,안전운전불이행,습기,비,교차로 - 교차로안,승용,남,35세,상해없음,승용,남,38세,중상
2014051100100446,2014년 5월 11일 20시,일요일,충청남도 천안시 동남구 대흥동,경상사고,0,0,1,0,차대사람 - 기타,안전운전불이행,습기,비,단일로 - 기타,승용,남,45세,상해없음,보행자,남,51세,경상
2014051100100480,2014년 5월 11일 21시,일요일,충청남도 천안시 서북구 성정동,경상사고,0,0,1,0,차대차 - 기타,안전운전불이행,습기,비,교차로 - 교차로부근,승용,남,32세,상해없음,자전거,남,14세,경상
2014051100100481,2014년 5월 11일 21시,일요일,충청남도 공주시 우성면,중상사고,0,1,1,0,차대차 - 추돌 - 진행중,안전운전불이행,습기,비,단일로 - 기타,승용,남,49세,상해없음,승합,남,45세,경상
2014051100100520,2014년 5월 11일 22시,일요일,충청남도 아산시 모종동,사망사고,1,0,0,0,차대사람 - 횡단중,안전운전불이행,습기,비,기타 - 기타,원동기,남,19세,상해없음,보행자,남,35세,사망
2014051200100017,2014년 5월 12일 00시,월요일,충청남도 천안시 서북구 성정동,경상사고,0,0,1,0,차대차 - 측면직각충돌,중앙선침범,습기,비,단일로 - 기타,승용,남,51세,상해없음,이륜,남,17세,경상
2014051200100039,2014년 5월 12일 01시,월요일,충청남도 공주시 신관동,경상사고,0,0,1,0,차대차 - 정면충돌,중앙선침범,습기,비,교차로 - 교차로부근,승용,남,57세,상해없음,승용,남,56세,경상
2014051200100051,2014년 5월 12일 02시,월요일,충청남도 아산시 둔포면,사망사고,1,0,0,0,차대사람 - 기타,안전운전불이행,습기,비,기타 - 기타,승용,남,31세,상해없음,보행자,남,49세,사망
2014051200100068,2014년 5월 12일 05시,월요일,충청남도 천안시 동남구 신부동,부상신고사고,0,0,0,1,차대차 - 기타,안전운전불이행,건조,맑음,교차로 - 교차로부근,기타불명,기타불명,기타불명,기타불명,자전거,남,42세,부상신고
2014051200100097,2014년 5월 12일 07시,월요일,충청남도 아산시 배방읍,중상사고,0,1,0,0,차대사람 - 기타,안전운전불이행,건조,맑음,기타 - 기타,건설기계,남,48세,상해없음,보행자,남,53세,중상
2014051200100098,2014년 5월 12일 07시,월요일,충청남도 부여군 부여읍,중상사고,0,1,0,0,차대차 - 측면직각충돌,안전운전불이행,건조,맑음,단일로 - 기타,승용,남,64세,상해없음,승용,여,41세,중상
2014051200100123,2014년 5월 12일 08시,월요일,충청남도 청양군 청양읍,경상사고,0,0,3,0,차대차 - 측면직각충돌,직진우회전진행방해,건조,맑음,교차로 - 교차로안,화물,남,54세,경상,승용,남,26세,경상
2014051200100153,2014년 5월 12일 09시,월요일,충청남도 홍성군 홍성읍,경상사고,0,0,1,0,차대사람 - 기타,안전운전불이행,건조,맑음,기타 - 기타,승용,남,36세,기타불명,보행자,남,32세,경상
2014051200100154,2014년 5월 12일 09시,월요일,충청남도 예산군 삽교읍,경상사고,0,0,1,0,차대사람 - 횡단중,안전운전불이행,건조,맑음,단일로 - 기타,화물,남,67세,상해없음,보행자,남,76세,경상
2014051200100182,2014년 5월 12일 10시,월요일,충청남도 태안군 원북면,중상사고,0,1,0,0,차대차 - 추돌 - 진행중,안전운전불이행,건조,맑음,교차로 - 교차로안,화물,남,61세,상해없음,원동기,남,63세,중상
2014051200100183,2014년 5월 12일 10시,월요일,충청남도 태안군 남면,중상사고,0,1,1,0,차대차 - 정면충돌,중앙선침범,건조,맑음,교차로 - 교차로안,승용,남,66세,경상,승용,남,39세,중상
2014051200100184,2014년 5월 12일 10시,월요일,충청남도 천안시 서북구 불당동,중상사고,0,3,0,0,차대차 - 기타,신호위반,건조,맑음,교차로 - 교차로안,화물,남,62세,상해없음,승용,남,52세,중상
2014051200100185,2014년 5월 12일 10시,월요일,충청남도 아산시 탕정면,중상사고,0,1,0,0,차대차 - 기타,안전운전불이행,건조,맑음,교차로 - 교차로부근,화물,남,53세,상해없음,자전거,남,21세,중상
2014051200100214,2014년 5월 12일 11시,월요일,충청남도 논산시 화지동,중상사고,0,1,0,0,차대사람 - 보도통행중,보행자보호의무위반,건조,맑음,단일로 - 횡단보도상,승용,남,78세,상해없음,보행자,여,69세,중상
2014051200100215,2014년 5월 12일 11시,월요일,충청남도 서천군 서천읍,중상사고,0,1,1,0,차대차 - 기타,중앙선침범,건조,맑음,교차로 - 교차로부근,이륜,여,71세,중상,승용,남,49세,상해없음
2014051200100241,2014년 5월 12일 12시,월요일,충청남도 계룡시 신도안면,사망사고,1,0,0,0,차대차 - 측면직각충돌,중앙선침범,건조,맑음,단일로 - 기타,이륜,남,69세,사망,승용,남,48세,상해없음
2014051200100299,2014년 5월 12일 14시,월요일,충청남도 예산군 삽교읍,경상사고,0,0,2,0,차량단독 - 공작물충돌,안전운전불이행,건조,맑음,단일로 - 기타,승용,남,65세,경상,,,,
2014051200100300,2014년 5월 12일 14시,월요일,충청남도 당진시 구룡리,경상사고,0,0,2,0,차대차 - 측면직각충돌,안전운전불이행,건조,맑음,기타 - 기타,승용,남,31세,상해없음,승합,남,46세,상해없음
2014051200100301,2014년 5월 12일 14시,월요일,충청남도 천안시 동남구 신방동,중상사고,0,1,0,0,차대차 - 기타,안전운전불이행,건조,맑음,교차로 - 교차로안,승합,남,72세,상해없음,승용,여,52세,중상
2014051200100333,2014년 5월 12일 15시,월요일,충청남도 홍성군 광천읍,사망사고,1,0,0,0,차대사람 - 기타,안전운전불이행,건조,맑음,단일로 - 기타,화물,남,48세,상해없음,보행자,남,83세,사망
2014051200100334,2014년 5월 12일 15시,월요일,충청남도 서천군 서천읍,경상사고,0,0,1,0,차대사람 - 기타,보행자보호의무위반,건조,맑음,교차로 - 교차로부근,승합,남,56세,상해없음,보행자,여,9세,경상
2014051200100376,2014년 5월 12일 16시,월요일,충청남도 보령시 동대동,경상사고,0,0,1,0,차대차 - 측면직각충돌,안전운전불이행,건조,맑음,단일로 - 기타,승용,남,80세,상해없음,승용,여,51세,경상
2014051200100420,2014년 5월 12일 17시,월요일,충청남도 당진시 송악읍,중상사고,0,1,0,0,차대사람 - 기타,안전운전불이행,건조,맑음,기타 - 기타,승용,여,57세,상해없음,보행자,남,3세,중상
2014051200100460,2014년 5월 12일 18시,월요일,충청남도 홍성군 홍동면,경상사고,0,0,1,0,차대차 - 기타,중앙선침범,건조,맑음,단일로 - 기타,승용,남,36세,상해없음,원동기,남,51세,경상
2014051200100461,2014년 5월 12일 18시,월요일,충청남도 당진시 송악읍,경상사고,0,0,2,0,차대차 - 측면직각충돌,안전운전불이행,건조,맑음,교차로 - 교차로안,승용,남,69세,상해없음,승용,여,32세,경상
2014051200100494,2014년 5월 12일 19시,월요일,충청남도 서산시 예천동,경상사고,0,0,1,0,차대사람 - 횡단중,보행자보호의무위반,건조,맑음,교차로 - 교차로안,승용,남,74세,상해없음,보행자,남,7세,경상
2014051200100495,2014년 5월 12일 19시,월요일,충청남도 논산시 대교동,경상사고,0,0,1,0,차대차 - 측면직각충돌,교차로운행방법위반,건조,맑음,교차로 - 교차로안,화물,남,57세,상해없음,승용,남,56세,경상
2014051200100529,2014년 5월 12일 20시,월요일,충청남도 홍성군 홍성읍,중상사고,0,1,1,0,차대차 - 기타,교차로운행방법위반,건조,맑음,교차로 - 교차로안,승용,남,44세,상해없음,원동기,남,21세,경상
2014051200100530,2014년 5월 12일 20시,월요일,충청남도 서천군 서천읍,경상사고,0,0,1,0,차대차 - 기타,안전운전불이행,건조,기타,단일로 - 기타,승용,남,30세,상해없음,승용,여,52세,경상
2014051200100582,2014년 5월 12일 22시,월요일,충청남도 서산시 잠홍동,경상사고,0,0,2,0,차대차 - 추돌 - 주정차중,안전운전불이행,건조,맑음,교차로 - 교차로부근,승용,남,33세,상해없음,승용,남,35세,경상
2014051200100604,2014년 5월 12일 23시,월요일,충청남도 천안시 서북구 성정동,경상사고,0,0,1,0,차대사람 - 기타,안전운전불이행,건조,맑음,단일로 - 기타,승합,남,49세,상해없음,보행자,남,32세,경상
2014051300100039,2014년 5월 13일 03시,화요일,충청남도 공주시 이인면,중상사고,0,1,0,0,차량단독 - 공작물충돌,안전운전불이행,기타,안개,단일로 - 기타,승용,남,44세,중상,,,,
2014051300100127,2014년 5월 13일 08시,화요일,충청남도 천안시 동남구 용곡동,경상사고,0,0,1,0,차대차 - 기타,안전운전불이행,건조,맑음,기타 - 기타,자전거,남,14세,경상,승용,여,36세,상해없음
2014051300100166,2014년 5월 13일 09시,화요일,충청남도 논산시 취암동,중상사고,0,1,0,0,차대차 - 측면직각충돌,교차로운행방법위반,건조,맑음,교차로 - 교차로안,화물,남,65세,상해없음,이륜,남,70세,중상
2014051300100167,2014년 5월 13일 09시,화요일,충청남도 홍성군 광천읍,경상사고,0,0,1,0,차대차 - 기타,교차로운행방법위반,건조,맑음,교차로 - 교차로안,승합,여,53세,상해없음,원동기,남,86세,경상
2014051300100168,2014년 5월 13일 09시,화요일,충청남도 홍성군 구항면,중상사고,0,1,0,0,차대차 - 기타,교차로운행방법위반,건조,맑음,교차로 - 교차로안,승용,여,35세,상해없음,농기계,남,59세,중상
2014051300100169,2014년 5월 13일 09시,화요일,충청남도 아산시 배방읍,중상사고,0,1,0,0,차대차 - 측면직각충돌,신호위반,건조,맑음,교차로 - 교차로안,승용,남,50세,상해없음,승용,여,42세,중상
2014051300100171,2014년 5월 13일 09시,화요일,충청남도 당진시 신평면,경상사고,0,0,1,0,차대차 - 추돌 - 진행중,교차로운행방법위반,건조,맑음,교차로 - 교차로안,승용,여,70세,상해없음,승합,남,56세,경상
2014051300100229,2014년 5월 13일 11시,화요일,충청남도 서산시 대산읍,중상사고,0,1,0,0,차대차 - 정면충돌,중앙선침범,건조,맑음,단일로 - 기타,특수,남,41세,상해없음,승용,남,47세,중상
2014051300100230,2014년 5월 13일 11시,화요일,충청남도 천안시 서북구 성정동,중상사고,0,1,0,0,차대사람 - 기타,안전운전불이행,건조,맑음,단일로 - 기타,승용,남,41세,상해없음,보행자,남,44세,중상
2014051300100231,2014년 5월 13일 11시,화요일,충청남도 아산시 인주면,중상사고,0,1,0,0,차대사람 - 횡단중,안전운전불이행,건조,맑음,단일로 - 기타,승용,남,56세,상해없음,보행자,여,54세,중상
2014051300100232,2014년 5월 13일 11시,화요일,충청남도 천안시 동남구 성남면,중상사고,0,1,0,0,차대차 - 기타,교차로운행방법위반,건조,맑음,교차로 - 교차로안,화물,남,51세,상해없음,이륜,남,38세,중상
2014051300100254,2014년 5월 13일 12시,화요일,충청남도 천안시 서북구 두정동,경상사고,0,0,1,0,차대차 - 기타,교차로운행방법위반,건조,맑음,교차로 - 교차로안,승용,남,60세,상해없음,화물,남,40세,경상
2014051300100255,2014년 5월 13일 12시,화요일,충청남도 보령시 동대동,중상사고,0,1,2,0,차대차 - 측면직각충돌,직진우회전진행방해,건조,맑음,교차로 - 교차로안,승용,여,43세,경상,승용,남,31세,경상
2014051300100281,2014년 5월 13일 13시,화요일,충청남도 당진시 순성면,경상사고,0,0,1,0,차대차 - 추돌 - 진행중,교차로운행방법위반,건조,맑음,교차로 - 교차로안,화물,남,62세,상해없음,농기계,남,59세,상해없음
2014051300100307,2014년 5월 13일 14시,화요일,충청남도 논산시 내동,중상사고,0,1,0,0,차대사람 - 횡단중,신호위반,건조,맑음,교차로 - 교차로부근,이륜,남,20세,상해없음,보행자,남,76세,중상
2014051300100308,2014년 5월 13일 14시,화요일,충청남도 아산시 인주면,중상사고,0,1,0,0,차대차 - 측면직각충돌,안전운전불이행,건조,맑음,교차로 - 교차로안,승용,남,54세,상해없음,이륜,남,72세,중상
2014051300100309,2014년 5월 13일 14시,화요일,충청남도 서천군 서천읍,경상사고,0,0,1,0,차대사람 - 기타,안전운전불이행,건조,맑음,교차로 - 교차로안,승합,여,39세,상해없음,보행자,남,35세,경상
2014051300100310,2014년 5월 13일 14시,화요일,충청남도 보령시 대천동,중상사고,0,1,0,0,차대사람 - 횡단중,보행자보호의무위반,건조,맑음,단일로 - 기타,승용,남,46세,상해없음,보행자,여,19세,중상
2014051300100311,2014년 5월 13일 14시,화요일,충청남도 천안시 동남구 구룡동,경상사고,0,0,1,0,차대차 - 추돌 - 진행중,안전운전불이행,건조,맑음,단일로 - 기타,화물,남,41세,기타불명,화물,남,37세,경상
2014051300100352,2014년 5월 13일 15시,화요일,충청남도 부여군 홍산면,경상사고,0,0,1,0,차대차 - 기타,안전거리미확보,건조,맑음,교차로 - 교차로부근,이륜,남,51세,경상,승용,여,56세,상해없음
2014051300100353,2014년 5월 13일 15시,화요일,충청남도 당진시 우강면,경상사고,0,0,1,0,차대차 - 측면직각충돌,안전운전불이행,건조,맑음,교차로 - 교차로안,승용,남,40세,상해없음,승용,남,47세,경상
2014051300100398,2014년 5월 13일 16시,화요일,충청남도 예산군 덕산면,경상사고,0,0,1,0,차량단독 - 전도전복,안전운전불이행,건조,맑음,단일로 - 기타,승용,남,54세,경상,,,,
2014051300100428,2014년 5월 13일 17시,화요일,충청남도 예산군 봉산면,경상사고,0,0,1,0,차량단독 - 기타,안전운전불이행,건조,맑음,단일로 - 기타,이륜,남,75세,경상,,,,
2014051300100429,2014년 5월 13일 17시,화요일,충청남도 부여군 부여읍,사망사고,1,0,0,0,차량단독 - 도로외이탈 - 추락,안전운전불이행,건조,맑음,단일로 - 기타,이륜,남,63세,사망,,,,
2014051300100467,2014년 5월 13일 18시,화요일,충청남도 천안시 서북구 성정동,중상사고,0,1,0,0,차대차 - 추돌 - 주정차중,안전운전불이행,건조,맑음,단일로 - 기타,원동기,남,42세,중상,화물,남,46세,상해없음
2014051300100469,2014년 5월 13일 18시,화요일,충청남도 금산군 금산읍,중상사고,0,1,0,0,차대차 - 측면직각충돌,교차로운행방법위반,건조,맑음,교차로 - 교차로안,승용,남,48세,상해없음,원동기,남,58세,중상
2014051300100507,2014년 5월 13일 19시,화요일,충청남도 태안군 태안읍,경상사고,0,0,1,0,차대차 - 측면직각충돌,신호위반,건조,맑음,교차로 - 교차로안,승용,남,53세,상해없음,승용,여,37세,경상
2014051300100596,2014년 5월 13일 22시,화요일,충청남도 보령시 동대동,경상사고,0,0,1,0,차대차 - 기타,신호위반,건조,맑음,교차로 - 교차로안,승용,남,28세,상해없음,승용,여,51세,경상
2014051300100597,2014년 5월 13일 22시,화요일,충청남도 예산군 신암면,중상사고,0,1,0,0,차대차 - 기타,직진우회전진행방해,건조,맑음,교차로 - 교차로안,승용,여,56세,상해없음,이륜,남,38세,중상
2014051300100598,2014년 5월 13일 22시,화요일,충청남도 천안시 동남구 풍세면,중상사고,0,1,1,0,차대차 - 측면직각충돌,안전운전불이행,건조,맑음,교차로 - 교차로안,승용,남,40세,상해없음,승용,남,41세,경상
2014051400100013,2014년 5월 14일 00시,수요일,충청남도 아산시 배방읍,경상사고,0,0,1,0,차대차 - 기타,중앙선침범,건조,맑음,단일로 - 기타,승용,남,27세,상해없음,승용,남,33세,경상
2014051400100061,2014년 5월 14일 04시,수요일,충청남도 청양군 청남면,중상사고,0,2,4,0,차대차 - 추돌 - 진행중,안전운전불이행,건조,맑음,단일로 - 기타,승용,남,44세,상해없음,화물,남,54세,중상
2014051400100071,2014년 5월 14일 05시,수요일,충청남도 예산군 예산읍,경상사고,0,0,1,0,차대차 - 기타,중앙선침범,건조,맑음,단일로 - 기타,승합,남,45세,상해없음,승용,여,55세,경상
2014051400100072,2014년 5월 14일 05시,수요일,충청남도 천안시 동남구 원성동,중상사고,0,1,0,0,차대차 - 기타,안전거리미확보,건조,맑음,단일로 - 기타,이륜,남,59세,중상,승용,남,60세,상해없음
2014051400100080,2014년 5월 14일 06시,수요일,충청남도 천안시 동남구 수신면,경상사고,0,0,1,0,차대차 - 측면직각충돌,안전운전불이행,건조,맑음,단일로 - 기타,승용,남,30세,상해없음,승용,남,54세,경상
2014051400100098,2014년 5월 14일 07시,수요일,충청남도 당진시 우강면,중상사고,0,1,0,0,차대차 - 측면직각충돌,교차로운행방법위반,건조,맑음,교차로 - 교차로안,승용,여,61세,상해없음,농기계,남,83세,중상
2014051400100099,2014년 5월 14일 07시,수요일,충청남도 당진시 읍내리,경상사고,0,0,1,0,차대차 - 기타,교차로운행방법위반,건조,맑음,교차로 - 교차로안,승용,남,51세,상해없음,자전거,남,13세,경상
2014051400100129,2014년 5월 14일 08시,수요일,충청남도 태안군 태안읍,경상사고,0,0,1,0,차대사람 - 차도통행중,안전운전불이행,건조,맑음,단일로 - 기타,승용,남,61세,상해없음,보행자,여,41세,경상
2014051400100130,2014년 5월 14일 08시,수요일,충청남도 아산시 배방읍,중상사고,0,1,0,0,차대사람 - 횡단중,안전운전불이행,건조,맑음,교차로 - 교차로부근,승용,여,54세,상해없음,보행자,여,13세,중상
2014051400100131,2014년 5월 14일 08시,수요일,충청남도 아산시 도고면,중상사고,0,3,11,0,차대차 - 기타,안전운전불이행,건조,맑음,교차로 - 교차로안,승합,남,60세,상해없음,승용,남,28세,중상
2014051400100167,2014년 5월 14일 09시,수요일,충청남도 태안군 태안읍,경상사고,0,0,2,0,차대차 - 측면직각충돌,신호위반,건조,맑음,교차로 - 교차로안,승용,여,59세,경상,승합,남,37세,경상
2014051400100192,2014년 5월 14일 10시,수요일,충청남도 서천군 판교면,경상사고,0,0,1,0,차대차 - 기타,직진우회전진행방해,건조,맑음,교차로 - 교차로부근,승용,여,64세,상해없음,농기계,여,70세,경상
2014051400100193,2014년 5월 14일 10시,수요일,충청남도 천안시 동남구 원성동,부상신고사고,0,0,0,1,차대사람 - 횡단중,보행자보호의무위반,건조,맑음,교차로 - 교차로부근,기타불명,기타불명,기타불명,기타불명,보행자,남,54세,부상신고
2014051400100223,2014년 5월 14일 11시,수요일,충청남도 홍성군 홍성읍,사망사고,1,0,1,0,차대차 - 추돌 - 주정차중,안전운전불이행,건조,맑음,단일로 - 기타,승용,남,49세,상해없음,농기계,남,77세,사망
2014051400100224,2014년 5월 14일 11시,수요일,충청남도 홍성군 홍성읍,경상사고,0,0,2,0,차대차 - 측면직각충돌,안전거리미확보,건조,맑음,단일로 - 기타,이륜,남,78세,경상,화물,남,52세,상해없음
2014051400100226,2014년 5월 14일 11시,수요일,충청남도 아산시 온천동,경상사고,0,0,1,0,차대차 - 추돌 - 진행중,안전운전불이행,건조,맑음,교차로 - 교차로안,승용,여,43세,상해없음,승용,남,68세,경상
2014051400100227,2014년 5월 14일 11시,수요일,충청남도 천안시 동남구 신부동,경상사고,0,0,2,0,차대차 - 추돌 - 진행중,안전운전불이행,건조,맑음,교차로 - 교차로안,승합,남,46세,상해없음,승합,남,41세,경상
2014051400100259,2014년 5월 14일 12시,수요일,충청남도 태안군 원북면,중상사고,0,1,0,0,차대차 - 측면직각충돌,안전운전불이행,건조,맑음,단일로 - 기타,승합,남,57세,상해없음,이륜,남,68세,중상
2014051400100260,2014년 5월 14일 12시,수요일,충청남도 아산시 권곡동,경상사고,0,0,1,0,차대차 - 측면직각충돌,안전운전불이행,건조,맑음,교차로 - 교차로안,승용,남,47세,상해없음,승용,여,33세,경상
2014051400100261,2014년 5월 14일 12시,수요일,충청남도 청양군 청양읍,경상사고,0,0,1,0,차량단독 - 기타,안전운전불이행,건조,맑음,단일로 - 기타,승합,남,51세,상해없음,,,,
2014051400100339,2014년 5월 14일 14시,수요일,충청남도 서산시 예천동,중상사고,0,1,0,0,차대사람 - 차도통행중,안전운전불이행,건조,맑음,기타 - 기타,승용,남,55세,상해없음,보행자,남,7세,중상
2014051400100340,2014년 5월 14일 14시,수요일,충청남도 보령시 동대동,경상사고,0,0,1,0,차대차 - 추돌 - 진행중,중앙선침범,건조,맑음,단일로 - 기타,건설기계,남,50세,상해없음,승용,남,33세,경상
2014051400100341,2014년 5월 14일 14시,수요일,충청남도 천안시 동남구 봉명동,경상사고,0,0,2,0,차대차 - 추돌 - 진행중,안전운전불이행,건조,맑음,단일로 - 기타,승용,여,56세,상해없음,승용,여,43세,경상
2014051400100372,2014년 5월 14일 15시,수요일,충청남도 보령시 청라면,중상사고,0,1,3,0,차대차 - 추돌 - 진행중,중앙선침범,건조,맑음,단일로 - 기타,건설기계,남,41세,상해없음,승용,남,23세,중상
2014051400100373,2014년 5월 14일 15시,수요일,충청남도 공주시 반포면,중상사고,0,1,0,0,차량단독 - 공작물충돌,안전운전불이행,건조,맑음,단일로 - 기타,승용,남,65세,상해없음,,,,
2014051400100411,2014년 5월 14일 16시,수요일,충청남도 서산시 운산면,경상사고,0,0,1,1,차대차 - 기타,중앙선침범,건조,맑음,기타 - 기타,화물,남,62세,부상신고,화물,남,39세,경상
2014051400100412,2014년 5월 14일 16시,수요일,충청남도 천안시 서북구 두정동,중상사고,0,1,1,0,차대차 - 기타,교차로운행방법위반,건조,맑음,교차로 - 교차로부근,승용,남,39세,상해없음,원동기,남,16세,중상
2014051400100413,2014년 5월 14일 16시,수요일,충청남도 홍성군 갈산면,경상사고,0,0,1,0,차대차 - 측면직각충돌,안전운전불이행,건조,맑음,교차로 - 교차로부근,화물,남,50세,상해없음,승용,여,56세,경상
2014051400100454,2014년 5월 14일 17시,수요일,충청남도 논산시 내동,경상사고,0,0,1,0,차대사람 - 횡단중,안전운전불이행,건조,맑음,교차로 - 교차로안,승용,여,49세,상해없음,보행자,여,8세,경상
2014051400100455,2014년 5월 14일 17시,수요일,충청남도 천안시 동남구 안서동,중상사고,0,1,0,0,차대차 - 기타,안전운전불이행,건조,맑음,단일로 - 기타,승용,남,23세,상해없음,자전거,남,19세,중상
2014051400100491,2014년 5월 14일 18시,수요일,충청남도 천안시 서북구 쌍용동,경상사고,0,0,2,0,차대차 - 추돌 - 진행중,안전운전불이행,건조,맑음,교차로 - 교차로부근,화물,남,56세,상해없음,승용,남,61세,경상