사고번호,사고일시,요일,시군구,사고내용,사망자수,중상자수,경상자수,부상신고자수,사고유형,법규위반,노면상태,기상상태,도로형태,가해운전자 차종,가해운전자 성별,가해운전자 연령,가해운전자 상해정도,피해운전자 차종,피해운전자 성별,피해운전자 연령,피해운전자 상해정도
2014051400100525,2014년 5월 14일 19시,수요일,충청남도 보령시 청소면,사망사고,1,0,1,0,차대차 - 추돌 - 진행중,안전운전불이행,건조,맑음,단일로 - 기타,승용,여,40세,경상,농기계,남,66세,사망
2014051400100568,2014년 5월 14일 20시,수요일,충청남도 서산시 성연면,중상사고,0,1,0,0,차대차 - 기타,안전운전불이행,건조,맑음,기타 - 기타,승용,남,32세,상해없음,농기계,남,63세,중상
2014051400100569,2014년 5월 14일 20시,수요일,충청남도 홍성군 홍성읍,중상사고,0,1,0,0,차대차 - 측면직각충돌,안전운전불이행,건조,맑음,교차로 - 교차로안,승용,남,76세,상해없음,이륜,남,61세,중상
2014051400100617,2014년 5월 14일 21시,수요일,충청남도 서산시 동문동,부상신고사고,0,0,0,1,차대차 - 측면직각충돌,안전운전불이행,건조,맑음,교차로 - 교차로부근,자전거,남,14세,부상신고,승용,남,44세,상해없음
2014051400100618,2014년 5월 14일 21시,수요일,충청남도 천안시 서북구 백석동,경상사고,0,0,1,0,차대차 - 추돌 - 진행중,안전운전불이행,건조,맑음,교차로 - 교차로부근,승용,남,44세,상해없음,원동기,남,30세,경상
2014051400100620,2014년 5월 14일 21시,수요일,충청남도 당진시 신평면,경상사고,0,0,1,0,차대차 - 측면직각충돌,안전운전불이행,건조,맑음,단일로 - 기타,승용,남,36세,상해없음,승합,남,61세,경상
2014051400100657,2014년 5월 14일 22시,수요일,충청남도 천안시 동남구 원성동,중상사고,0,1,0,0,차대차 - 측면직각충돌,신호위반,건조,맑음,교차로 - 교차로안,이륜,남,21세,중상,승용,남,41세,상해없음
2014051400100686,2014년 5월 14일 23시,수요일,충청남도 서산시 읍내동,중상사고,0,1,0,0,차대차 - 추돌 - 주정차중,안전운전불이행,건조,맑음,교차로 - 교차로부근,화물,남,59세,상해없음,승용,남,52세,중상
2014051400100687,2014년 5월 14일 23시,수요일,충청남도 천안시 서북구 불당동,경상사고,0,0,1,5,차대차 - 추돌 - 주정차중,안전운전불이행,건조,맑음,단일로 - 기타,승용,남,24세,상해없음,승합,남,46세,상해없음
2014051400100688,2014년 5월 14일 23시,수요일,충청남도 공주시 봉황동,경상사고,0,0,1,0,차대사람 - 차도통행중,안전운전불이행,건조,맑음,교차로 - 교차로부근,기타불명,기타불명,기타불명,기타불명,보행자,여,20세,경상
2014051500100041,2014년 5월 15일 01시,목요일,충청남도 보령시 남곡동,중상사고,0,1,0,0,차대사람 - 차도통행중,안전운전불이행,건조,맑음,단일로 - 기타,승용,남,38세,상해없음,보행자,남,47세,중상
2014051500100042,2014년 5월 15일 01시,목요일,충청남도 천안시 동남구 신부동,중상사고,0,1,0,0,차대사람 - 횡단중,안전운전불이행,건조,맑음,교차로 - 교차로안,승용,남,39세,상해없음,보행자,남,19세,중상
2014051500100095,2014년 5월 15일 06시,목요일,충청남도 금산군 복수면,중상사고,0,3,1,0,차대차 - 측면직각충돌,신호위반,건조,맑음,교차로 - 교차로안,승용,남,61세,경상,승용,남,46세,중상
2014051500100115,2014년 5월 15일 07시,목요일,충청남도 계룡시 금암동,경상사고,0,0,1,0,차대차 - 추돌 - 주정차중,안전운전불이행,건조,맑음,교차로 - 교차로부근,승용,남,59세,상해없음,승용,여,38세,경상
2014051500100220,2014년 5월 15일 10시,목요일,충청남도 천안시 서북구 불당동,경상사고,0,0,2,0,차대차 - 측면직각충돌,신호위반,건조,맑음,교차로 - 교차로안,승용,여,48세,상해없음,승용,남,46세,경상
2014051500100249,2014년 5월 15일 11시,목요일,충청남도 천안시 서북구 쌍용동,부상신고사고,0,0,0,1,차대차 - 추돌 - 주정차중,안전운전불이행,건조,맑음,기타 - 기타,승용,남,30세,상해없음,승용,남,24세,부상신고
2014051500100283,2014년 5월 15일 12시,목요일,충청남도 서산시 대산읍,중상사고,0,2,1,0,차대차 - 추돌 - 주정차중,안전운전불이행,건조,맑음,단일로 - 기타,화물,남,60세,상해없음,승용,여,62세,경상
2014051500100284,2014년 5월 15일 12시,목요일,충청남도 아산시 풍기동,경상사고,0,0,1,0,차대차 - 기타,안전운전불이행,건조,맑음,기타 - 기타,승용,여,39세,상해없음,자전거,남,62세,경상
2014051500100285,2014년 5월 15일 12시,목요일,충청남도 서천군 판교면,중상사고,0,4,4,0,차대차 - 기타,직진우회전진행방해,건조,맑음,교차로 - 교차로안,승용,여,53세,경상,승용,여,54세,중상
2014051500100286,2014년 5월 15일 12시,목요일,충청남도 금산군 금산읍,경상사고,0,0,1,0,차대차 - 측면직각충돌,교차로운행방법위반,건조,맑음,교차로 - 교차로안,화물,남,53세,상해없음,승용,남,52세,상해없음
2014051500100322,2014년 5월 15일 13시,목요일,충청남도 예산군 예산읍,중상사고,0,1,0,0,차대사람 - 기타,안전운전불이행,건조,맑음,기타 - 기타,승용,남,52세,상해없음,보행자,남,36세,중상
2014051500100348,2014년 5월 15일 14시,목요일,충청남도 보령시 주산면,중상사고,0,1,3,0,차대차 - 추돌 - 진행중,차로위반,건조,맑음,단일로 - 기타,승용,남,19세,상해없음,승용,남,30세,경상
2014051500100388,2014년 5월 15일 15시,목요일,충청남도 서산시 해미면,경상사고,0,0,1,0,차대사람 - 기타,안전운전불이행,건조,맑음,단일로 - 기타,승용,남,56세,상해없음,보행자,여,91세,경상
2014051500100389,2014년 5월 15일 15시,목요일,충청남도 천안시 서북구 신당동,경상사고,0,0,1,0,차대사람 - 기타,안전운전불이행,건조,맑음,단일로 - 기타,승합,남,56세,상해없음,보행자,여,12세,경상
2014051500100390,2014년 5월 15일 15시,목요일,충청남도 천안시 서북구 쌍용동,경상사고,0,0,1,0,차대사람 - 기타,안전운전불이행,건조,맑음,교차로 - 교차로부근,승용,남,52세,상해없음,보행자,남,36세,경상
2014051500100391,2014년 5월 15일 15시,목요일,충청남도 홍성군 광천읍,경상사고,0,0,1,0,차대차 - 기타,안전운전불이행,건조,맑음,교차로 - 교차로부근,승용,남,21세,상해없음,원동기,남,42세,경상
2014051500100441,2014년 5월 15일 16시,목요일,충청남도 논산시 취암동,중상사고,0,1,2,0,차대차 - 기타,안전거리미확보,건조,맑음,교차로 - 교차로안,승용,여,40세,상해없음,승용,남,27세,중상
2014051500100442,2014년 5월 15일 16시,목요일,충청남도 아산시 배방읍,경상사고,0,0,1,0,차대차 - 기타,신호위반,건조,맑음,교차로 - 교차로부근,화물,남,45세,상해없음,자전거,남,8세,경상
2014051500100443,2014년 5월 15일 16시,목요일,충청남도 공주시 신관동,경상사고,0,0,1,0,차대사람 - 차도통행중,안전운전불이행,건조,맑음,교차로 - 교차로부근,승용,남,56세,상해없음,보행자,여,8세,경상
2014051500100444,2014년 5월 15일 16시,목요일,충청남도 천안시 동남구 신방동,중상사고,0,1,0,0,차대차 - 기타,안전운전불이행,건조,맑음,교차로 - 교차로안,승용,여,54세,상해없음,자전거,남,14세,중상
2014051500100445,2014년 5월 15일 16시,목요일,충청남도 천안시 동남구 안서동,경상사고,0,0,2,0,차대사람 - 기타,안전운전불이행,건조,맑음,단일로 - 기타,승용,남,69세,상해없음,보행자,남,23세,경상
2014051500100504,2014년 5월 15일 17시,목요일,충청남도 서산시 대산읍,중상사고,0,1,0,1,차대차 - 측면직각충돌,안전운전불이행,건조,맑음,단일로 - 기타,승용,남,63세,상해없음,승용,남,24세,중상
2014051500100506,2014년 5월 15일 17시,목요일,충청남도 공주시 신관동,경상사고,0,0,1,0,차대차 - 측면직각충돌,차로위반,건조,맑음,교차로 - 교차로안,화물,기타불명,기타불명,기타불명,승용,남,39세,경상
2014051500100507,2014년 5월 15일 17시,목요일,충청남도 당진시 석문면,중상사고,0,1,0,0,차대차 - 기타,교차로운행방법위반,건조,맑음,교차로 - 교차로부근,승용,남,49세,상해없음,승용,남,45세,중상
2014051500100569,2014년 5월 15일 18시,목요일,충청남도 천안시 서북구 쌍용동,경상사고,0,0,1,0,차대차 - 기타,안전운전불이행,건조,맑음,교차로 - 교차로부근,승용,여,47세,상해없음,승용,여,49세,경상
2014051500100606,2014년 5월 15일 19시,목요일,충청남도 천안시 서북구 성정동,중상사고,0,1,0,0,차대사람 - 기타,안전운전불이행,건조,맑음,교차로 - 교차로안,승용,여,52세,상해없음,보행자,여,55세,중상
2014051500100644,2014년 5월 15일 20시,목요일,충청남도 논산시 광석면,경상사고,0,0,1,0,차대차 - 추돌 - 진행중,안전운전불이행,건조,맑음,단일로 - 기타,화물,남,51세,상해없음,화물,남,36세,경상
2014051500100645,2014년 5월 15일 20시,목요일,충청남도 공주시 반포면,경상사고,0,0,2,0,차대차 - 정면충돌,안전운전불이행,건조,맑음,교차로 - 교차로안,승용,남,37세,상해없음,화물,남,61세,경상
2014051500100646,2014년 5월 15일 20시,목요일,충청남도 천안시 동남구 신부동,경상사고,0,0,1,0,차대차 - 기타,안전운전불이행,건조,맑음,단일로 - 기타,승용,남,26세,상해없음,승용,여,27세,경상
2014051500100680,2014년 5월 15일 21시,목요일,충청남도 보령시 동대동,경상사고,0,0,1,0,차대사람 - 길가장자리구역통행중,안전운전불이행,건조,맑음,교차로 - 교차로부근,승용,남,52세,상해없음,보행자,남,53세,경상
2014051500100681,2014년 5월 15일 21시,목요일,충청남도 보령시 동대동,중상사고,0,1,0,0,차대차 - 정면충돌,중앙선침범,건조,맑음,단일로 - 기타,승용,남,45세,상해없음,승용,여,51세,중상
2014051500100682,2014년 5월 15일 21시,목요일,충청남도 천안시 동남구 봉명동,중상사고,0,1,0,0,차대사람 - 기타,안전운전불이행,건조,맑음,단일로 - 기타,승용,남,59세,상해없음,보행자,남,77세,중상
2014051500100719,2014년 5월 15일 22시,목요일,충청남도 천안시 서북구 두정동,중상사고,0,1,0,0,차대차 - 추돌 - 진행중,안전운전불이행,건조,맑음,기타 - 기타,승용,남,32세,상해없음,승용,여,31세,중상
2014051500100720,2014년 5월 15일 22시,목요일,충청남도 보령시 대천동,중상사고,0,1,0,0,차대차 - 측면직각충돌,안전운전불이행,건조,맑음,교차로 - 교차로부근,승용,남,75세,상해없음,자전거,여,63세,중상
2014051500100721,2014년 5월 15일 22시,목요일,충청남도 천안시 동남구 봉명동,중상사고,0,1,0,0,차대사람 - 기타,안전운전불이행,건조,맑음,단일로 - 기타,승용,남,31세,상해없음,보행자,여,38세,중상
2014051500100752,2014년 5월 15일 23시,목요일,충청남도 아산시 탕정면,경상사고,0,0,2,0,차대차 - 추돌 - 주정차중,안전운전불이행,건조,맑음,교차로 - 교차로부근,승용,여,20세,상해없음,승용,남,51세,경상
2014051600100071,2014년 5월 16일 05시,금요일,충청남도 아산시 인주면,사망사고,1,0,0,0,차대차 - 측면직각충돌,신호위반,건조,맑음,교차로 - 교차로안,농기계,남,84세,사망,화물,남,41세,상해없음
2014051600100081,2014년 5월 16일 06시,금요일,충청남도 홍성군 금마면,경상사고,0,0,1,0,차대차 - 기타,안전운전불이행,건조,맑음,단일로 - 기타,농기계,남,55세,상해없음,승용,여,53세,경상
2014051600100098,2014년 5월 16일 07시,금요일,충청남도 천안시 동남구 구성동,경상사고,0,0,1,0,차대차 - 기타,신호위반,건조,맑음,단일로 - 횡단보도상,승용,여,43세,상해없음,자전거,남,13세,경상
2014051600100133,2014년 5월 16일 08시,금요일,충청남도 서천군 한산면,중상사고,0,1,0,0,차대차 - 기타,안전운전불이행,건조,맑음,단일로 - 기타,원동기,남,77세,중상,승용,남,66세,상해없음
2014051600100167,2014년 5월 16일 09시,금요일,충청남도 천안시 서북구 성거읍,경상사고,0,0,1,0,차대차 - 측면직각충돌,교차로운행방법위반,건조,맑음,교차로 - 교차로안,화물,남,53세,상해없음,화물,남,47세,경상
2014051600100168,2014년 5월 16일 09시,금요일,충청남도 홍성군 홍성읍,경상사고,0,0,1,0,차대차 - 기타,교차로운행방법위반,건조,맑음,교차로 - 교차로안,승용,남,56세,상해없음,자전거,여,63세,경상
2014051600100169,2014년 5월 16일 09시,금요일,충청남도 보령시 대천동,중상사고,0,1,0,0,차대사람 - 횡단중,안전운전불이행,건조,맑음,교차로 - 교차로부근,승용,남,36세,상해없음,보행자,여,62세,중상
2014051600100198,2014년 5월 16일 10시,금요일,충청남도 천안시 서북구 쌍용동,중상사고,0,1,0,0,차대차 - 측면직각충돌,안전운전불이행,건조,맑음,단일로 - 기타,승용,남,78세,상해없음,화물,남,35세,중상
2014051600100223,2014년 5월 16일 11시,금요일,충청남도 서천군 종천면,경상사고,0,0,2,1,차대차 - 기타,안전거리미확보,건조,맑음,교차로 - 교차로부근,화물,여,58세,상해없음,승용,남,59세,경상
2014051600100255,2014년 5월 16일 12시,금요일,충청남도 태안군 태안읍,중상사고,0,1,0,0,차대차 - 기타,기타,건조,맑음,단일로 - 기타,화물,남,41세,상해없음,이륜,남,78세,중상
2014051600100256,2014년 5월 16일 12시,금요일,충청남도 천안시 서북구 부대동,중상사고,0,1,0,0,차대차 - 정면충돌,신호위반,건조,맑음,교차로 - 교차로부근,특수,남,50세,상해없음,원동기,남,44세,중상
2014051600100257,2014년 5월 16일 12시,금요일,충청남도 예산군 광시면,경상사고,0,0,1,0,차대사람 - 기타,안전운전불이행,건조,맑음,기타 - 기타,승용,남,59세,상해없음,보행자,여,93세,경상
2014051600100258,2014년 5월 16일 12시,금요일,충청남도 천안시 동남구 목천읍,중상사고,0,1,0,0,차대차 - 측면직각충돌,안전운전불이행,건조,맑음,교차로 - 교차로안,화물,남,57세,상해없음,원동기,남,45세,중상
2014051600100287,2014년 5월 16일 13시,금요일,충청남도 예산군 덕산면,중상사고,0,1,0,0,차대차 - 기타,안전운전불이행,건조,맑음,단일로 - 기타,화물,남,56세,상해없음,이륜,남,73세,중상
2014051600100328,2014년 5월 16일 14시,금요일,충청남도 논산시 연산면,경상사고,0,0,1,0,차대차 - 기타,차로위반,건조,맑음,단일로 - 기타,승용,기타불명,기타불명,기타불명,승용,남,38세,경상
2014051600100329,2014년 5월 16일 14시,금요일,충청남도 서천군 장항읍,중상사고,0,1,2,0,차대차 - 기타,안전운전불이행,건조,맑음,교차로 - 교차로안,승용,남,68세,경상,승용,남,53세,경상
2014051600100330,2014년 5월 16일 14시,금요일,충청남도 보령시 주교면,경상사고,0,0,1,0,차량단독 - 전도전복,안전운전불이행,건조,맑음,단일로 - 기타,이륜,남,76세,상해없음,,,,
2014051600100363,2014년 5월 16일 15시,금요일,충청남도 천안시 서북구 입장면,경상사고,0,0,1,0,차대차 - 기타,안전운전불이행,건조,맑음,교차로 - 교차로안,승용,남,20세,기타불명,이륜,남,78세,경상
2014051600100402,2014년 5월 16일 16시,금요일,충청남도 아산시 탕정면,경상사고,0,0,1,0,차대차 - 기타,안전운전불이행,건조,맑음,단일로 - 기타,원동기,남,52세,경상,승합,남,43세,상해없음
2014051600100403,2014년 5월 16일 16시,금요일,충청남도 당진시 읍내리,경상사고,0,0,1,0,차대차 - 측면직각충돌,교차로운행방법위반,건조,맑음,교차로 - 교차로안,승용,여,27세,상해없음,승용,여,33세,경상
2014051600100511,2014년 5월 16일 18시,금요일,충청남도 당진시 송악읍,경상사고,0,0,1,0,차대사람 - 기타,안전운전불이행,건조,맑음,단일로 - 기타,승용,남,46세,상해없음,보행자,여,3세,경상
2014051600100549,2014년 5월 16일 19시,금요일,충청남도 천안시 서북구 직산읍,중상사고,0,1,0,0,차대차 - 정면충돌,중앙선침범,건조,맑음,단일로 - 기타,화물,남,48세,상해없음,승용,남,29세,중상
2014051600100581,2014년 5월 16일 20시,금요일,충청남도 천안시 서북구 쌍용동,경상사고,0,0,1,0,차량단독 - 기타,안전운전불이행,기타,기타,교차로 - 교차로부근,승용,남,68세,상해없음,,,,
2014051600100582,2014년 5월 16일 20시,금요일,충청남도 아산시 풍기동,중상사고,0,1,0,0,차대사람 - 횡단중,안전운전불이행,건조,맑음,단일로 - 기타,승용,남,48세,상해없음,보행자,여,74세,중상
2014051600100583,2014년 5월 16일 20시,금요일,충청남도 천안시 동남구 구성동,중상사고,0,1,2,0,차대차 - 추돌 - 주정차중,안전운전불이행,건조,맑음,단일로 - 기타,승용,남,41세,상해없음,승용,남,53세,경상
2014051600100629,2014년 5월 16일 21시,금요일,충청남도 서산시 동문동,중상사고,0,1,0,0,차대차 - 측면직각충돌,안전운전불이행,건조,맑음,교차로 - 교차로안,승용,남,24세,기타불명,이륜,남,16세,중상
2014051600100630,2014년 5월 16일 21시,금요일,충청남도 아산시 방축동,경상사고,0,0,1,0,차대차 - 측면직각충돌,안전운전불이행,건조,맑음,단일로 - 기타,승용,여,35세,상해없음,승용,남,38세,경상
2014051600100631,2014년 5월 16일 21시,금요일,충청남도 공주시 탄천면,경상사고,0,0,1,0,차대차 - 추돌 - 진행중,안전운전불이행,건조,기타,단일로 - 기타,화물,남,29세,상해없음,화물,남,63세,기타불명
2014051600100671,2014년 5월 16일 22시,금요일,충청남도 서산시 읍내동,경상사고,0,0,1,0,차대사람 - 기타,안전운전불이행,건조,맑음,단일로 - 기타,자전거,남,14세,상해없음,보행자,여,50세,경상
2014051600100672,2014년 5월 16일 22시,금요일,충청남도 아산시 모종동,경상사고,0,0,1,0,차대차 - 측면직각충돌,신호위반,건조,맑음,교차로 - 교차로안,기타불명,기타불명,기타불명,기타불명,자전거,남,17세,경상
2014051600100673,2014년 5월 16일 22시,금요일,충청남도 천안시 동남구 원성동,경상사고,0,0,4,0,차대차 - 추돌 - 주정차중,안전운전불이행,건조,맑음,단일로 - 기타,승용,여,50세,상해없음,승용,남,29세,경상
2014051600100707,2014년 5월 16일 23시,금요일,충청남도 천안시 서북구 입장면,경상사고,0,0,1,0,차대차 - 기타,교차로운행방법위반,건조,맑음,교차로 - 교차로안,승용,남,54세,상해없음,승용,남,31세,상해없음
2014051700100019,2014년 5월 17일 00시,토요일,충청남도 공주시 신관동,경상사고,0,0,1,0,차대사람 - 기타,안전운전불이행,건조,맑음,기타 - 기타,승용,남,35세,상해없음,보행자,남,26세,경상
2014051700100065,2014년 5월 17일 02시,토요일,충청남도 공주시 신관동,중상사고,0,2,0,0,차대차 - 측면직각충돌,과속,건조,맑음,교차로 - 교차로안,승용,남,36세,상해없음,승용,남,56세,중상
2014051700100083,2014년 5월 17일 03시,토요일,충청남도 서산시 해미면,사망사고,1,1,0,0,차대차 - 추돌 - 진행중,안전운전불이행,건조,맑음,단일로 - 기타,화물,남,53세,상해없음,이륜,남,18세,중상
2014051700100117,2014년 5월 17일 06시,토요일,충청남도 공주시 유구읍,경상사고,0,0,1,0,차대차 - 정면충돌,안전운전불이행,건조,맑음,단일로 - 기타,화물,남,55세,상해없음,화물,남,58세,경상
2014051700100132,2014년 5월 17일 07시,토요일,충청남도 예산군 신양면,경상사고,0,0,1,0,차대차 - 추돌 - 진행중,안전거리미확보,건조,맑음,단일로 - 기타,승용,남,38세,경상,승용,남,36세,상해없음
2014051700100159,2014년 5월 17일 08시,토요일,충청남도 서산시 동문동,중상사고,0,1,0,0,차대사람 - 기타,안전운전불이행,건조,맑음,단일로 - 기타,승용,여,35세,상해없음,보행자,여,54세,중상
2014051700100160,2014년 5월 17일 08시,토요일,충청남도 태안군 태안읍,경상사고,0,0,1,0,차대사람 - 기타,안전운전불이행,건조,맑음,단일로 - 기타,승용,남,39세,상해없음,보행자,남,56세,경상
2014051700100185,2014년 5월 17일 09시,토요일,충청남도 천안시 서북구 쌍용동,중상사고,0,1,0,0,차대차 - 기타,안전운전불이행,건조,맑음,단일로 - 기타,승합,남,55세,상해없음,승용,남,69세,중상
2014051700100186,2014년 5월 17일 09시,토요일,충청남도 아산시 배방읍,경상사고,0,0,2,0,차대차 - 추돌 - 주정차중,안전운전불이행,건조,맑음,교차로 - 교차로부근,승용,여,37세,상해없음,승용,남,56세,경상
2014051700100208,2014년 5월 17일 10시,토요일,충청남도 서산시 잠홍동,경상사고,0,0,4,0,차대차 - 추돌 - 주정차중,안전운전불이행,건조,맑음,단일로 - 기타,승용,여,48세,상해없음,승용,여,40세,경상
2014051700100239,2014년 5월 17일 11시,토요일,충청남도 서산시 음암면,중상사고,0,1,0,0,차대차 - 측면직각충돌,중앙선침범,건조,맑음,단일로 - 기타,승용,남,21세,상해없음,승용,여,37세,중상
2014051700100240,2014년 5월 17일 11시,토요일,충청남도 홍성군 갈산면,중상사고,0,3,0,0,차대차 - 측면직각충돌,안전운전불이행,건조,맑음,단일로 - 기타,승용,남,29세,상해없음,화물,남,57세,중상
2014051700100241,2014년 5월 17일 11시,토요일,충청남도 예산군 봉산면,중상사고,0,1,0,0,차대차 - 추돌 - 진행중,안전운전불이행,건조,맑음,단일로 - 기타,화물,남,31세,상해없음,이륜,남,94세,중상
2014051700100274,2014년 5월 17일 12시,토요일,충청남도 논산시 광석면,경상사고,0,0,2,0,차대차 - 측면직각충돌,신호위반,건조,맑음,교차로 - 교차로안,승용,남,59세,경상,승용,남,53세,경상
2014051700100275,2014년 5월 17일 12시,토요일,충청남도 아산시 온천동,경상사고,0,0,1,0,차대차 - 기타,기타,건조,맑음,교차로 - 교차로부근,승용,남,35세,상해없음,승용,남,26세,경상
2014051700100307,2014년 5월 17일 13시,토요일,충청남도 계룡시 엄사면,중상사고,0,1,2,0,차대차 - 추돌 - 주정차중,안전운전불이행,건조,맑음,교차로 - 교차로부근,승용,여,54세,경상,승용,여,41세,중상
2014051700100308,2014년 5월 17일 13시,토요일,충청남도 서천군 장항읍,중상사고,0,1,0,0,차대사람 - 기타,안전운전불이행,건조,맑음,교차로 - 교차로안,승용,남,51세,기타불명,보행자,남,75세,중상
2014051700100309,2014년 5월 17일 13시,토요일,충청남도 천안시 동남구 성남면,중상사고,0,1,0,0,차량단독 - 공작물충돌,안전운전불이행,건조,맑음,단일로 - 기타,승용,남,43세,상해없음,,,,
2014051700100352,2014년 5월 17일 14시,토요일,충청남도 서산시 운산면,사망사고,1,0,0,0,차대차 - 추돌 - 진행중,기타,건조,맑음,교차로 - 교차로안,특수,남,45세,상해없음,원동기,남,85세,사망
2014051700100353,2014년 5월 17일 14시,토요일,충청남도 논산시 내동,중상사고,0,1,0,0,차대차 - 측면직각충돌,직진우회전진행방해,건조,맑음,교차로 - 교차로안,이륜,남,18세,중상,승용,여,37세,상해없음
2014051700100355,2014년 5월 17일 14시,토요일,충청남도 부여군 부여읍,경상사고,0,0,1,0,차대차 - 기타,안전운전불이행,건조,맑음,교차로 - 교차로안,승용,여,45세,상해없음,자전거,여,73세,경상
2014051700100399,2014년 5월 17일 15시,토요일,충청남도 서천군 장항읍,경상사고,0,0,1,0,차량단독 - 기타,안전운전불이행,건조,맑음,교차로 - 교차로부근,원동기,남,84세,경상,,,,
2014051700100438,2014년 5월 17일 16시,토요일,충청남도 보령시 동대동,중상사고,0,1,0,0,차대사람 - 횡단중,안전운전불이행,건조,맑음,단일로 - 기타,승용,여,40세,상해없음,보행자,여,53세,중상
2014051700100475,2014년 5월 17일 17시,토요일,충청남도 홍성군 홍성읍,경상사고,0,0,1,0,차대사람 - 횡단중,안전운전불이행,건조,맑음,교차로 - 교차로안,승용,남,49세,상해없음,보행자,남,19세,경상
2014051700100521,2014년 5월 17일 18시,토요일,충청남도 당진시 수청리,중상사고,0,1,0,0,차대차 - 기타,중앙선침범,건조,맑음,교차로 - 교차로안,승용,남,59세,상해없음,원동기,남,56세,중상
2014051700100595,2014년 5월 17일 20시,토요일,충청남도 천안시 동남구 구룡동,부상신고사고,0,0,0,1,차대차 - 기타,안전운전불이행,건조,맑음,단일로 - 기타,이륜,여,65세,부상신고,승용,여,43세,상해없음
2014051700100623,2014년 5월 17일 21시,토요일,충청남도 홍성군 금마면,경상사고,0,0,1,0,차대차 - 기타,안전운전불이행,건조,맑음,단일로 - 기타,승용,기타불명,기타불명,기타불명,자전거,남,71세,경상
2014051700100624,2014년 5월 17일 21시,토요일,충청남도 서천군 마서면,중상사고,0,4,0,0,차대차 - 기타,신호위반,건조,맑음,교차로 - 교차로안,승용,남,52세,중상,승합,남,56세,중상
2014051700100664,2014년 5월 17일 22시,토요일,충청남도 논산시 성동면,중상사고,0,1,0,0,차대차 - 정면충돌,중앙선침범,건조,맑음,단일로 - 기타,승용,남,44세,상해없음,승용,여,34세,중상
2014051700100665,2014년 5월 17일 22시,토요일,충청남도 보령시 청라면,사망사고,1,1,0,0,차대차 - 추돌 - 진행중,안전운전불이행,건조,맑음,교차로 - 교차로부근,승용,남,62세,상해없음,농기계,남,54세,사망
2014051700100666,2014년 5월 17일 22시,토요일,충청남도 당진시 합덕읍,중상사고,0,1,0,0,차대사람 - 횡단중,안전운전불이행,건조,맑음,단일로 - 기타,승용,남,43세,상해없음,보행자,남,47세,중상
2014051700100701,2014년 5월 17일 23시,토요일,충청남도 서산시 예천동,중상사고,0,1,1,0,차대차 - 추돌 - 진행중,안전운전불이행,건조,맑음,교차로 - 교차로부근,승용,남,31세,상해없음,승용,남,47세,중상
2014051800100042,2014년 5월 18일 01시,일요일,충청남도 천안시 서북구 두정동,중상사고,0,1,0,0,차대사람 - 차도통행중,안전운전불이행,건조,맑음,교차로 - 교차로안,승용,남,23세,상해없음,보행자,남,19세,중상
2014051800100067,2014년 5월 18일 02시,일요일,충청남도 보령시 신흑동,경상사고,0,0,1,0,차대사람 - 기타,안전운전불이행,건조,맑음,교차로 - 교차로안,승용,남,19세,상해없음,보행자,남,18세,경상
2014051800100096,2014년 5월 18일 04시,일요일,충청남도 당진시 읍내리,경상사고,0,0,1,0,차대차 - 기타,직진우회전진행방해,건조,맑음,교차로 - 교차로안,승용,남,29세,상해없음,승용,남,23세,경상
2014051800100108,2014년 5월 18일 05시,일요일,충청남도 예산군 고덕면,경상사고,0,0,2,0,차대차 - 기타,중앙선침범,건조,맑음,단일로 - 기타,승용,남,34세,상해없음,화물,여,46세,경상
2014051800100116,2014년 5월 18일 06시,일요일,충청남도 서천군 장항읍,부상신고사고,0,0,0,1,차량단독 - 기타,안전운전불이행,건조,맑음,단일로 - 기타,승용,남,42세,부상신고,,,,
2014051800100148,2014년 5월 18일 08시,일요일,충청남도 논산시 상월면,중상사고,0,1,0,0,차대차 - 정면충돌,중앙선침범,건조,맑음,단일로 - 기타,화물,남,45세,상해없음,승용,남,76세,중상
2014051800100168,2014년 5월 18일 09시,일요일,충청남도 천안시 서북구 백석동,사망사고,1,0,0,1,차대사람 - 횡단중,보행자보호의무위반,건조,맑음,교차로 - 교차로안,승용,남,20세,상해없음,보행자,남,83세,사망
2014051800100169,2014년 5월 18일 09시,일요일,충청남도 공주시 금흥동,중상사고,0,1,0,0,차대차 - 기타,기타,건조,맑음,교차로 - 교차로안,승용,남,46세,기타불명,이륜,남,48세,중상
2014051800100170,2014년 5월 18일 09시,일요일,충청남도 천안시 동남구 대흥동,중상사고,0,1,0,0,차대사람 - 기타,안전운전불이행,건조,맑음,단일로 - 기타,승용,남,50세,상해없음,보행자,남,81세,중상
2014051800100189,2014년 5월 18일 10시,일요일,충청남도 부여군 임천면,경상사고,0,0,1,0,차대차 - 기타,안전운전불이행,건조,맑음,교차로 - 교차로부근,화물,남,53세,경상,건설기계,남,38세,상해없음
2014051800100246,2014년 5월 18일 12시,일요일,충청남도 보령시 천북면,중상사고,0,1,3,0,차대차 - 기타,안전운전불이행,건조,맑음,단일로 - 기타,승용,남,45세,상해없음,승용,여,43세,경상