사고번호,사고일시,요일,시군구,사고내용,사망자수,중상자수,경상자수,부상신고자수,사고유형,법규위반,노면상태,기상상태,도로형태,가해운전자 차종,가해운전자 성별,가해운전자 연령,가해운전자 상해정도,피해운전자 차종,피해운전자 성별,피해운전자 연령,피해운전자 상해정도
2014052300100127,2014년 5월 23일 08시,금요일,충청남도 천안시 서북구 직산읍,중상사고,0,1,0,0,차대차 - 추돌 - 진행중,교차로운행방법위반,건조,맑음,교차로 - 교차로안,승용,여,51세,상해없음,자전거,남,32세,중상
2014052300100128,2014년 5월 23일 08시,금요일,충청남도 논산시 성동면,경상사고,0,0,1,0,차대차 - 정면충돌,안전운전불이행,건조,맑음,단일로 - 기타,화물,남,60세,상해없음,승용,여,59세,경상
2014052300100129,2014년 5월 23일 08시,금요일,충청남도 아산시 온천동,경상사고,0,0,1,0,차대사람 - 횡단중,보행자보호의무위반,건조,맑음,교차로 - 교차로부근,화물,남,23세,상해없음,보행자,여,42세,경상
2014052300100158,2014년 5월 23일 09시,금요일,충청남도 태안군 근흥면,중상사고,0,1,0,0,차대사람 - 기타,안전운전불이행,습기,안개,기타 - 기타,화물,남,55세,상해없음,보행자,남,55세,중상
2014052300100159,2014년 5월 23일 09시,금요일,충청남도 태안군 고남면,중상사고,0,1,0,0,차대차 - 기타,안전운전불이행,건조,흐림,단일로 - 기타,승합,남,50세,상해없음,원동기,남,74세,중상
2014052300100237,2014년 5월 23일 11시,금요일,충청남도 당진시 읍내리,중상사고,0,1,0,0,차대사람 - 보도통행중,안전운전불이행,건조,맑음,단일로 - 기타,승용,여,44세,상해없음,보행자,남,83세,중상
2014052300100238,2014년 5월 23일 11시,금요일,충청남도 당진시 면천면,중상사고,0,2,0,0,차대차 - 기타,안전운전불이행,건조,맑음,단일로 - 기타,화물,남,40세,상해없음,승용,남,56세,중상
2014052300100262,2014년 5월 23일 12시,금요일,충청남도 홍성군 광천읍,중상사고,0,2,0,0,차대차 - 측면직각충돌,교차로운행방법위반,건조,맑음,교차로 - 교차로안,건설기계,남,43세,상해없음,이륜,남,84세,중상
2014052300100288,2014년 5월 23일 13시,금요일,충청남도 보령시 궁촌동,중상사고,0,2,0,0,차대차 - 추돌 - 진행중,중앙선침범,건조,맑음,단일로 - 기타,화물,남,69세,기타불명,승용,여,42세,중상
2014052300100289,2014년 5월 23일 13시,금요일,충청남도 금산군 금산읍,경상사고,0,0,1,0,차대차 - 측면직각충돌,안전운전불이행,건조,맑음,교차로 - 교차로안,원동기,남,62세,경상,승용,남,48세,상해없음
2014052300100354,2014년 5월 23일 15시,금요일,충청남도 태안군 태안읍,경상사고,0,0,1,0,차대차 - 기타,안전운전불이행,건조,맑음,교차로 - 교차로안,화물,남,68세,상해없음,화물,남,65세,상해없음
2014052300100355,2014년 5월 23일 15시,금요일,충청남도 서산시 지곡면,중상사고,0,1,0,0,차대차 - 측면직각충돌,안전운전불이행,건조,맑음,교차로 - 교차로부근,화물,여,45세,상해없음,승용,여,39세,중상
2014052300100427,2014년 5월 23일 17시,금요일,충청남도 천안시 서북구 성환읍,경상사고,0,0,1,0,차대차 - 기타,안전운전불이행,건조,맑음,단일로 - 기타,승용,남,18세,상해없음,승용,남,59세,기타불명
2014052300100429,2014년 5월 23일 17시,금요일,충청남도 예산군 광시면,경상사고,0,0,1,0,차대차 - 추돌 - 진행중,안전운전불이행,건조,맑음,교차로 - 교차로안,원동기,남,52세,경상,화물,남,64세,상해없음
2014052300100430,2014년 5월 23일 17시,금요일,충청남도 당진시 읍내리,중상사고,0,1,0,0,차대차 - 기타,신호위반,건조,맑음,교차로 - 교차로안,승용,남,32세,상해없음,원동기,남,22세,중상
2014052300100480,2014년 5월 23일 18시,금요일,충청남도 홍성군 홍성읍,중상사고,0,1,0,0,차대차 - 측면직각충돌,차로위반,건조,맑음,단일로 - 기타,건설기계,남,45세,상해없음,승용,여,18세,중상
2014052300100481,2014년 5월 23일 18시,금요일,충청남도 천안시 동남구 영성동,부상신고사고,0,0,0,1,차대차 - 기타,안전운전불이행,건조,맑음,단일로 - 기타,이륜,남,54세,부상신고,승용,남,34세,상해없음
2014052300100482,2014년 5월 23일 18시,금요일,충청남도 천안시 동남구 봉명동,부상신고사고,0,0,0,1,차대사람 - 횡단중,보행자보호의무위반,건조,맑음,단일로 - 기타,기타불명,기타불명,기타불명,기타불명,보행자,남,13세,부상신고
2014052300100512,2014년 5월 23일 19시,금요일,충청남도 서산시 지곡면,중상사고,0,1,0,0,차대차 - 측면직각충돌,안전운전불이행,건조,맑음,단일로 - 기타,화물,남,67세,상해없음,이륜,남,17세,중상
2014052300100514,2014년 5월 23일 19시,금요일,충청남도 천안시 동남구 신부동,경상사고,0,0,1,0,차대차 - 기타,신호위반,건조,맑음,교차로 - 교차로안,승용,남,56세,상해없음,승용,남,60세,상해없음
2014052300100560,2014년 5월 23일 20시,금요일,충청남도 당진시 송악읍,경상사고,0,0,3,0,차대차 - 기타,신호위반,건조,맑음,교차로 - 교차로안,승용,남,59세,상해없음,승용,여,51세,경상
2014052300100589,2014년 5월 23일 21시,금요일,충청남도 천안시 서북구 성정동,사망사고,1,0,0,0,차대차 - 정면충돌,신호위반,건조,맑음,교차로 - 교차로안,승용,남,42세,상해없음,원동기,남,30세,사망
2014052300100590,2014년 5월 23일 21시,금요일,충청남도 홍성군 광천읍,중상사고,0,3,0,0,차대차 - 측면직각충돌,안전운전불이행,건조,맑음,교차로 - 교차로안,승용,남,51세,상해없음,승용,남,49세,상해없음
2014052300100591,2014년 5월 23일 21시,금요일,충청남도 홍성군 홍성읍,경상사고,0,0,1,0,차대차 - 측면직각충돌,교차로운행방법위반,건조,맑음,교차로 - 교차로안,승합,남,49세,상해없음,승용,남,50세,경상
2014052300100622,2014년 5월 23일 22시,금요일,충청남도 논산시 부적면,경상사고,0,0,6,0,차대차 - 정면충돌,안전운전불이행,건조,맑음,단일로 - 기타,화물,남,49세,기타불명,승용,남,30세,경상
2014052300100656,2014년 5월 23일 23시,금요일,충청남도 논산시 부창동,중상사고,0,3,2,0,차대차 - 측면직각충돌,신호위반,건조,맑음,교차로 - 교차로안,승용,남,53세,경상,화물,남,58세,중상
2014052400100040,2014년 5월 24일 01시,토요일,충청남도 예산군 삽교읍,경상사고,0,0,1,0,차량단독 - 공작물충돌,안전운전불이행,건조,맑음,단일로 - 기타,화물,남,40세,경상,,,,
2014052400100094,2014년 5월 24일 04시,토요일,충청남도 천안시 서북구 불당동,중상사고,0,1,0,0,차대차 - 기타,신호위반,건조,맑음,교차로 - 교차로안,승용,여,47세,상해없음,승용,여,28세,중상
2014052400100147,2014년 5월 24일 07시,토요일,충청남도 태안군 고남면,사망사고,1,4,1,0,차대차 - 측면직각충돌,중앙선침범,건조,맑음,단일로 - 기타,건설기계,남,48세,중상,승합,남,57세,사망
2014052400100173,2014년 5월 24일 08시,토요일,충청남도 논산시 연무읍,경상사고,0,0,1,0,차대사람 - 차도통행중,안전운전불이행,건조,맑음,교차로 - 교차로안,이륜,남,76세,상해없음,보행자,여,14세,경상
2014052400100203,2014년 5월 24일 09시,토요일,충청남도 논산시 채운면,경상사고,0,0,1,0,차량단독 - 전도전복,안전운전불이행,건조,맑음,단일로 - 기타,이륜,남,49세,경상,,,,
2014052400100230,2014년 5월 24일 10시,토요일,충청남도 천안시 동남구 목천읍,중상사고,0,1,0,0,차대차 - 기타,신호위반,건조,맑음,교차로 - 교차로안,승합,여,40세,상해없음,승용,남,39세,중상
2014052400100263,2014년 5월 24일 11시,토요일,충청남도 아산시 온천동,경상사고,0,0,4,0,차대차 - 추돌 - 주정차중,안전운전불이행,건조,맑음,단일로 - 기타,승용,여,58세,상해없음,승용,남,38세,경상
2014052400100294,2014년 5월 24일 12시,토요일,충청남도 천안시 서북구 입장면,경상사고,0,0,1,1,차대차 - 기타,신호위반,건조,맑음,교차로 - 교차로안,승용,남,59세,상해없음,화물,남,47세,경상
2014052400100327,2014년 5월 24일 13시,토요일,충청남도 예산군 덕산면,경상사고,0,0,1,0,차대차 - 기타,직진우회전진행방해,건조,맑음,교차로 - 교차로안,승용,남,26세,기타불명,화물,남,31세,경상
2014052400100360,2014년 5월 24일 14시,토요일,충청남도 부여군 홍산면,경상사고,0,0,1,0,차량단독 - 공작물충돌,안전운전불이행,건조,맑음,단일로 - 기타,승용,남,58세,경상,,,,
2014052400100398,2014년 5월 24일 15시,토요일,충청남도 천안시 동남구 목천읍,경상사고,0,0,2,0,차대차 - 기타,안전거리미확보,건조,맑음,단일로 - 기타,승용,남,48세,상해없음,승용,여,31세,경상
2014052400100440,2014년 5월 24일 16시,토요일,충청남도 태안군 태안읍,중상사고,0,1,0,0,차대사람 - 기타,안전운전불이행,건조,맑음,단일로 - 기타,화물,남,76세,상해없음,보행자,남,69세,중상
2014052400100441,2014년 5월 24일 16시,토요일,충청남도 당진시 석문면,경상사고,0,0,1,0,차대차 - 측면직각충돌,교차로운행방법위반,건조,맑음,교차로 - 교차로부근,승용,남,70세,상해없음,건설기계,남,36세,경상
2014052400100480,2014년 5월 24일 17시,토요일,충청남도 계룡시 엄사면,중상사고,0,1,0,0,차대사람 - 횡단중,교차로운행방법위반,건조,맑음,교차로 - 교차로안,승용,여,44세,상해없음,보행자,남,14세,중상
2014052400100481,2014년 5월 24일 17시,토요일,충청남도 천안시 동남구 병천면,경상사고,0,0,4,0,차대차 - 기타,안전거리미확보,건조,맑음,단일로 - 기타,승용,남,36세,상해없음,승용,남,30세,경상
2014052400100526,2014년 5월 24일 18시,토요일,충청남도 논산시 은진면,경상사고,0,0,1,0,차대차 - 측면직각충돌,교차로운행방법위반,건조,맑음,교차로 - 교차로안,이륜,남,62세,경상,승용,남,49세,상해없음
2014052400100527,2014년 5월 24일 18시,토요일,충청남도 보령시 신흑동,경상사고,0,0,3,0,차대차 - 측면직각충돌,직진우회전진행방해,건조,맑음,교차로 - 교차로안,승용,여,66세,경상,승용,남,43세,경상
2014052400100561,2014년 5월 24일 19시,토요일,충청남도 천안시 서북구 성거읍,중상사고,0,1,0,0,차대차 - 측면직각충돌,교차로운행방법위반,건조,맑음,교차로 - 교차로안,승용,남,65세,상해없음,승용,여,44세,중상
2014052400100562,2014년 5월 24일 19시,토요일,충청남도 홍성군 광천읍,경상사고,0,0,1,0,차대차 - 기타,안전운전불이행,건조,맑음,단일로 - 기타,승용,남,51세,상해없음,자전거,남,65세,경상
2014052400100563,2014년 5월 24일 19시,토요일,충청남도 금산군 추부면,경상사고,0,0,1,0,차대차 - 측면직각충돌,신호위반,건조,맑음,교차로 - 교차로안,화물,남,53세,상해없음,화물,남,61세,경상
2014052400100564,2014년 5월 24일 19시,토요일,충청남도 청양군 청남면,중상사고,0,1,0,0,차대사람 - 횡단중,안전운전불이행,건조,맑음,단일로 - 기타,승용,여,36세,상해없음,보행자,여,49세,중상
2014052400100596,2014년 5월 24일 20시,토요일,충청남도 공주시 우성면,경상사고,0,0,2,0,차대차 - 기타,신호위반,건조,맑음,교차로 - 교차로안,승용,여,44세,상해없음,승용,남,68세,경상
2014052500100014,2014년 5월 25일 00시,일요일,충청남도 금산군 추부면,중상사고,0,1,0,0,차량단독 - 공작물충돌,안전운전불이행,건조,맑음,단일로 - 기타,승용,남,50세,중상,,,,
2014052500100059,2014년 5월 25일 02시,일요일,충청남도 서산시 읍내동,중상사고,0,1,0,0,차대차 - 추돌 - 진행중,안전운전불이행,건조,맑음,단일로 - 기타,특수,남,49세,상해없음,자전거,여,70세,중상
2014052500100070,2014년 5월 25일 03시,일요일,충청남도 천안시 서북구 성정동,경상사고,0,0,1,0,차대차 - 기타,안전운전불이행,건조,맑음,교차로 - 교차로부근,승용,남,30세,상해없음,승용,남,54세,경상
2014052500100088,2014년 5월 25일 05시,일요일,충청남도 서산시 성연면,경상사고,0,0,1,0,차대차 - 기타,안전운전불이행,건조,맑음,단일로 - 기타,승용,남,25세,경상,승용,남,50세,상해없음
2014052500100128,2014년 5월 25일 08시,일요일,충청남도 서산시 지곡면,경상사고,0,0,2,0,차대차 - 측면직각충돌,안전거리미확보,건조,맑음,단일로 - 기타,승용,남,35세,상해없음,승용,남,33세,경상
2014052500100145,2014년 5월 25일 09시,일요일,충청남도 공주시 우성면,경상사고,0,0,4,0,차량단독 - 공작물충돌,안전운전불이행,건조,맑음,단일로 - 기타,승용,남,19세,기타불명,,,,
2014052500100160,2014년 5월 25일 10시,일요일,충청남도 태안군 태안읍,경상사고,0,0,1,0,차대사람 - 횡단중,신호위반,습기,비,단일로 - 기타,승용,남,38세,상해없음,보행자,여,48세,경상
2014052500100161,2014년 5월 25일 10시,일요일,충청남도 보령시 동대동,경상사고,0,0,1,0,차대사람 - 횡단중,보행자보호의무위반,건조,흐림,교차로 - 교차로부근,승용,여,45세,상해없음,보행자,남,3세,경상
2014052500100162,2014년 5월 25일 10시,일요일,충청남도 보령시 동대동,경상사고,0,0,4,0,차대차 - 측면직각충돌,직진우회전진행방해,습기,비,교차로 - 교차로안,승용,여,40세,경상,승용,남,55세,상해없음
2014052500100163,2014년 5월 25일 10시,일요일,충청남도 당진시 읍내리,경상사고,0,0,1,0,차대사람 - 기타,보행자보호의무위반,건조,맑음,단일로 - 횡단보도상,승용,남,37세,상해없음,보행자,남,76세,경상
2014052500100221,2014년 5월 25일 12시,일요일,충청남도 당진시 채운동,경상사고,0,0,1,0,차대차 - 측면직각충돌,교차로운행방법위반,건조,맑음,교차로 - 교차로안,승용,남,42세,상해없음,승용,여,31세,경상
2014052500100255,2014년 5월 25일 13시,일요일,충청남도 논산시 성동면,중상사고,0,2,0,0,차대차 - 측면직각충돌,안전운전불이행,습기,비,기타 - 기타,화물,남,66세,상해없음,이륜,남,78세,중상
2014052500100256,2014년 5월 25일 13시,일요일,충청남도 논산시 연산면,중상사고,0,2,1,0,차대차 - 추돌 - 진행중,안전운전불이행,습기,비,교차로 - 교차로부근,승용,남,49세,상해없음,승용,여,38세,경상
2014052500100275,2014년 5월 25일 14시,일요일,충청남도 공주시 반포면,경상사고,0,0,3,0,차량단독 - 기타,안전운전불이행,습기,흐림,단일로 - 기타,승합,남,56세,상해없음,,,,
2014052500100276,2014년 5월 25일 14시,일요일,충청남도 부여군 규암면,사망사고,1,0,0,0,차량단독 - 도로외이탈 - 기타,안전운전불이행,습기,비,단일로 - 기타,승용,남,42세,사망,,,,
2014052500100352,2014년 5월 25일 16시,일요일,충청남도 예산군 고덕면,경상사고,0,0,1,0,차대차 - 측면직각충돌,직진우회전진행방해,건조,맑음,교차로 - 교차로안,승용,여,30세,경상,승합,남,62세,상해없음
2014052500100353,2014년 5월 25일 16시,일요일,충청남도 당진시 읍내리,경상사고,0,0,2,0,차대사람 - 기타,안전운전불이행,건조,맑음,기타 - 기타,화물,남,61세,상해없음,보행자,남,46세,경상
2014052500100354,2014년 5월 25일 16시,일요일,충청남도 청양군 대치면,중상사고,0,1,1,0,차대차 - 정면충돌,중앙선침범,건조,맑음,단일로 - 기타,승용,여,51세,경상,화물,남,38세,상해없음
2014052500100390,2014년 5월 25일 17시,일요일,충청남도 태안군 근흥면,중상사고,0,1,0,0,차대사람 - 길가장자리구역통행중,안전운전불이행,건조,맑음,단일로 - 기타,승용,여,46세,상해없음,보행자,남,37세,중상
2014052500100391,2014년 5월 25일 17시,일요일,충청남도 천안시 서북구 직산읍,경상사고,0,0,1,0,차대차 - 기타,안전운전불이행,건조,맑음,단일로 - 기타,화물,남,38세,상해없음,승용,남,45세,경상
2014052500100392,2014년 5월 25일 17시,일요일,충청남도 보령시 천북면,중상사고,0,1,0,0,차대사람 - 차도통행중,신호위반,건조,맑음,교차로 - 교차로안,화물,여,39세,상해없음,보행자,여,78세,중상
2014052500100393,2014년 5월 25일 17시,일요일,충청남도 당진시 송산면,중상사고,0,1,1,0,차대차 - 측면직각충돌,교차로운행방법위반,습기,흐림,교차로 - 교차로안,승용,남,43세,중상,승용,남,53세,경상
2014052500100394,2014년 5월 25일 17시,일요일,충청남도 천안시 동남구 안서동,경상사고,0,0,3,0,차대차 - 추돌 - 주정차중,안전운전불이행,건조,맑음,단일로 - 기타,승용,여,38세,상해없음,승용,남,30세,경상
2014052500100457,2014년 5월 25일 19시,일요일,충청남도 공주시 웅진동,중상사고,0,5,0,0,차대차 - 측면직각충돌,신호위반,습기,비,교차로 - 교차로안,승용,여,26세,기타불명,승용,남,31세,중상
2014052500100458,2014년 5월 25일 19시,일요일,충청남도 당진시 신평면,경상사고,0,0,1,0,차대차 - 정면충돌,중앙선침범,건조,맑음,기타 - 기타,화물,여,59세,상해없음,승용,남,28세,경상
2014052500100511,2014년 5월 25일 20시,일요일,충청남도 천안시 서북구 백석동,경상사고,0,0,1,0,차대차 - 추돌 - 진행중,안전운전불이행,습기,비,단일로 - 기타,승용,여,39세,상해없음,승용,남,28세,경상
2014052500100518,2014년 5월 25일 20시,일요일,충청남도 서산시 해미면,중상사고,0,3,0,0,차대차 - 기타,안전운전불이행,습기,비,단일로 - 기타,승용,여,39세,상해없음,승용,여,52세,중상
2014052500100614,2014년 5월 25일 22시,일요일,충청남도 보령시 대천동,중상사고,0,1,0,0,차량단독 - 공작물충돌,안전운전불이행,습기,비,단일로 - 기타,승용,남,25세,상해없음,,,,
2014052500100643,2014년 5월 25일 23시,일요일,충청남도 서천군 서천읍,중상사고,0,1,0,0,차대차 - 기타,안전운전불이행,습기,비,교차로 - 교차로부근,원동기,남,51세,중상,화물,남,60세,기타불명
2014052600100026,2014년 5월 26일 01시,월요일,충청남도 천안시 서북구 성정동,경상사고,0,0,1,0,차대차 - 기타,안전운전불이행,습기,비,교차로 - 교차로안,승용,남,27세,상해없음,이륜,남,25세,경상
2014052600100035,2014년 5월 26일 02시,월요일,충청남도 당진시 송산면,경상사고,0,0,1,0,차대차 - 기타,중앙선침범,습기,비,기타 - 기타,승용,남,21세,상해없음,승용,남,37세,경상
2014052600100047,2014년 5월 26일 03시,월요일,충청남도 부여군 홍산면,사망사고,1,0,0,0,차량단독 - 공작물충돌,안전운전불이행,습기,비,교차로 - 교차로부근,승용,남,33세,사망,,,,
2014052600100053,2014년 5월 26일 04시,월요일,충청남도 천안시 서북구 성정동,중상사고,0,1,0,0,차대사람 - 횡단중,안전운전불이행,습기,흐림,교차로 - 교차로부근,승용,남,32세,상해없음,보행자,남,36세,중상
2014052600100054,2014년 5월 26일 04시,월요일,충청남도 논산시 부창동,중상사고,0,1,0,0,차대사람 - 길가장자리구역통행중,안전운전불이행,습기,비,단일로 - 기타,화물,남,55세,상해없음,보행자,남,72세,중상
2014052600100078,2014년 5월 26일 06시,월요일,충청남도 예산군 삽교읍,경상사고,0,0,1,0,차대차 - 측면직각충돌,직진우회전진행방해,건조,맑음,교차로 - 교차로안,화물,남,51세,상해없음,이륜,남,65세,경상
2014052600100096,2014년 5월 26일 07시,월요일,충청남도 아산시 권곡동,경상사고,0,0,1,0,차대사람 - 횡단중,안전운전불이행,건조,맑음,교차로 - 교차로부근,화물,남,30세,상해없음,보행자,남,47세,경상
2014052600100097,2014년 5월 26일 07시,월요일,충청남도 부여군 부여읍,경상사고,0,0,1,0,차대차 - 기타,신호위반,건조,맑음,교차로 - 교차로안,승용,여,45세,상해없음,승용,남,65세,경상
2014052600100098,2014년 5월 26일 07시,월요일,충청남도 천안시 동남구 신부동,중상사고,0,1,0,0,차대차 - 추돌 - 주정차중,안전운전불이행,건조,맑음,단일로 - 기타,승합,남,59세,상해없음,승용,기타불명,기타불명,기타불명
2014052600100132,2014년 5월 26일 08시,월요일,충청남도 논산시 부창동,중상사고,0,1,2,0,차대차 - 추돌 - 주정차중,안전운전불이행,건조,맑음,미분류 - 미분류,승용,여,53세,경상,승용,남,64세,경상
2014052600100133,2014년 5월 26일 08시,월요일,충청남도 예산군 봉산면,중상사고,0,1,0,0,차대사람 - 횡단중,안전운전불이행,건조,맑음,단일로 - 기타,화물,남,45세,상해없음,보행자,여,16세,중상
2014052600100227,2014년 5월 26일 11시,월요일,충청남도 당진시 합덕읍,중상사고,0,1,0,0,차대사람 - 기타,안전운전불이행,건조,맑음,단일로 - 기타,승합,남,62세,상해없음,보행자,남,73세,중상
2014052600100228,2014년 5월 26일 11시,월요일,충청남도 청양군 대치면,중상사고,0,1,0,0,차대차 - 기타,안전운전불이행,건조,맑음,단일로 - 기타,자전거,남,43세,중상,농기계,남,70세,상해없음
2014052600100258,2014년 5월 26일 12시,월요일,충청남도 서천군 판교면,중상사고,0,1,0,0,차량단독 - 기타,안전운전불이행,건조,맑음,기타 - 기타,화물,여,68세,상해없음,,,,
2014052600100259,2014년 5월 26일 12시,월요일,충청남도 천안시 동남구 신부동,중상사고,0,1,0,0,차대사람 - 기타,안전운전불이행,건조,맑음,기타 - 기타,승용,남,38세,상해없음,보행자,여,21세,중상
2014052600100284,2014년 5월 26일 13시,월요일,충청남도 홍성군 홍성읍,경상사고,0,0,1,0,차대차 - 측면직각충돌,신호위반,건조,맑음,교차로 - 교차로안,승용,남,44세,상해없음,승용,여,60세,경상
2014052600100315,2014년 5월 26일 14시,월요일,충청남도 금산군 진산면,중상사고,0,1,0,0,차대사람 - 기타,안전운전불이행,건조,맑음,기타 - 기타,승용,남,58세,상해없음,보행자,여,69세,중상
2014052600100346,2014년 5월 26일 15시,월요일,충청남도 보령시 대천동,중상사고,0,1,0,0,차대차 - 측면직각충돌,직진우회전진행방해,건조,맑음,교차로 - 교차로안,승용,남,52세,상해없음,승용,남,65세,중상
2014052600100387,2014년 5월 26일 16시,월요일,충청남도 태안군 태안읍,중상사고,0,1,0,0,차대차 - 기타,교차로운행방법위반,건조,맑음,교차로 - 교차로안,승용,남,26세,상해없음,자전거,남,70세,중상
2014052600100388,2014년 5월 26일 16시,월요일,충청남도 논산시 덕지동,경상사고,0,0,3,0,차대차 - 측면직각충돌,신호위반,건조,맑음,교차로 - 교차로안,승용,여,43세,경상,승용,남,45세,경상
2014052600100389,2014년 5월 26일 16시,월요일,충청남도 논산시 취암동,중상사고,0,1,0,0,차대사람 - 차도통행중,안전운전불이행,건조,맑음,단일로 - 기타,승용,여,56세,상해없음,보행자,여,56세,중상
2014052600100390,2014년 5월 26일 16시,월요일,충청남도 공주시 정안면,경상사고,0,0,1,0,차대차 - 추돌 - 진행중,안전운전불이행,건조,맑음,단일로 - 기타,이륜,남,23세,경상,화물,남,46세,상해없음
2014052600100427,2014년 5월 26일 17시,월요일,충청남도 청양군 청양읍,경상사고,0,0,1,0,차대사람 - 횡단중,교차로운행방법위반,건조,맑음,교차로 - 교차로안,승용,여,35세,상해없음,보행자,여,68세,경상
2014052600100523,2014년 5월 26일 19시,월요일,충청남도 천안시 서북구 두정동,경상사고,0,0,1,0,차대사람 - 기타,안전운전불이행,건조,맑음,기타 - 기타,승합,남,50세,상해없음,보행자,여,29세,경상
2014052600100524,2014년 5월 26일 19시,월요일,충청남도 금산군 추부면,중상사고,0,1,1,0,차대차 - 추돌 - 진행중,기타,건조,맑음,교차로 - 교차로안,이륜,남,17세,중상,승용,남,39세,상해없음
2014052600100552,2014년 5월 26일 20시,월요일,충청남도 아산시 좌부동,경상사고,0,0,1,0,차대사람 - 횡단중,안전운전불이행,건조,맑음,단일로 - 기타,승용,기타불명,기타불명,기타불명,보행자,남,13세,경상
2014052600100553,2014년 5월 26일 20시,월요일,충청남도 서천군 장항읍,중상사고,0,1,0,0,차대차 - 기타,안전운전불이행,건조,맑음,기타 - 기타,원동기,남,79세,중상,농기계,남,59세,상해없음
2014052600100581,2014년 5월 26일 21시,월요일,충청남도 천안시 서북구 쌍용동,경상사고,0,0,1,0,차대사람 - 기타,안전운전불이행,건조,맑음,교차로 - 교차로부근,승용,남,43세,상해없음,보행자,여,55세,경상
2014052700100035,2014년 5월 27일 03시,화요일,충청남도 천안시 서북구 성정동,경상사고,0,0,2,0,차대차 - 추돌 - 주정차중,안전운전불이행,건조,맑음,교차로 - 교차로부근,기타불명,기타불명,기타불명,기타불명,승용,남,52세,경상
2014052700100073,2014년 5월 27일 06시,화요일,충청남도 천안시 동남구 목천읍,경상사고,0,0,1,0,차대차 - 기타,차로위반,건조,맑음,단일로 - 기타,승용,남,47세,상해없음,승합,남,51세,상해없음
2014052700100097,2014년 5월 27일 07시,화요일,충청남도 논산시 내동,경상사고,0,0,1,0,차대차 - 기타,안전운전불이행,건조,맑음,단일로 - 횡단보도상,자전거,남,13세,경상,원동기,여,38세,상해없음
2014052700100144,2014년 5월 27일 08시,화요일,충청남도 서천군 판교면,경상사고,0,0,1,0,차대사람 - 기타,안전운전불이행,건조,맑음,교차로 - 교차로안,승용,여,59세,상해없음,보행자,여,71세,경상
2014052700100145,2014년 5월 27일 08시,화요일,충청남도 예산군 삽교읍,경상사고,0,0,2,0,차대차 - 추돌 - 주정차중,안전운전불이행,건조,맑음,단일로 - 기타,승용,여,41세,경상,승용,남,32세,경상
2014052700100194,2014년 5월 27일 09시,화요일,충청남도 예산군 예산읍,중상사고,0,1,0,0,차대차 - 기타,안전운전불이행,건조,맑음,교차로 - 교차로부근,승용,여,56세,상해없음,자전거,남,76세,중상
2014052700100195,2014년 5월 27일 09시,화요일,충청남도 천안시 동남구 문화동,중상사고,0,1,0,0,차대차 - 기타,차로위반,건조,맑음,단일로 - 기타,자전거,남,74세,중상,승합,남,44세,상해없음
2014052700100225,2014년 5월 27일 10시,화요일,충청남도 천안시 서북구 불당동,중상사고,0,2,0,0,차대차 - 측면직각충돌,신호위반,건조,맑음,교차로 - 교차로부근,원동기,남,16세,상해없음,승용,여,49세,중상
2014052700100226,2014년 5월 27일 10시,화요일,충청남도 예산군 응봉면,중상사고,0,1,0,0,차량단독 - 공작물충돌,안전운전불이행,건조,맑음,단일로 - 기타,특수,남,52세,중상,,,,
2014052700100277,2014년 5월 27일 12시,화요일,충청남도 서산시 대산읍,사망사고,1,2,1,0,차대차 - 측면직각충돌,신호위반,건조,맑음,교차로 - 교차로안,승용,여,51세,경상,승용,남,46세,중상
2014052700100278,2014년 5월 27일 12시,화요일,충청남도 천안시 서북구 입장면,경상사고,0,0,1,0,차대차 - 측면직각충돌,중앙선침범,건조,맑음,단일로 - 기타,승용,남,40세,상해없음,승용,남,50세,경상
2014052700100279,2014년 5월 27일 12시,화요일,충청남도 금산군 금산읍,중상사고,0,2,0,0,차대차 - 추돌 - 진행중,기타,건조,맑음,교차로 - 교차로안,이륜,남,32세,상해없음,이륜,남,63세,중상
2014052700100302,2014년 5월 27일 13시,화요일,충청남도 서산시 대산읍,경상사고,0,0,1,0,차대차 - 측면직각충돌,신호위반,건조,맑음,교차로 - 교차로안,승용,여,57세,경상,승용,남,53세,상해없음
2014052700100303,2014년 5월 27일 13시,화요일,충청남도 천안시 서북구 성환읍,중상사고,0,1,0,0,차대사람 - 횡단중,보행자보호의무위반,건조,맑음,단일로 - 횡단보도상,승합,남,36세,상해없음,보행자,여,54세,중상
2014052700100304,2014년 5월 27일 13시,화요일,충청남도 홍성군 금마면,중상사고,0,1,0,0,차대사람 - 기타,안전운전불이행,건조,맑음,단일로 - 기타,화물,남,62세,상해없음,보행자,여,79세,중상
2014052700100305,2014년 5월 27일 13시,화요일,충청남도 보령시 대천동,경상사고,0,0,1,0,차대차 - 기타,직진우회전진행방해,건조,맑음,교차로 - 교차로안,승용,남,62세,상해없음,승용,여,49세,경상
2014052700100306,2014년 5월 27일 13시,화요일,충청남도 공주시 반포면,경상사고,0,0,2,0,차대차 - 기타,안전운전불이행,건조,맑음,교차로 - 교차로부근,승용,남,72세,상해없음,승용,남,61세,경상