사고번호,사고일시,요일,시군구,사고내용,사망자수,중상자수,경상자수,부상신고자수,사고유형,법규위반,노면상태,기상상태,도로형태,가해운전자 차종,가해운전자 성별,가해운전자 연령,가해운전자 상해정도,피해운전자 차종,피해운전자 성별,피해운전자 연령,피해운전자 상해정도
2014061100100013,2014년 6월 11일 00시,수요일,충청남도 아산시 방축동,경상사고,0,0,1,0,차대차 - 측면직각충돌,안전운전불이행,건조,맑음,단일로 - 기타,승용,여,32세,경상,승용,남,50세,상해없음
2014061100100014,2014년 6월 11일 00시,수요일,충청남도 공주시 신관동,중상사고,0,1,0,0,차대사람 - 횡단중,안전운전불이행,습기,비,단일로 - 기타,승용,여,26세,상해없음,보행자,남,31세,중상
2014061100100029,2014년 6월 11일 01시,수요일,충청남도 아산시 온천동,경상사고,0,0,1,0,차대차 - 추돌 - 주정차중,안전운전불이행,건조,맑음,교차로 - 교차로부근,승용,남,38세,상해없음,승용,남,52세,경상
2014061100100102,2014년 6월 11일 06시,수요일,충청남도 예산군 신암면,중상사고,0,2,0,0,차대차 - 기타,직진우회전진행방해,건조,맑음,교차로 - 교차로안,승합,여,59세,상해없음,이륜,남,76세,중상
2014061100100122,2014년 6월 11일 07시,수요일,충청남도 공주시 송선동,중상사고,0,1,0,1,차대차 - 추돌 - 진행중,안전운전불이행,건조,맑음,단일로 - 기타,승용,남,34세,부상신고,화물,남,52세,중상
2014061100100187,2014년 6월 11일 09시,수요일,충청남도 공주시 계룡면,경상사고,0,0,1,0,차대차 - 측면직각충돌,안전운전불이행,건조,맑음,단일로 - 기타,이륜,여,77세,경상,화물,남,56세,상해없음
2014061100100210,2014년 6월 11일 10시,수요일,충청남도 홍성군 금마면,경상사고,0,0,1,0,차대차 - 기타,안전운전불이행,건조,맑음,단일로 - 기타,화물,남,35세,상해없음,승용,남,69세,경상
2014061100100235,2014년 6월 11일 11시,수요일,충청남도 천안시 서북구 입장면,경상사고,0,0,1,0,차대사람 - 기타,안전운전불이행,건조,흐림,단일로 - 기타,승용,남,49세,상해없음,보행자,남,37세,경상
2014061100100263,2014년 6월 11일 12시,수요일,충청남도 보령시 남포면,중상사고,0,1,0,0,차대사람 - 기타,안전운전불이행,건조,맑음,단일로 - 기타,기타불명,기타불명,기타불명,기타불명,보행자,여,73세,중상
2014061100100309,2014년 6월 11일 14시,수요일,충청남도 공주시 산성동,중상사고,0,1,1,0,차대차 - 기타,안전운전불이행,건조,맑음,교차로 - 교차로안,승용,여,49세,경상,이륜,남,65세,중상
2014061100100335,2014년 6월 11일 15시,수요일,충청남도 서산시 동문동,경상사고,0,0,1,0,차대사람 - 차도통행중,안전운전불이행,건조,맑음,교차로 - 교차로부근,화물,남,35세,상해없음,보행자,여,51세,경상
2014061100100379,2014년 6월 11일 16시,수요일,충청남도 천안시 동남구 사직동,경상사고,0,0,1,0,차대차 - 기타,안전운전불이행,건조,맑음,단일로 - 기타,승용,남,48세,상해없음,승용,남,28세,경상
2014061100100413,2014년 6월 11일 17시,수요일,충청남도 천안시 서북구 쌍용동,경상사고,0,0,1,0,차대차 - 기타,안전운전불이행,건조,맑음,기타 - 기타,화물,남,53세,상해없음,승용,여,50세,경상
2014061100100414,2014년 6월 11일 17시,수요일,충청남도 홍성군 결성면,중상사고,0,3,2,0,차대차 - 기타,과속,습기,비,교차로 - 교차로부근,승용,남,56세,경상,화물,여,53세,중상
2014061100100419,2014년 6월 11일 17시,수요일,충청남도 서산시 해미면,중상사고,0,1,0,1,차대차 - 기타,안전운전불이행,습기,비,단일로 - 교량,화물,남,42세,상해없음,승용,남,44세,중상
2014061100100446,2014년 6월 11일 18시,수요일,충청남도 천안시 서북구 성환읍,중상사고,0,1,0,0,차대사람 - 기타,안전운전불이행,건조,맑음,단일로 - 기타,화물,남,53세,상해없음,보행자,여,2세,중상
2014061100100447,2014년 6월 11일 18시,수요일,충청남도 천안시 동남구 봉명동,중상사고,0,1,0,0,차대사람 - 기타,중앙선침범,건조,맑음,단일로 - 기타,승용,남,49세,상해없음,보행자,남,46세,중상
2014061100100480,2014년 6월 11일 19시,수요일,충청남도 천안시 서북구 성거읍,경상사고,0,0,1,0,차대차 - 추돌 - 주정차중,안전운전불이행,건조,맑음,교차로 - 교차로부근,화물,남,34세,상해없음,승용,여,48세,경상
2014061100100481,2014년 6월 11일 19시,수요일,충청남도 아산시 권곡동,경상사고,0,0,1,0,차대차 - 기타,차로위반,건조,맑음,교차로 - 교차로부근,승용,남,56세,상해없음,승용,여,51세,경상
2014061100100521,2014년 6월 11일 20시,수요일,충청남도 천안시 서북구 쌍용동,경상사고,0,0,2,0,차대차 - 기타,중앙선침범,건조,맑음,교차로 - 교차로부근,화물,남,52세,상해없음,이륜,남,23세,경상
2014061100100544,2014년 6월 11일 21시,수요일,충청남도 서산시 동문동,중상사고,0,1,0,0,차대차 - 정면충돌,안전운전불이행,건조,맑음,교차로 - 교차로부근,승용,남,55세,상해없음,승용,남,44세,중상
2014061100100545,2014년 6월 11일 21시,수요일,충청남도 아산시 음봉면,경상사고,0,0,1,0,차대차 - 추돌 - 진행중,안전운전불이행,건조,맑음,교차로 - 교차로부근,승용,남,49세,상해없음,승용,남,55세,경상
2014061100100546,2014년 6월 11일 21시,수요일,충청남도 부여군 부여읍,중상사고,0,1,0,0,차대사람 - 기타,안전운전불이행,건조,맑음,단일로 - 기타,기타불명,기타불명,기타불명,기타불명,보행자,남,43세,중상
2014061200100038,2014년 6월 12일 01시,목요일,충청남도 천안시 서북구 성정동,경상사고,0,0,1,0,차대차 - 기타,안전운전불이행,건조,맑음,단일로 - 기타,승용,남,41세,상해없음,승용,남,38세,경상
2014061200100157,2014년 6월 12일 09시,목요일,충청남도 부여군 부여읍,경상사고,0,0,1,0,차대차 - 측면직각충돌,교차로운행방법위반,건조,맑음,교차로 - 교차로안,승용,여,50세,상해없음,승용,여,28세,경상
2014061200100187,2014년 6월 12일 10시,목요일,충청남도 서산시 동문동,중상사고,0,1,0,0,차대차 - 측면직각충돌,중앙선침범,건조,맑음,교차로 - 교차로안,이륜,남,61세,중상,승용,남,45세,상해없음
2014061200100188,2014년 6월 12일 10시,목요일,충청남도 공주시 정안면,사망사고,1,0,1,0,차대차 - 기타,안전운전불이행,건조,맑음,단일로 - 기타,승용,남,51세,기타불명,이륜,남,48세,사망
2014061200100219,2014년 6월 12일 11시,목요일,충청남도 태안군 안면읍,중상사고,0,3,1,0,차대차 - 기타,교차로운행방법위반,건조,맑음,교차로 - 교차로안,승합,남,39세,상해없음,화물,남,40세,중상
2014061200100220,2014년 6월 12일 11시,목요일,충청남도 논산시 연무읍,경상사고,0,0,1,0,차대사람 - 기타,안전운전불이행,건조,맑음,단일로 - 기타,화물,남,63세,상해없음,보행자,여,35세,경상
2014061200100221,2014년 6월 12일 11시,목요일,충청남도 보령시 오천면,중상사고,0,1,0,0,차대차 - 측면직각충돌,직진우회전진행방해,건조,맑음,교차로 - 교차로안,이륜,남,74세,중상,농기계,남,71세,상해없음
2014061200100240,2014년 6월 12일 12시,목요일,충청남도 홍성군 홍동면,경상사고,0,0,2,0,차대차 - 기타,교차로운행방법위반,습기,비,교차로 - 교차로안,승용,여,56세,경상,화물,남,54세,경상
2014061200100241,2014년 6월 12일 12시,목요일,충청남도 당진시 면천면,경상사고,0,0,1,0,차대사람 - 기타,안전운전불이행,건조,맑음,기타 - 기타,승용,여,60세,상해없음,보행자,남,52세,경상
2014061200100308,2014년 6월 12일 14시,목요일,충청남도 부여군 부여읍,중상사고,0,1,0,0,차대차 - 추돌 - 진행중,안전운전불이행,건조,맑음,교차로 - 교차로안,화물,남,56세,상해없음,이륜,여,72세,중상
2014061200100328,2014년 6월 12일 15시,목요일,충청남도 홍성군 홍성읍,경상사고,0,0,1,0,차대차 - 기타,안전운전불이행,건조,맑음,단일로 - 기타,승용,여,63세,상해없음,승용,여,53세,경상
2014061200100330,2014년 6월 12일 15시,목요일,충청남도 부여군 장암면,중상사고,0,1,1,0,차대차 - 측면직각충돌,교차로운행방법위반,건조,맑음,교차로 - 교차로안,이륜,남,73세,중상,화물,남,63세,경상
2014061200100331,2014년 6월 12일 15시,목요일,충청남도 당진시 시곡리,경상사고,0,0,1,0,차대차 - 정면충돌,안전운전불이행,건조,맑음,기타 - 기타,승용,여,66세,상해없음,승용,남,65세,경상
2014061200100398,2014년 6월 12일 17시,목요일,충청남도 아산시 용화동,중상사고,0,1,0,0,차대사람 - 기타,안전운전불이행,건조,맑음,기타 - 기타,승합,남,45세,상해없음,보행자,남,5세,중상
2014061200100399,2014년 6월 12일 17시,목요일,충청남도 부여군 초촌면,경상사고,0,0,1,0,차대차 - 추돌 - 진행중,안전운전불이행,건조,맑음,단일로 - 기타,이륜,남,66세,경상,화물,남,58세,상해없음
2014061200100558,2014년 6월 12일 21시,목요일,충청남도 보령시 동대동,경상사고,0,0,2,0,차대차 - 추돌 - 주정차중,안전운전불이행,건조,맑음,단일로 - 횡단보도부근,승용,남,37세,상해없음,승용,남,28세,경상
2014061200100559,2014년 6월 12일 21시,목요일,충청남도 천안시 동남구 신방동,경상사고,0,0,1,0,차대사람 - 기타,안전운전불이행,건조,맑음,단일로 - 기타,승합,남,38세,상해없음,보행자,남,57세,경상
2014061200100591,2014년 6월 12일 22시,목요일,충청남도 아산시 용화동,경상사고,0,0,2,0,차대차 - 기타,안전운전불이행,건조,맑음,교차로 - 교차로부근,승합,남,64세,상해없음,승용,여,33세,경상
2014061200100592,2014년 6월 12일 22시,목요일,충청남도 당진시 송산면,경상사고,0,0,1,0,차대차 - 측면직각충돌,신호위반,건조,맑음,교차로 - 교차로안,승용,남,44세,상해없음,승용,남,31세,경상
2014061200100614,2014년 6월 12일 23시,목요일,충청남도 태안군 원북면,중상사고,0,1,0,0,차량단독 - 도로외이탈 - 추락,안전운전불이행,건조,맑음,단일로 - 기타,이륜,남,25세,중상,,,,
2014061300100020,2014년 6월 13일 00시,금요일,충청남도 논산시 연무읍,사망사고,1,0,1,0,차대차 - 추돌 - 진행중,안전운전불이행,건조,맑음,단일로 - 기타,화물,남,42세,사망,화물,남,56세,경상
2014061300100039,2014년 6월 13일 02시,금요일,충청남도 논산시 강산동,경상사고,0,0,2,0,차대차 - 측면직각충돌,신호위반,건조,맑음,교차로 - 교차로안,승용,남,26세,상해없음,승용,남,50세,경상
2014061300100040,2014년 6월 13일 02시,금요일,충청남도 당진시 수청리,경상사고,0,0,1,0,차대차 - 추돌 - 주정차중,안전운전불이행,건조,맑음,교차로 - 교차로부근,승용,남,28세,상해없음,승용,남,36세,경상
2014061300100048,2014년 6월 13일 03시,금요일,충청남도 천안시 동남구 목천읍,경상사고,0,0,1,0,차대차 - 추돌 - 주정차중,안전운전불이행,건조,맑음,단일로 - 기타,승용,남,30세,상해없음,승용,남,27세,경상
2014061300100057,2014년 6월 13일 04시,금요일,충청남도 천안시 서북구 성정동,중상사고,0,1,1,0,차대차 - 측면직각충돌,신호위반,건조,맑음,교차로 - 교차로안,승용,남,24세,상해없음,승용,남,46세,경상
2014061300100125,2014년 6월 13일 08시,금요일,충청남도 천안시 서북구 쌍용동,중상사고,0,1,0,0,차대사람 - 기타,안전운전불이행,건조,맑음,단일로 - 기타,승용,여,36세,상해없음,보행자,남,6세,중상
2014061300100126,2014년 6월 13일 08시,금요일,충청남도 예산군 응봉면,경상사고,0,0,1,0,차대차 - 추돌 - 진행중,안전거리미확보,건조,맑음,교차로 - 교차로안,화물,남,54세,상해없음,승용,여,58세,경상
2014061300100186,2014년 6월 13일 10시,금요일,충청남도 당진시 송산면,중상사고,0,2,0,0,차대차 - 정면충돌,중앙선침범,건조,맑음,단일로 - 기타,승용,남,36세,상해없음,승용,남,66세,중상
2014061300100294,2014년 6월 13일 14시,금요일,충청남도 부여군 부여읍,경상사고,0,0,1,0,차대차 - 기타,교차로운행방법위반,건조,맑음,교차로 - 교차로안,이륜,남,55세,경상,승용,남,55세,상해없음
2014061300100357,2014년 6월 13일 16시,금요일,충청남도 부여군 부여읍,중상사고,0,1,0,0,차량단독 - 기타,안전운전불이행,건조,맑음,단일로 - 기타,이륜,남,39세,중상,,,,
2014061300100402,2014년 6월 13일 17시,금요일,충청남도 천안시 서북구 두정동,경상사고,0,0,1,0,차대사람 - 차도통행중,안전운전불이행,건조,맑음,교차로 - 교차로부근,승용,여,31세,상해없음,보행자,남,14세,경상
2014061300100403,2014년 6월 13일 17시,금요일,충청남도 공주시 우성면,경상사고,0,0,2,0,차대차 - 정면충돌,중앙선침범,건조,맑음,단일로 - 기타,승용,남,41세,상해없음,승용,여,33세,경상
2014061300100404,2014년 6월 13일 17시,금요일,충청남도 당진시 신평면,경상사고,0,0,1,0,차대사람 - 기타,안전운전불이행,건조,맑음,기타 - 기타,기타불명,기타불명,기타불명,기타불명,보행자,여,4세,경상
2014061300100405,2014년 6월 13일 17시,금요일,충청남도 당진시 용연리,중상사고,0,1,1,0,차대차 - 정면충돌,중앙선침범,건조,맑음,단일로 - 기타,승용,남,55세,상해없음,화물,여,39세,중상
2014061300100458,2014년 6월 13일 18시,금요일,충청남도 공주시 반죽동,경상사고,0,0,3,0,차대차 - 기타,안전운전불이행,건조,맑음,교차로 - 교차로부근,승용,남,46세,상해없음,승용,여,27세,경상
2014061300100459,2014년 6월 13일 18시,금요일,충청남도 부여군 부여읍,경상사고,0,0,1,0,차대차 - 측면직각충돌,신호위반,건조,맑음,교차로 - 교차로부근,승용,남,43세,상해없음,자전거,남,11세,경상
2014061300100491,2014년 6월 13일 19시,금요일,충청남도 아산시 용화동,경상사고,0,0,1,0,차대사람 - 횡단중,보행자보호의무위반,건조,맑음,단일로 - 기타,승용,여,40세,상해없음,보행자,남,7세,경상
2014061300100492,2014년 6월 13일 19시,금요일,충청남도 당진시 송악읍,경상사고,0,0,1,0,차대사람 - 횡단중,보행자보호의무위반,건조,맑음,단일로 - 기타,이륜,남,18세,기타불명,보행자,여,21세,경상
2014061300100493,2014년 6월 13일 19시,금요일,충청남도 청양군 청양읍,경상사고,0,0,1,0,차대차 - 기타,안전운전불이행,건조,맑음,단일로 - 기타,이륜,남,41세,경상,승용,여,37세,상해없음
2014061300100523,2014년 6월 13일 20시,금요일,충청남도 예산군 예산읍,중상사고,0,1,0,0,차대사람 - 기타,안전운전불이행,건조,맑음,교차로 - 교차로부근,승용,남,39세,상해없음,보행자,여,69세,중상
2014061300100592,2014년 6월 13일 22시,금요일,충청남도 서산시 양대동,중상사고,0,2,0,0,차대차 - 기타,신호위반,건조,맑음,교차로 - 교차로안,승용,여,59세,상해없음,승용,남,24세,중상
2014061300100593,2014년 6월 13일 22시,금요일,충청남도 천안시 서북구 두정동,경상사고,0,0,1,0,차대사람 - 기타,안전운전불이행,건조,맑음,기타 - 기타,승용,남,53세,상해없음,보행자,남,29세,경상
2014061300100620,2014년 6월 13일 23시,금요일,충청남도 논산시 취암동,경상사고,0,0,1,0,차대차 - 측면직각충돌,교차로운행방법위반,건조,맑음,교차로 - 교차로안,승용,여,44세,상해없음,원동기,남,32세,경상
2014061300100621,2014년 6월 13일 23시,금요일,충청남도 천안시 동남구 신부동,경상사고,0,0,2,0,차대차 - 기타,중앙선침범,건조,맑음,단일로 - 기타,승용,남,55세,상해없음,승용,남,28세,경상
2014061400100146,2014년 6월 14일 07시,토요일,충청남도 태안군 근흥면,경상사고,0,0,1,0,차대차 - 측면직각충돌,안전운전불이행,건조,맑음,교차로 - 교차로부근,이륜,여,72세,경상,승합,남,62세,상해없음
2014061400100148,2014년 6월 14일 07시,토요일,충청남도 금산군 진산면,경상사고,0,0,1,0,차대차 - 정면충돌,교차로운행방법위반,건조,맑음,교차로 - 교차로부근,자전거,남,65세,경상,승용,여,59세,상해없음
2014061400100189,2014년 6월 14일 09시,토요일,충청남도 천안시 서북구 쌍용동,경상사고,0,0,2,0,차대차 - 기타,안전운전불이행,건조,맑음,단일로 - 기타,승용,여,39세,기타불명,승용,남,54세,경상
2014061400100220,2014년 6월 14일 10시,토요일,충청남도 태안군 태안읍,중상사고,0,1,0,0,차대차 - 측면직각충돌,직진우회전진행방해,건조,맑음,교차로 - 교차로안,농기계,남,73세,중상,승용,남,64세,상해없음
2014061400100263,2014년 6월 14일 11시,토요일,충청남도 서산시 잠홍동,중상사고,0,1,0,0,차대차 - 측면직각충돌,안전운전불이행,건조,맑음,단일로 - 기타,화물,남,40세,상해없음,승용,여,33세,상해없음
2014061400100264,2014년 6월 14일 11시,토요일,충청남도 천안시 동남구 광덕면,경상사고,0,0,4,0,차대차 - 추돌 - 진행중,안전운전불이행,건조,맑음,단일로 - 기타,승용,여,23세,상해없음,승용,남,31세,경상
2014061400100303,2014년 6월 14일 12시,토요일,충청남도 공주시 우성면,경상사고,0,0,1,0,차대사람 - 기타,안전운전불이행,건조,맑음,단일로 - 기타,화물,남,51세,상해없음,보행자,남,58세,경상
2014061400100304,2014년 6월 14일 12시,토요일,충청남도 당진시 순성면,중상사고,0,1,1,0,차대차 - 기타,교차로운행방법위반,건조,맑음,교차로 - 교차로부근,승용,여,37세,상해없음,농기계,남,74세,중상
2014061400100306,2014년 6월 14일 12시,토요일,충청남도 홍성군 갈산면,경상사고,0,0,2,0,차대차 - 기타,안전운전불이행,건조,맑음,단일로 - 기타,승용,여,26세,경상,승용,남,45세,상해없음
2014061400100339,2014년 6월 14일 13시,토요일,충청남도 아산시 둔포면,중상사고,0,1,0,0,차대차 - 기타,안전거리미확보,건조,맑음,단일로 - 기타,화물,남,65세,상해없음,이륜,남,24세,중상
2014061400100428,2014년 6월 14일 15시,토요일,충청남도 당진시 고대면,중상사고,0,1,0,0,차대사람 - 기타,안전운전불이행,건조,맑음,교차로 - 교차로부근,승용,남,46세,상해없음,보행자,여,72세,중상
2014061400100506,2014년 6월 14일 17시,토요일,충청남도 천안시 서북구 불당동,경상사고,0,0,2,0,차대차 - 기타,안전운전불이행,건조,맑음,단일로 - 기타,승용,여,60세,상해없음,승용,남,22세,경상
2014061400100507,2014년 6월 14일 17시,토요일,충청남도 홍성군 은하면,중상사고,0,1,0,0,차량단독 - 기타,안전운전불이행,건조,맑음,단일로 - 기타,승합,남,70세,상해없음,,,,
2014061400100508,2014년 6월 14일 17시,토요일,충청남도 당진시 정미면,중상사고,0,1,0,0,차대차 - 기타,안전운전불이행,건조,맑음,기타 - 기타,승용,여,52세,상해없음,승용,여,57세,중상
2014061400100631,2014년 6월 14일 20시,토요일,충청남도 당진시 송악읍,중상사고,0,1,0,0,차대차 - 기타,교차로운행방법위반,건조,흐림,교차로 - 교차로부근,원동기,남,46세,중상,승용,남,28세,상해없음
2014061400100661,2014년 6월 14일 21시,토요일,충청남도 천안시 서북구 두정동,중상사고,0,1,0,0,차대사람 - 기타,불법유턴,건조,맑음,단일로 - 기타,승용,남,31세,상해없음,보행자,여,52세,중상
2014061400100662,2014년 6월 14일 21시,토요일,충청남도 천안시 서북구 성정동,경상사고,0,0,1,0,차대차 - 추돌 - 진행중,안전운전불이행,건조,맑음,교차로 - 교차로안,승용,남,35세,상해없음,승용,남,32세,경상
2014061400100663,2014년 6월 14일 21시,토요일,충청남도 당진시 시곡리,경상사고,0,0,1,0,차대차 - 기타,안전운전불이행,건조,흐림,기타 - 기타,승용,남,30세,상해없음,승용,남,56세,경상
2014061400100735,2014년 6월 14일 23시,토요일,충청남도 아산시 영인면,중상사고,0,1,0,0,차대차 - 추돌 - 주정차중,안전거리미확보,건조,맑음,교차로 - 교차로안,화물,남,49세,상해없음,승용,남,41세,중상
2014061500100063,2014년 6월 15일 03시,일요일,충청남도 아산시 모종동,경상사고,0,0,1,0,차대차 - 기타,안전거리미확보,건조,맑음,교차로 - 교차로부근,승용,남,42세,상해없음,이륜,남,38세,경상
2014061500100089,2014년 6월 15일 05시,일요일,충청남도 아산시 탕정면,중상사고,0,2,1,0,차량단독 - 전도전복,안전운전불이행,건조,맑음,교차로 - 교차로부근,승용,남,36세,경상,,,,
2014061500100114,2014년 6월 15일 07시,일요일,충청남도 천안시 서북구 쌍용동,경상사고,0,0,1,0,차대차 - 기타,교차로운행방법위반,건조,맑음,교차로 - 교차로부근,건설기계,남,43세,상해없음,승용,여,59세,경상
2014061500100115,2014년 6월 15일 07시,일요일,충청남도 공주시 유구읍,경상사고,0,0,1,0,차대차 - 측면직각충돌,중앙선침범,건조,맑음,기타 - 기타,승용,남,26세,상해없음,승용,남,75세,경상
2014061500100139,2014년 6월 15일 09시,일요일,충청남도 서산시 운산면,부상신고사고,0,0,0,1,차대차 - 추돌 - 진행중,안전운전불이행,건조,맑음,단일로 - 기타,승용,남,29세,부상신고,승용,남,49세,상해없음
2014061500100159,2014년 6월 15일 10시,일요일,충청남도 태안군 남면,부상신고사고,0,0,0,1,차대차 - 측면직각충돌,안전운전불이행,건조,맑음,교차로 - 교차로안,승용,남,59세,부상신고,화물,남,26세,상해없음
2014061500100160,2014년 6월 15일 10시,일요일,충청남도 아산시 권곡동,중상사고,0,1,1,0,차대차 - 정면충돌,중앙선침범,건조,맑음,교차로 - 교차로안,승용,여,52세,상해없음,화물,남,58세,중상
2014061500100185,2014년 6월 15일 11시,일요일,충청남도 천안시 서북구 성정동,경상사고,0,0,2,0,차대차 - 기타,안전운전불이행,건조,맑음,교차로 - 교차로안,승용,남,30세,상해없음,승용,남,67세,경상
2014061500100207,2014년 6월 15일 12시,일요일,충청남도 천안시 동남구 목천읍,경상사고,0,0,1,0,차대차 - 기타,직진우회전진행방해,건조,맑음,교차로 - 교차로안,승용,여,34세,상해없음,자전거,여,10세,경상
2014061500100270,2014년 6월 15일 14시,일요일,충청남도 홍성군 홍성읍,중상사고,0,1,0,0,차대차 - 추돌 - 진행중,안전운전불이행,건조,맑음,단일로 - 기타,화물,남,51세,상해없음,승용,남,36세,중상
2014061500100271,2014년 6월 15일 14시,일요일,충청남도 천안시 동남구 동면,경상사고,0,0,3,0,차대차 - 기타,안전운전불이행,건조,맑음,단일로 - 기타,승용,남,75세,상해없음,승용,남,69세,경상
2014061500100272,2014년 6월 15일 14시,일요일,충청남도 천안시 동남구 신방동,중상사고,0,1,0,0,차대사람 - 기타,기타,건조,맑음,단일로 - 기타,승용,남,44세,기타불명,보행자,남,57세,중상
2014061500100296,2014년 6월 15일 15시,일요일,충청남도 서산시 해미면,중상사고,0,1,1,0,차대사람 - 기타,안전운전불이행,건조,맑음,단일로 - 기타,농기계,여,70세,상해없음,보행자,남,79세,경상
2014061500100297,2014년 6월 15일 15시,일요일,충청남도 공주시 사곡면,부상신고사고,0,0,0,1,차대차 - 측면직각충돌,안전운전불이행,건조,맑음,교차로 - 교차로안,원동기,남,76세,부상신고,승용,남,51세,상해없음
2014061500100360,2014년 6월 15일 17시,일요일,충청남도 아산시 배방읍,경상사고,0,0,1,0,차대사람 - 기타,안전운전불이행,건조,맑음,교차로 - 교차로부근,승용,남,33세,상해없음,보행자,여,67세,경상
2014061500100361,2014년 6월 15일 17시,일요일,충청남도 아산시 둔포면,경상사고,0,0,1,0,차대차 - 정면충돌,안전운전불이행,건조,맑음,교차로 - 교차로안,승용,여,54세,경상,건설기계,남,59세,상해없음
2014061500100362,2014년 6월 15일 17시,일요일,충청남도 서천군 서천읍,부상신고사고,0,0,0,1,차량단독 - 기타,안전운전불이행,건조,맑음,단일로 - 기타,자전거,남,56세,부상신고,,,,
2014061500100363,2014년 6월 15일 17시,일요일,충청남도 보령시 궁촌동,경상사고,0,0,2,0,차대차 - 기타,안전운전불이행,건조,맑음,교차로 - 교차로부근,승합,남,46세,상해없음,승용,여,28세,경상
2014061500100364,2014년 6월 15일 17시,일요일,충청남도 부여군 은산면,중상사고,0,1,0,0,차대차 - 기타,안전운전불이행,건조,맑음,교차로 - 교차로안,승용,남,56세,상해없음,이륜,남,48세,중상
2014061500100365,2014년 6월 15일 17시,일요일,충청남도 천안시 동남구 신방동,경상사고,0,0,1,0,차대차 - 추돌 - 진행중,안전거리미확보,건조,맑음,교차로 - 교차로부근,승용,남,24세,상해없음,승용,남,36세,경상
2014061500100399,2014년 6월 15일 18시,일요일,충청남도 예산군 대술면,경상사고,0,0,1,0,차대차 - 기타,안전운전불이행,건조,맑음,단일로 - 기타,원동기,남,48세,경상,승용,남,56세,상해없음
2014061500100458,2014년 6월 15일 20시,일요일,충청남도 천안시 서북구 두정동,경상사고,0,0,1,0,차대차 - 기타,안전운전불이행,건조,맑음,단일로 - 기타,승용,남,47세,상해없음,승용,남,27세,경상
2014061500100459,2014년 6월 15일 20시,일요일,충청남도 논산시 취암동,중상사고,0,1,0,0,차대차 - 측면직각충돌,교차로운행방법위반,건조,맑음,교차로 - 교차로안,승용,남,57세,상해없음,원동기,남,18세,중상
2014061500100460,2014년 6월 15일 20시,일요일,충청남도 예산군 삽교읍,경상사고,0,0,2,0,차량단독 - 도로외이탈 - 기타,안전운전불이행,건조,맑음,단일로 - 기타,원동기,남,16세,경상,,,,
2014061500100461,2014년 6월 15일 20시,일요일,충청남도 예산군 예산읍,경상사고,0,0,2,0,차대차 - 측면직각충돌,직진우회전진행방해,건조,맑음,교차로 - 교차로안,승용,남,50세,상해없음,승용,여,41세,경상
2014061500100462,2014년 6월 15일 20시,일요일,충청남도 천안시 동남구 목천읍,경상사고,0,0,1,0,차대차 - 측면직각충돌,안전운전불이행,건조,맑음,교차로 - 교차로부근,기타불명,기타불명,기타불명,기타불명,화물,남,28세,경상
2014061600100009,2014년 6월 16일 00시,월요일,충청남도 보령시 남곡동,중상사고,0,1,4,0,차대차 - 기타,직진우회전진행방해,건조,맑음,교차로 - 교차로안,화물,남,55세,상해없음,승용,남,20세,경상
2014061600100044,2014년 6월 16일 05시,월요일,충청남도 부여군 부여읍,중상사고,0,1,0,0,차대차 - 기타,안전운전불이행,건조,맑음,교차로 - 교차로안,원동기,남,72세,중상,승용,남,46세,상해없음
2014061600100072,2014년 6월 16일 07시,월요일,충청남도 천안시 동남구 삼룡동,중상사고,0,1,1,0,차대차 - 측면직각충돌,직진우회전진행방해,건조,맑음,교차로 - 교차로안,승용,여,52세,중상,승용,남,33세,경상
2014061600100146,2014년 6월 16일 09시,월요일,충청남도 홍성군 홍북면,중상사고,0,1,1,0,차대차 - 추돌 - 진행중,안전운전불이행,건조,맑음,단일로 - 기타,승용,남,66세,상해없음,승용,여,47세,경상
2014061600100177,2014년 6월 16일 10시,월요일,충청남도 당진시 석문면,중상사고,0,1,0,0,차대사람 - 기타,안전운전불이행,건조,맑음,단일로 - 기타,건설기계,남,73세,상해없음,보행자,남,66세,중상
2014061600100178,2014년 6월 16일 10시,월요일,충청남도 청양군 청양읍,경상사고,0,0,1,0,차대차 - 측면직각충돌,직진우회전진행방해,건조,맑음,교차로 - 교차로안,승용,여,40세,상해없음,승용,남,53세,경상
2014061600100208,2014년 6월 16일 11시,월요일,충청남도 공주시 이인면,중상사고,0,3,0,0,차량단독 - 전도전복,안전운전불이행,건조,맑음,단일로 - 기타,승용,남,22세,중상,,,,
2014061600100231,2014년 6월 16일 12시,월요일,충청남도 서천군 서면,중상사고,0,1,0,0,차대차 - 기타,직진우회전진행방해,건조,맑음,교차로 - 교차로안,이륜,남,71세,중상,승용,여,50세,상해없음
2014061600100254,2014년 6월 16일 13시,월요일,충청남도 금산군 군북면,중상사고,0,1,0,0,차대차 - 측면직각충돌,중앙선침범,건조,맑음,단일로 - 기타,화물,남,74세,상해없음,이륜,남,75세,중상
2014061600100288,2014년 6월 16일 14시,월요일,충청남도 아산시 권곡동,중상사고,0,1,0,0,차대차 - 기타,안전운전불이행,건조,맑음,교차로 - 교차로안,승용,남,69세,상해없음,승합,남,28세,중상