사고번호,사고일시,요일,시군구,사고내용,사망자수,중상자수,경상자수,부상신고자수,사고유형,법규위반,노면상태,기상상태,도로형태,가해운전자 차종,가해운전자 성별,가해운전자 연령,가해운전자 상해정도,피해운전자 차종,피해운전자 성별,피해운전자 연령,피해운전자 상해정도
2014061600100289,2014년 6월 16일 14시,월요일,충청남도 보령시 신흑동,경상사고,0,0,1,0,차대사람 - 기타,기타,건조,맑음,기타 - 기타,승용,남,37세,상해없음,보행자,여,66세,경상
2014061600100362,2014년 6월 16일 16시,월요일,충청남도 예산군 예산읍,중상사고,0,1,0,0,차대사람 - 차도통행중,안전운전불이행,건조,맑음,단일로 - 기타,승용,남,79세,상해없음,보행자,남,13세,중상
2014061600100363,2014년 6월 16일 16시,월요일,충청남도 당진시 석문면,중상사고,0,1,0,0,차대사람 - 기타,안전운전불이행,건조,맑음,단일로 - 기타,화물,남,43세,상해없음,보행자,여,67세,중상
2014061600100399,2014년 6월 16일 17시,월요일,충청남도 천안시 서북구 성정동,중상사고,0,1,0,0,차대사람 - 기타,안전운전불이행,건조,맑음,교차로 - 교차로안,승용,여,44세,상해없음,보행자,남,4세,중상
2014061600100400,2014년 6월 16일 17시,월요일,충청남도 계룡시 엄사면,경상사고,0,0,1,0,차대차 - 측면직각충돌,교차로운행방법위반,건조,맑음,교차로 - 교차로안,자전거,남,14세,경상,승용,남,64세,상해없음
2014061600100401,2014년 6월 16일 17시,월요일,충청남도 당진시 송악읍,경상사고,0,0,1,0,차대차 - 기타,안전운전불이행,건조,맑음,교차로 - 교차로안,화물,남,54세,상해없음,자전거,남,26세,경상
2014061600100436,2014년 6월 16일 18시,월요일,충청남도 보령시 대천동,중상사고,0,1,0,0,차대차 - 추돌 - 진행중,직진우회전진행방해,건조,맑음,교차로 - 교차로안,승용,남,57세,상해없음,이륜,남,76세,중상
2014061600100437,2014년 6월 16일 18시,월요일,충청남도 당진시 신평면,중상사고,0,2,0,0,차대차 - 기타,안전운전불이행,건조,맑음,교차로 - 교차로안,승용,여,49세,상해없음,이륜,남,31세,중상
2014061600100467,2014년 6월 16일 19시,월요일,충청남도 천안시 서북구 성환읍,경상사고,0,0,1,0,차대차 - 정면충돌,안전운전불이행,건조,맑음,단일로 - 기타,승용,남,37세,상해없음,원동기,남,68세,경상
2014061600100495,2014년 6월 16일 20시,월요일,충청남도 공주시 송선동,경상사고,0,0,4,0,차대차 - 추돌 - 주정차중,안전운전불이행,건조,맑음,단일로 - 기타,승용,남,40세,상해없음,승용,여,55세,경상
2014061600100533,2014년 6월 16일 21시,월요일,충청남도 당진시 용연리,중상사고,0,1,0,0,차대차 - 기타,안전운전불이행,건조,맑음,단일로 - 기타,승용,남,34세,상해없음,농기계,남,50세,중상
2014061600100534,2014년 6월 16일 21시,월요일,충청남도 천안시 동남구 안서동,경상사고,0,0,1,0,차대차 - 추돌 - 진행중,안전운전불이행,건조,맑음,단일로 - 기타,화물,남,37세,상해없음,승용,여,47세,경상
2014061600100535,2014년 6월 16일 21시,월요일,충청남도 천안시 동남구 문화동,경상사고,0,0,1,0,차대사람 - 횡단중,안전운전불이행,건조,맑음,교차로 - 교차로부근,승용,남,46세,상해없음,보행자,남,73세,경상
2014061600100562,2014년 6월 16일 22시,월요일,충청남도 천안시 서북구 성환읍,경상사고,0,0,1,0,차대사람 - 기타,보행자보호의무위반,건조,맑음,단일로 - 횡단보도상,승용,여,21세,상해없음,보행자,남,41세,경상
2014061600100563,2014년 6월 16일 22시,월요일,충청남도 천안시 서북구 직산읍,중상사고,0,1,0,0,차대차 - 정면충돌,중앙선침범,건조,맑음,단일로 - 기타,승용,남,33세,상해없음,화물,남,44세,중상
2014061600100564,2014년 6월 16일 22시,월요일,충청남도 아산시 방축동,중상사고,0,1,0,0,차대사람 - 기타,안전운전불이행,건조,맑음,교차로 - 교차로부근,승용,여,29세,상해없음,보행자,남,44세,중상
2014061600100565,2014년 6월 16일 22시,월요일,충청남도 당진시 송악읍,경상사고,0,0,1,0,차대사람 - 기타,보행자보호의무위반,건조,맑음,교차로 - 교차로부근,기타불명,기타불명,기타불명,기타불명,보행자,남,28세,경상
2014061600100594,2014년 6월 16일 23시,월요일,충청남도 논산시 취암동,경상사고,0,0,1,0,차대차 - 측면직각충돌,신호위반,건조,맑음,교차로 - 교차로안,승용,남,38세,상해없음,승용,남,51세,경상
2014061600100595,2014년 6월 16일 23시,월요일,충청남도 천안시 동남구 원성동,중상사고,0,1,0,0,차대차 - 추돌 - 주정차중,안전운전불이행,건조,맑음,단일로 - 기타,승용,남,22세,상해없음,승용,남,50세,중상
2014061600100596,2014년 6월 16일 23시,월요일,충청남도 공주시 우성면,중상사고,0,1,0,0,차대차 - 기타,안전운전불이행,건조,맑음,단일로 - 기타,화물,남,31세,상해없음,특수,남,40세,중상
2014061700100092,2014년 6월 17일 07시,화요일,충청남도 천안시 서북구 성정동,경상사고,0,0,1,0,차대차 - 기타,안전운전불이행,건조,맑음,교차로 - 교차로안,화물,남,44세,상해없음,자전거,남,10세,경상
2014061700100225,2014년 6월 17일 11시,화요일,충청남도 천안시 서북구 백석동,경상사고,0,0,1,0,차대차 - 기타,안전운전불이행,건조,맑음,단일로 - 기타,화물,남,63세,상해없음,승용,남,32세,경상
2014061700100256,2014년 6월 17일 12시,화요일,충청남도 부여군 부여읍,중상사고,0,1,0,0,차대차 - 기타,안전운전불이행,건조,맑음,단일로 - 기타,승용,여,42세,상해없음,이륜,남,55세,중상
2014061700100257,2014년 6월 17일 12시,화요일,충청남도 천안시 동남구 신부동,사망사고,1,0,0,0,차량단독 - 기타,기타,건조,맑음,단일로 - 기타,승용,남,44세,사망,,,,
2014061700100258,2014년 6월 17일 12시,화요일,충청남도 천안시 동남구 삼룡동,경상사고,0,0,1,0,차대차 - 정면충돌,신호위반,건조,맑음,교차로 - 교차로안,승합,남,49세,상해없음,승용,남,53세,경상
2014061700100285,2014년 6월 17일 13시,화요일,충청남도 태안군 태안읍,사망사고,1,0,0,0,차대사람 - 길가장자리구역통행중,안전운전불이행,건조,맑음,단일로 - 기타,건설기계,남,49세,상해없음,보행자,남,85세,사망
2014061700100286,2014년 6월 17일 13시,화요일,충청남도 청양군 청양읍,경상사고,0,0,1,0,차대차 - 기타,중앙선침범,건조,맑음,단일로 - 기타,승용,남,46세,상해없음,승용,여,48세,경상
2014061700100317,2014년 6월 17일 14시,화요일,충청남도 공주시 신관동,경상사고,0,0,3,0,차대차 - 추돌 - 주정차중,안전운전불이행,건조,맑음,교차로 - 교차로부근,승합,남,50세,상해없음,승용,여,40세,경상
2014061700100379,2014년 6월 17일 16시,화요일,충청남도 당진시 송악읍,중상사고,0,1,0,0,차대사람 - 기타,안전운전불이행,기타,맑음,기타 - 기타,화물,남,45세,상해없음,보행자,남,1세,중상
2014061700100408,2014년 6월 17일 17시,화요일,충청남도 예산군 고덕면,경상사고,0,0,1,0,차량단독 - 도로외이탈 - 추락,안전운전불이행,건조,맑음,단일로 - 기타,화물,남,45세,경상,,,,
2014061700100409,2014년 6월 17일 17시,화요일,충청남도 청양군 청양읍,중상사고,0,1,0,0,차량단독 - 전도전복,안전운전불이행,건조,맑음,단일로 - 기타,이륜,남,65세,중상,,,,
2014061700100450,2014년 6월 17일 18시,화요일,충청남도 천안시 서북구 입장면,중상사고,0,1,0,0,차대차 - 측면직각충돌,직진우회전진행방해,건조,맑음,교차로 - 교차로안,화물,남,54세,상해없음,화물,남,31세,중상
2014061700100451,2014년 6월 17일 18시,화요일,충청남도 천안시 동남구 구성동,중상사고,0,2,0,0,차대차 - 기타,안전거리미확보,건조,맑음,단일로 - 기타,승용,기타불명,기타불명,기타불명,승용,여,46세,중상
2014061700100487,2014년 6월 17일 19시,화요일,충청남도 태안군 남면,경상사고,0,0,1,0,차대차 - 측면직각충돌,안전운전불이행,기타,안개,단일로 - 기타,원동기,남,84세,경상,승용,남,20세,상해없음
2014061700100488,2014년 6월 17일 19시,화요일,충청남도 서산시 석림동,중상사고,0,1,0,0,차대차 - 측면직각충돌,직진우회전진행방해,건조,맑음,교차로 - 교차로안,원동기,여,56세,중상,승용,남,31세,상해없음
2014061700100489,2014년 6월 17일 19시,화요일,충청남도 홍성군 홍성읍,경상사고,0,0,1,0,차대사람 - 기타,안전운전불이행,건조,맑음,단일로 - 기타,원동기,여,58세,상해없음,보행자,여,58세,경상
2014061700100552,2014년 6월 17일 21시,화요일,충청남도 천안시 서북구 성정동,경상사고,0,0,1,0,차대차 - 기타,교차로운행방법위반,건조,맑음,교차로 - 교차로안,화물,남,57세,상해없음,승용,남,24세,경상
2014061800100052,2014년 6월 18일 04시,수요일,충청남도 천안시 동남구 안서동,중상사고,0,1,0,0,차대사람 - 기타,안전운전불이행,건조,맑음,단일로 - 기타,승용,남,66세,상해없음,보행자,여,50세,중상
2014061800100068,2014년 6월 18일 06시,수요일,충청남도 보령시 대천동,경상사고,0,0,2,0,차대차 - 측면직각충돌,직진우회전진행방해,건조,맑음,교차로 - 교차로안,화물,남,54세,경상,승용,남,59세,경상
2014061800100125,2014년 6월 18일 08시,수요일,충청남도 청양군 비봉면,부상신고사고,0,0,0,1,차대차 - 측면직각충돌,과속,건조,맑음,교차로 - 교차로안,승용,남,53세,상해없음,승용,여,26세,부상신고
2014061800100166,2014년 6월 18일 09시,수요일,충청남도 당진시 채운동,중상사고,0,1,0,0,차대사람 - 기타,안전운전불이행,건조,맑음,기타 - 기타,승용,남,39세,상해없음,보행자,여,39세,중상
2014061800100167,2014년 6월 18일 09시,수요일,충청남도 청양군 청양읍,경상사고,0,0,1,0,차대차 - 측면직각충돌,직진우회전진행방해,건조,맑음,교차로 - 교차로안,승용,남,55세,상해없음,자전거,여,79세,경상
2014061800100201,2014년 6월 18일 10시,수요일,충청남도 홍성군 구항면,중상사고,0,1,0,0,차대차 - 기타,안전운전불이행,건조,맑음,단일로 - 기타,화물,남,56세,상해없음,농기계,남,72세,중상
2014061800100202,2014년 6월 18일 10시,수요일,충청남도 아산시 실옥동,경상사고,0,0,3,0,차대차 - 추돌 - 주정차중,안전운전불이행,건조,맑음,교차로 - 교차로부근,승용,남,35세,상해없음,승용,남,47세,경상
2014061800100260,2014년 6월 18일 12시,수요일,충청남도 공주시 중동,중상사고,0,1,0,0,차대사람 - 보도통행중,보행자보호의무위반,건조,맑음,교차로 - 교차로안,승용,남,49세,상해없음,보행자,여,83세,중상
2014061800100287,2014년 6월 18일 13시,수요일,충청남도 예산군 예산읍,경상사고,0,0,1,0,차대차 - 기타,신호위반,건조,맑음,교차로 - 교차로안,화물,남,68세,상해없음,화물,남,59세,경상
2014061800100288,2014년 6월 18일 13시,수요일,충청남도 예산군 예산읍,경상사고,0,0,1,0,차대사람 - 기타,안전운전불이행,건조,맑음,단일로 - 기타,승용,여,56세,상해없음,보행자,남,81세,경상
2014061800100289,2014년 6월 18일 13시,수요일,충청남도 금산군 금산읍,중상사고,0,1,0,0,차대차 - 측면직각충돌,신호위반,건조,맑음,교차로 - 교차로안,화물,남,67세,상해없음,이륜,남,69세,중상
2014061800100322,2014년 6월 18일 14시,수요일,충청남도 서천군 서천읍,중상사고,0,1,1,0,차대차 - 기타,직진우회전진행방해,건조,맑음,교차로 - 교차로안,원동기,남,72세,경상,화물,남,47세,상해없음
2014061800100359,2014년 6월 18일 15시,수요일,충청남도 천안시 서북구 백석동,경상사고,0,0,3,0,차대차 - 측면직각충돌,중앙선침범,건조,맑음,단일로 - 기타,승용,남,58세,상해없음,승용,여,29세,경상
2014061800100360,2014년 6월 18일 15시,수요일,충청남도 서천군 마서면,중상사고,0,1,0,0,차대사람 - 기타,안전운전불이행,건조,맑음,단일로 - 기타,승용,여,58세,상해없음,보행자,여,71세,중상
2014061800100361,2014년 6월 18일 15시,수요일,충청남도 천안시 동남구 신부동,경상사고,0,0,1,0,차대사람 - 길가장자리구역통행중,안전운전불이행,건조,맑음,단일로 - 기타,승용,여,46세,상해없음,보행자,여,20세,경상
2014061800100400,2014년 6월 18일 16시,수요일,충청남도 서산시 대산읍,중상사고,0,1,0,0,차대사람 - 기타,안전운전불이행,건조,맑음,교차로 - 교차로부근,승합,남,49세,상해없음,보행자,남,21세,중상
2014061800100401,2014년 6월 18일 16시,수요일,충청남도 천안시 서북구 성정동,중상사고,0,1,0,0,차대사람 - 횡단중,안전운전불이행,건조,맑음,교차로 - 교차로안,화물,남,51세,상해없음,보행자,여,79세,중상
2014061800100491,2014년 6월 18일 18시,수요일,충청남도 공주시 신관동,중상사고,0,1,0,0,차대차 - 기타,안전운전불이행,건조,맑음,교차로 - 교차로안,원동기,남,17세,중상,승용,남,28세,상해없음
2014061800100527,2014년 6월 18일 19시,수요일,충청남도 서산시 읍내동,경상사고,0,0,1,0,차대차 - 측면직각충돌,교차로운행방법위반,건조,맑음,교차로 - 교차로안,화물,남,68세,상해없음,승용,여,44세,경상
2014061800100558,2014년 6월 18일 20시,수요일,충청남도 천안시 서북구 두정동,중상사고,0,1,0,0,차대차 - 기타,신호위반,건조,맑음,교차로 - 교차로안,승용,남,25세,상해없음,자전거,남,69세,중상
2014061800100594,2014년 6월 18일 21시,수요일,충청남도 논산시 취암동,중상사고,0,1,0,0,차대차 - 측면직각충돌,교차로운행방법위반,건조,맑음,교차로 - 교차로부근,승용,남,34세,상해없음,원동기,남,54세,중상
2014061800100630,2014년 6월 18일 22시,수요일,충청남도 천안시 동남구 청당동,경상사고,0,0,2,0,차대차 - 추돌 - 진행중,안전거리미확보,건조,맑음,단일로 - 기타,승용,남,40세,상해없음,승용,여,30세,경상
2014061900100014,2014년 6월 19일 00시,목요일,충청남도 천안시 서북구 성성동,경상사고,0,0,1,0,차대차 - 측면직각충돌,신호위반,건조,맑음,교차로 - 교차로안,승용,남,23세,기타불명,승용,남,42세,경상
2014061900100015,2014년 6월 19일 00시,목요일,충청남도 아산시 탕정면,경상사고,0,0,1,0,차대차 - 측면직각충돌,안전운전불이행,건조,맑음,단일로 - 기타,승용,남,30세,상해없음,승용,남,27세,경상
2014061900100050,2014년 6월 19일 03시,목요일,충청남도 천안시 서북구 성정동,경상사고,0,0,1,0,차대차 - 추돌 - 주정차중,안전운전불이행,건조,맑음,단일로 - 기타,승용,남,43세,상해없음,승용,여,30세,경상
2014061900100051,2014년 6월 19일 03시,목요일,충청남도 예산군 삽교읍,경상사고,0,0,1,0,차대차 - 추돌 - 주정차중,안전운전불이행,건조,맑음,단일로 - 기타,승용,남,31세,기타불명,승용,남,41세,기타불명
2014061900100103,2014년 6월 19일 07시,목요일,충청남도 예산군 예산읍,중상사고,0,1,3,0,차대차 - 기타,신호위반,건조,맑음,교차로 - 교차로안,화물,남,74세,기타불명,승합,남,57세,경상
2014061900100104,2014년 6월 19일 07시,목요일,충청남도 금산군 추부면,경상사고,0,0,1,0,차량단독 - 기타,안전운전불이행,건조,맑음,교차로 - 교차로안,원동기,남,43세,경상,,,,
2014061900100133,2014년 6월 19일 08시,목요일,충청남도 태안군 소원면,중상사고,0,1,0,0,차대차 - 측면직각충돌,직진우회전진행방해,건조,맑음,교차로 - 교차로안,승용,여,39세,중상,화물,남,42세,상해없음
2014061900100134,2014년 6월 19일 08시,목요일,충청남도 계룡시 엄사면,중상사고,0,1,0,0,차대사람 - 기타,안전운전불이행,건조,맑음,단일로 - 기타,승용,여,41세,상해없음,보행자,남,61세,중상
2014061900100228,2014년 6월 19일 11시,목요일,충청남도 서산시 해미면,중상사고,0,2,0,0,차대차 - 기타,안전운전불이행,건조,맑음,기타 - 기타,승용,남,38세,중상,승용,여,68세,중상
2014061900100272,2014년 6월 19일 13시,목요일,충청남도 논산시 부적면,경상사고,0,0,4,0,차대차 - 측면직각충돌,차로위반,건조,맑음,단일로 - 기타,승합,남,53세,상해없음,승합,남,44세,경상
2014061900100334,2014년 6월 19일 15시,목요일,충청남도 서천군 판교면,경상사고,0,0,4,0,차대차 - 기타,안전운전불이행,건조,맑음,교차로 - 교차로안,승용,남,57세,경상,승용,여,59세,경상
2014061900100335,2014년 6월 19일 15시,목요일,충청남도 천안시 동남구 영성동,중상사고,0,1,0,0,차량단독 - 기타,안전운전불이행,건조,맑음,단일로 - 기타,승합,남,55세,상해없음,,,,
2014061900100416,2014년 6월 19일 17시,목요일,충청남도 천안시 서북구 성환읍,경상사고,0,0,1,0,차대차 - 측면직각충돌,안전거리미확보,건조,맑음,단일로 - 기타,기타불명,기타불명,기타불명,기타불명,승용,여,60세,경상
2014061900100417,2014년 6월 19일 17시,목요일,충청남도 청양군 청남면,중상사고,0,5,0,0,차대차 - 기타,중앙선침범,건조,맑음,교차로 - 교차로부근,승용,남,38세,상해없음,승합,남,44세,중상
2014061900100418,2014년 6월 19일 17시,목요일,충청남도 천안시 동남구 풍세면,중상사고,0,2,0,0,차대차 - 추돌 - 진행중,안전운전불이행,건조,맑음,단일로 - 기타,화물,남,58세,상해없음,화물,남,57세,중상
2014061900100465,2014년 6월 19일 18시,목요일,충청남도 아산시 배방읍,경상사고,0,0,1,0,차대차 - 측면직각충돌,안전운전불이행,건조,맑음,단일로 - 기타,승용,여,52세,상해없음,승용,남,53세,경상
2014061900100466,2014년 6월 19일 18시,목요일,충청남도 서천군 서천읍,경상사고,0,0,1,0,차대차 - 기타,기타,건조,맑음,단일로 - 기타,승용,남,82세,상해없음,승용,여,49세,상해없음
2014061900100502,2014년 6월 19일 19시,목요일,충청남도 천안시 서북구 쌍용동,경상사고,0,0,3,0,차대차 - 기타,교차로운행방법위반,건조,맑음,교차로 - 교차로부근,승용,여,45세,경상,화물,남,33세,경상
2014061900100503,2014년 6월 19일 19시,목요일,충청남도 홍성군 홍성읍,경상사고,0,0,2,0,차대차 - 측면직각충돌,교차로운행방법위반,건조,맑음,교차로 - 교차로안,화물,남,45세,상해없음,이륜,남,77세,경상
2014061900100504,2014년 6월 19일 19시,목요일,충청남도 천안시 동남구 신부동,중상사고,0,1,0,0,차대사람 - 기타,안전운전불이행,건조,맑음,단일로 - 기타,화물,남,32세,상해없음,보행자,여,86세,중상
2014061900100545,2014년 6월 19일 20시,목요일,충청남도 아산시 인주면,부상신고사고,0,0,0,2,차대차 - 측면직각충돌,안전운전불이행,건조,맑음,단일로 - 기타,화물,남,47세,상해없음,승용,여,32세,상해없음
2014061900100546,2014년 6월 19일 20시,목요일,충청남도 공주시 옥룡동,중상사고,0,1,0,0,차대사람 - 횡단중,신호위반,건조,흐림,교차로 - 교차로부근,승용,여,38세,상해없음,보행자,여,66세,중상
2014061900100547,2014년 6월 19일 20시,목요일,충청남도 금산군 금산읍,경상사고,0,0,1,0,차대차 - 기타,교차로운행방법위반,건조,맑음,교차로 - 교차로안,승용,여,36세,상해없음,이륜,여,61세,경상
2014061900100578,2014년 6월 19일 21시,목요일,충청남도 보령시 동대동,경상사고,0,0,1,0,차대차 - 기타,안전운전불이행,건조,흐림,단일로 - 기타,승용,남,26세,상해없음,이륜,남,16세,경상
2014061900100616,2014년 6월 19일 22시,목요일,충청남도 천안시 서북구 성정동,중상사고,0,1,0,0,차대차 - 추돌 - 진행중,안전운전불이행,건조,맑음,단일로 - 기타,승용,남,42세,상해없음,승용,남,47세,중상
2014061900100640,2014년 6월 19일 23시,목요일,충청남도 천안시 서북구 성거읍,중상사고,0,1,0,0,차대차 - 기타,안전운전불이행,건조,맑음,단일로 - 기타,승용,남,53세,상해없음,승용,남,32세,중상
2014061900100641,2014년 6월 19일 23시,목요일,충청남도 천안시 서북구 성정동,경상사고,0,0,2,0,차대차 - 기타,안전운전불이행,건조,맑음,교차로 - 교차로부근,승용,남,42세,상해없음,승용,남,32세,경상
2014062000100013,2014년 6월 20일 00시,금요일,충청남도 천안시 서북구 백석동,경상사고,0,0,1,0,차대차 - 측면직각충돌,차로위반,건조,맑음,단일로 - 기타,승용,남,51세,상해없음,승용,남,24세,경상
2014062000100014,2014년 6월 20일 00시,금요일,충청남도 부여군 규암면,경상사고,0,0,1,0,차량단독 - 공작물충돌,안전운전불이행,건조,맑음,교차로 - 교차로부근,승용,여,27세,상해없음,,,,
2014062000100055,2014년 6월 20일 03시,금요일,충청남도 부여군 부여읍,경상사고,0,0,2,0,차대차 - 기타,안전운전불이행,건조,맑음,교차로 - 교차로안,승용,남,24세,상해없음,승용,남,55세,경상
2014062000100073,2014년 6월 20일 05시,금요일,충청남도 천안시 서북구 두정동,경상사고,0,0,1,0,차대사람 - 기타,안전운전불이행,건조,맑음,단일로 - 기타,승용,남,21세,상해없음,보행자,남,20세,경상
2014062000100191,2014년 6월 20일 10시,금요일,충청남도 보령시 남포면,중상사고,0,1,0,0,차대차 - 정면충돌,안전운전불이행,건조,맑음,단일로 - 기타,승용,기타불명,기타불명,기타불명,농기계,남,56세,중상
2014062000100192,2014년 6월 20일 10시,금요일,충청남도 공주시 신관동,경상사고,0,0,2,0,차대차 - 기타,안전운전불이행,건조,맑음,교차로 - 교차로안,화물,남,67세,상해없음,자전거,남,9세,경상
2014062000100215,2014년 6월 20일 11시,금요일,충청남도 부여군 부여읍,중상사고,0,1,0,0,차대차 - 측면직각충돌,안전운전불이행,건조,맑음,단일로 - 기타,이륜,남,81세,중상,승합,남,66세,상해없음
2014062000100216,2014년 6월 20일 11시,금요일,충청남도 당진시 송악읍,중상사고,0,1,1,0,차대차 - 기타,신호위반,건조,맑음,교차로 - 교차로안,승용,남,33세,상해없음,화물,남,66세,중상
2014062000100251,2014년 6월 20일 12시,금요일,충청남도 천안시 동남구 병천면,사망사고,1,0,0,0,차량단독 - 전도전복,안전운전불이행,건조,맑음,단일로 - 기타,이륜,남,69세,사망,,,,
2014062000100279,2014년 6월 20일 13시,금요일,충청남도 논산시 벌곡면,중상사고,0,1,0,0,차대차 - 정면충돌,중앙선침범,건조,맑음,단일로 - 기타,승용,남,64세,상해없음,승용,여,50세,중상
2014062000100280,2014년 6월 20일 13시,금요일,충청남도 예산군 예산읍,중상사고,0,1,1,0,차대차 - 측면직각충돌,직진우회전진행방해,건조,맑음,교차로 - 교차로안,승용,여,40세,경상,화물,남,57세,중상
2014062000100345,2014년 6월 20일 15시,금요일,충청남도 공주시 우성면,부상신고사고,0,0,0,1,차량단독 - 공작물충돌,안전운전불이행,건조,흐림,교차로 - 교차로안,화물,남,52세,부상신고,,,,
2014062000100346,2014년 6월 20일 15시,금요일,충청남도 천안시 동남구 신부동,중상사고,0,1,0,0,차대사람 - 기타,안전운전불이행,건조,맑음,단일로 - 기타,승용,여,21세,상해없음,보행자,남,78세,중상
2014062000100347,2014년 6월 20일 15시,금요일,충청남도 천안시 동남구 다가동,경상사고,0,0,1,0,차대사람 - 기타,안전운전불이행,건조,맑음,단일로 - 기타,승용,여,34세,기타불명,보행자,여,25세,경상
2014062000100384,2014년 6월 20일 16시,금요일,충청남도 천안시 서북구 쌍용동,중상사고,0,1,0,0,차대사람 - 기타,안전운전불이행,건조,맑음,교차로 - 교차로안,승용,여,53세,상해없음,보행자,여,31세,중상
2014062000100385,2014년 6월 20일 16시,금요일,충청남도 논산시 연무읍,중상사고,0,2,0,0,차대차 - 측면직각충돌,불법유턴,건조,흐림,단일로 - 기타,화물,남,65세,상해없음,원동기,남,72세,중상
2014062000100386,2014년 6월 20일 16시,금요일,충청남도 아산시 영인면,중상사고,0,2,0,0,차대차 - 추돌 - 주정차중,안전운전불이행,건조,맑음,교차로 - 교차로부근,화물,남,62세,상해없음,승용,남,26세,중상
2014062000100387,2014년 6월 20일 16시,금요일,충청남도 청양군 운곡면,중상사고,0,1,0,0,차대차 - 측면직각충돌,직진우회전진행방해,건조,맑음,교차로 - 교차로안,화물,남,38세,상해없음,농기계,남,70세,중상
2014062000100388,2014년 6월 20일 16시,금요일,충청남도 천안시 동남구 원성동,사망사고,1,0,0,0,차대사람 - 횡단중,신호위반,건조,흐림,단일로 - 기타,승용,여,36세,상해없음,보행자,남,70세,사망
2014062000100427,2014년 6월 20일 17시,금요일,충청남도 서산시 음암면,경상사고,0,0,1,0,차대차 - 정면충돌,중앙선침범,건조,맑음,단일로 - 기타,이륜,남,16세,경상,화물,남,57세,상해없음
2014062000100428,2014년 6월 20일 17시,금요일,충청남도 금산군 금산읍,중상사고,0,1,0,0,차대차 - 측면직각충돌,교차로운행방법위반,습기,비,교차로 - 교차로안,화물,남,46세,상해없음,원동기,남,44세,중상
2014062000100429,2014년 6월 20일 17시,금요일,충청남도 천안시 동남구 신부동,경상사고,0,0,1,0,차대사람 - 기타,보행자보호의무위반,건조,맑음,단일로 - 기타,승용,남,50세,상해없음,보행자,여,73세,경상
2014062000100522,2014년 6월 20일 19시,금요일,충청남도 서산시 부석면,중상사고,0,1,0,1,차대차 - 측면직각충돌,안전운전불이행,건조,맑음,단일로 - 기타,승용,남,58세,부상신고,승용,여,50세,중상
2014062000100523,2014년 6월 20일 19시,금요일,충청남도 천안시 서북구 신당동,경상사고,0,0,1,0,차대차 - 기타,안전운전불이행,습기,흐림,교차로 - 교차로부근,승용,남,26세,상해없음,승용,여,28세,경상
2014062000100524,2014년 6월 20일 19시,금요일,충청남도 논산시 취암동,중상사고,0,1,1,0,차대차 - 측면직각충돌,교차로운행방법위반,건조,흐림,교차로 - 교차로안,원동기,남,74세,중상,승용,남,41세,경상
2014062000100558,2014년 6월 20일 20시,금요일,충청남도 천안시 서북구 성정동,경상사고,0,0,1,0,차대차 - 기타,안전운전불이행,습기,흐림,단일로 - 기타,화물,남,53세,상해없음,원동기,남,38세,경상
2014062000100649,2014년 6월 20일 22시,금요일,충청남도 천안시 동남구 신부동,경상사고,0,0,1,0,차대차 - 기타,안전운전불이행,건조,맑음,단일로 - 기타,승용,여,59세,상해없음,승용,남,39세,경상
2014062000100700,2014년 6월 20일 23시,금요일,충청남도 당진시 채운동,경상사고,0,0,2,0,차대차 - 기타,신호위반,습기,흐림,교차로 - 교차로부근,승용,남,40세,상해없음,승용,남,21세,경상
2014062100100169,2014년 6월 21일 07시,토요일,충청남도 홍성군 홍성읍,경상사고,0,0,1,0,차대사람 - 횡단중,안전운전불이행,건조,맑음,교차로 - 교차로부근,승용,남,71세,상해없음,보행자,여,55세,경상
2014062100100183,2014년 6월 21일 08시,토요일,충청남도 보령시 명천동,경상사고,0,0,2,0,차대차 - 추돌 - 주정차중,안전운전불이행,건조,맑음,단일로 - 기타,승용,남,65세,상해없음,화물,남,56세,경상
2014062100100184,2014년 6월 21일 08시,토요일,충청남도 당진시 고대면,경상사고,0,0,1,0,차대차 - 기타,신호위반,건조,맑음,교차로 - 교차로부근,화물,남,71세,상해없음,승용,남,66세,경상
2014062100100209,2014년 6월 21일 09시,토요일,충청남도 청양군 청양읍,경상사고,0,0,2,0,차대차 - 측면직각충돌,직진우회전진행방해,건조,맑음,교차로 - 교차로안,이륜,남,69세,경상,승용,남,43세,경상
2014062100100210,2014년 6월 21일 09시,토요일,충청남도 천안시 동남구 병천면,경상사고,0,0,4,0,차대차 - 측면직각충돌,신호위반,건조,맑음,교차로 - 교차로안,화물,남,27세,상해없음,승용,남,63세,경상
2014062100100296,2014년 6월 21일 12시,토요일,충청남도 천안시 동남구 대흥동,경상사고,0,0,1,0,차대사람 - 보도통행중,안전운전불이행,건조,맑음,교차로 - 교차로안,승용,남,51세,상해없음,보행자,여,64세,경상