사고번호,사고일시,요일,시군구,사고내용,사망자수,중상자수,경상자수,부상신고자수,사고유형,법규위반,노면상태,기상상태,도로형태,가해운전자 차종,가해운전자 성별,가해운전자 연령,가해운전자 상해정도,피해운전자 차종,피해운전자 성별,피해운전자 연령,피해운전자 상해정도
2014062100100350,2014년 6월 21일 14시,토요일,충청남도 천안시 동남구 원성동,경상사고,0,0,1,0,차대차 - 측면직각충돌,안전운전불이행,건조,맑음,교차로 - 교차로안,승용,기타불명,기타불명,기타불명,승용,남,77세,경상
2014062100100351,2014년 6월 21일 14시,토요일,충청남도 천안시 동남구 목천읍,경상사고,0,0,1,0,차대차 - 정면충돌,중앙선침범,건조,맑음,교차로 - 교차로안,승용,남,54세,상해없음,화물,남,53세,경상
2014062100100352,2014년 6월 21일 14시,토요일,충청남도 천안시 동남구 신방동,경상사고,0,0,2,0,차대차 - 기타,안전운전불이행,건조,맑음,단일로 - 기타,승용,남,31세,상해없음,승용,남,54세,경상
2014062100100384,2014년 6월 21일 15시,토요일,충청남도 공주시 반포면,중상사고,0,1,0,0,차대차 - 기타,안전운전불이행,건조,맑음,교차로 - 교차로안,자전거,남,43세,중상,승합,남,41세,상해없음
2014062100100415,2014년 6월 21일 16시,토요일,충청남도 당진시 용연리,경상사고,0,0,1,0,차대차 - 정면충돌,중앙선침범,건조,맑음,단일로 - 기타,승용,남,69세,상해없음,화물,남,32세,경상
2014062100100455,2014년 6월 21일 17시,토요일,충청남도 보령시 오천면,중상사고,0,1,0,0,차대차 - 추돌 - 진행중,안전운전불이행,건조,맑음,단일로 - 기타,농기계,남,82세,상해없음,이륜,남,49세,중상
2014062100100456,2014년 6월 21일 17시,토요일,충청남도 천안시 동남구 신방동,사망사고,1,0,0,0,차대차 - 기타,안전운전불이행,건조,맑음,단일로 - 기타,승용,남,31세,상해없음,자전거,남,72세,사망
2014062100100457,2014년 6월 21일 17시,토요일,충청남도 천안시 동남구 신부동,부상신고사고,0,0,0,1,차대사람 - 기타,안전운전불이행,건조,맑음,기타 - 기타,승용,여,24세,상해없음,보행자,여,61세,부상신고
2014062100100493,2014년 6월 21일 18시,토요일,충청남도 공주시 이인면,중상사고,0,1,0,0,차대차 - 측면직각충돌,안전운전불이행,건조,맑음,교차로 - 교차로안,자전거,남,12세,중상,화물,남,42세,상해없음
2014062100100526,2014년 6월 21일 19시,토요일,충청남도 금산군 군북면,중상사고,0,1,0,0,차대차 - 측면직각충돌,신호위반,건조,맑음,교차로 - 교차로안,승용,여,28세,상해없음,승용,여,57세,중상
2014062100100689,2014년 6월 21일 23시,토요일,충청남도 천안시 동남구 구성동,경상사고,0,0,1,0,차대사람 - 횡단중,안전운전불이행,건조,맑음,교차로 - 교차로부근,승용,여,42세,상해없음,보행자,남,65세,경상
2014062200100050,2014년 6월 22일 02시,일요일,충청남도 천안시 서북구 두정동,경상사고,0,0,2,0,차대사람 - 길가장자리구역통행중,안전운전불이행,건조,맑음,단일로 - 기타,승용,여,46세,상해없음,보행자,남,22세,경상
2014062200100051,2014년 6월 22일 02시,일요일,충청남도 천안시 동남구 원성동,경상사고,0,0,1,0,차대차 - 추돌 - 진행중,안전운전불이행,건조,맑음,교차로 - 교차로안,승용,여,48세,상해없음,승용,남,54세,경상
2014062200100067,2014년 6월 22일 03시,일요일,충청남도 논산시 광석면,경상사고,0,0,2,0,차량단독 - 공작물충돌,안전운전불이행,건조,맑음,단일로 - 기타,승용,남,17세,상해없음,,,,
2014062200100125,2014년 6월 22일 08시,일요일,충청남도 보령시 대천동,경상사고,0,0,1,0,차대차 - 측면직각충돌,안전운전불이행,건조,맑음,단일로 - 기타,승용,남,36세,상해없음,자전거,여,73세,경상
2014062200100176,2014년 6월 22일 11시,일요일,충청남도 부여군 규암면,경상사고,0,0,1,0,차대차 - 기타,안전거리미확보,건조,맑음,교차로 - 교차로부근,이륜,남,62세,상해없음,승용,남,32세,상해없음
2014062200100224,2014년 6월 22일 13시,일요일,충청남도 부여군 부여읍,중상사고,0,1,2,0,차대차 - 기타,안전운전불이행,건조,맑음,교차로 - 교차로안,승용,여,42세,경상,화물,남,58세,경상
2014062200100277,2014년 6월 22일 15시,일요일,충청남도 아산시 권곡동,경상사고,0,0,1,0,차대차 - 측면직각충돌,안전운전불이행,건조,맑음,교차로 - 교차로부근,화물,기타불명,기타불명,기타불명,승용,남,33세,경상
2014062200100278,2014년 6월 22일 15시,일요일,충청남도 공주시 옥룡동,중상사고,0,1,0,0,차대차 - 측면직각충돌,안전운전불이행,건조,맑음,교차로 - 교차로부근,화물,남,42세,상해없음,이륜,남,23세,중상
2014062200100279,2014년 6월 22일 15시,일요일,충청남도 서산시 운산면,사망사고,1,1,0,0,차량단독 - 전도전복,안전운전불이행,습기,비,단일로 - 기타,승용,남,19세,상해없음,,,,
2014062200100313,2014년 6월 22일 16시,일요일,충청남도 태안군 안면읍,중상사고,0,1,0,0,차대사람 - 횡단중,안전운전불이행,건조,맑음,단일로 - 기타,승용,여,34세,상해없음,보행자,여,69세,중상
2014062200100314,2014년 6월 22일 16시,일요일,충청남도 천안시 동남구 다가동,경상사고,0,0,2,0,차대차 - 기타,안전운전불이행,건조,맑음,교차로 - 교차로안,승용,남,51세,상해없음,승용,여,51세,경상
2014062200100348,2014년 6월 22일 17시,일요일,충청남도 홍성군 홍성읍,경상사고,0,0,3,0,차대차 - 추돌 - 주정차중,안전운전불이행,건조,맑음,단일로 - 기타,승용,여,41세,상해없음,승용,여,44세,경상
2014062200100383,2014년 6월 22일 18시,일요일,충청남도 홍성군 홍성읍,경상사고,0,0,1,0,차대차 - 추돌 - 주정차중,안전운전불이행,건조,맑음,교차로 - 교차로안,화물,남,74세,상해없음,승용,남,56세,경상
2014062200100407,2014년 6월 22일 19시,일요일,충청남도 금산군 금산읍,경상사고,0,0,3,0,차대차 - 측면직각충돌,교차로운행방법위반,건조,맑음,교차로 - 교차로안,승용,여,57세,경상,승용,남,45세,경상
2014062200100427,2014년 6월 22일 20시,일요일,충청남도 서산시 고북면,중상사고,0,1,0,0,차대사람 - 길가장자리구역통행중,안전운전불이행,건조,맑음,단일로 - 기타,승용,남,45세,상해없음,보행자,남,72세,중상
2014062200100428,2014년 6월 22일 20시,일요일,충청남도 서산시 동문동,경상사고,0,0,1,0,차대차 - 측면직각충돌,안전운전불이행,건조,맑음,교차로 - 교차로안,승용,남,34세,경상,승용,남,22세,상해없음
2014062200100429,2014년 6월 22일 20시,일요일,충청남도 보령시 대천동,경상사고,0,0,1,0,차대사람 - 기타,안전운전불이행,건조,맑음,단일로 - 기타,화물,기타불명,기타불명,기타불명,보행자,여,42세,경상
2014062200100461,2014년 6월 22일 21시,일요일,충청남도 서산시 예천동,중상사고,0,3,0,0,차대차 - 정면충돌,중앙선침범,건조,맑음,기타 - 기타,승합,남,52세,중상,승용,남,36세,중상
2014062200100462,2014년 6월 22일 21시,일요일,충청남도 아산시 배방읍,부상신고사고,0,0,0,1,차대차 - 기타,중앙선침범,건조,맑음,단일로 - 기타,승용,기타불명,기타불명,기타불명,승합,남,42세,부상신고
2014062200100487,2014년 6월 22일 22시,일요일,충청남도 보령시 동대동,경상사고,0,0,2,0,차대차 - 측면직각충돌,직진우회전진행방해,건조,맑음,교차로 - 교차로안,승용,여,45세,경상,승용,여,43세,경상
2014062300100037,2014년 6월 23일 02시,월요일,충청남도 천안시 서북구 불당동,경상사고,0,0,1,0,차대차 - 기타,중앙선침범,건조,맑음,교차로 - 교차로안,자전거,남,19세,경상,승용,여,45세,상해없음
2014062300100059,2014년 6월 23일 05시,월요일,충청남도 아산시 배방읍,부상신고사고,0,0,0,1,차량단독 - 전도전복,안전운전불이행,건조,맑음,단일로 - 기타,이륜,남,34세,부상신고,,,,
2014062300100069,2014년 6월 23일 06시,월요일,충청남도 태안군 태안읍,경상사고,0,0,1,0,차대차 - 측면직각충돌,교차로운행방법위반,건조,맑음,교차로 - 교차로안,이륜,여,71세,경상,승용,여,57세,상해없음
2014062300100120,2014년 6월 23일 08시,월요일,충청남도 예산군 예산읍,경상사고,0,0,1,0,차대차 - 측면직각충돌,중앙선침범,건조,맑음,단일로 - 기타,원동기,남,66세,경상,승용,남,40세,상해없음
2014062300100177,2014년 6월 23일 10시,월요일,충청남도 천안시 동남구 목천읍,경상사고,0,0,2,0,차대차 - 기타,안전운전불이행,건조,맑음,기타 - 기타,화물,남,46세,상해없음,승용,남,38세,경상
2014062300100211,2014년 6월 23일 11시,월요일,충청남도 아산시 용화동,중상사고,0,1,0,0,차대사람 - 보도통행중,보행자보호의무위반,건조,맑음,교차로 - 교차로안,승용,여,36세,상해없음,보행자,여,76세,중상
2014062300100213,2014년 6월 23일 11시,월요일,충청남도 천안시 동남구 풍세면,경상사고,0,0,3,0,차대차 - 기타,신호위반,건조,맑음,교차로 - 교차로안,승용,남,57세,상해없음,승용,여,52세,경상
2014062300100282,2014년 6월 23일 14시,월요일,충청남도 금산군 남일면,경상사고,0,0,2,0,차대차 - 정면충돌,중앙선침범,건조,맑음,단일로 - 기타,화물,남,55세,상해없음,승용,남,34세,경상
2014062300100322,2014년 6월 23일 15시,월요일,충청남도 논산시 지산동,경상사고,0,0,1,0,차대차 - 추돌 - 진행중,안전운전불이행,건조,맑음,교차로 - 교차로부근,승용,남,33세,상해없음,승용,남,34세,경상
2014062300100323,2014년 6월 23일 15시,월요일,충청남도 홍성군 홍성읍,중상사고,0,1,0,0,차대차 - 기타,안전운전불이행,건조,맑음,단일로 - 기타,승용,여,33세,상해없음,자전거,남,91세,중상
2014062300100355,2014년 6월 23일 16시,월요일,충청남도 서산시 해미면,중상사고,0,2,1,0,차대차 - 측면직각충돌,안전운전불이행,건조,맑음,단일로 - 기타,화물,남,42세,중상,화물,여,64세,중상
2014062300100397,2014년 6월 23일 17시,월요일,충청남도 홍성군 홍성읍,경상사고,0,0,1,0,차대차 - 기타,안전거리미확보,건조,맑음,교차로 - 교차로부근,승용,여,51세,상해없음,원동기,여,53세,경상
2014062300100398,2014년 6월 23일 17시,월요일,충청남도 금산군 추부면,경상사고,0,0,2,0,차대차 - 추돌 - 주정차중,안전운전불이행,건조,맑음,교차로 - 교차로안,승용,여,56세,상해없음,승합,남,45세,경상
2014062300100399,2014년 6월 23일 17시,월요일,충청남도 천안시 동남구 병천면,경상사고,0,0,1,0,차대차 - 기타,안전운전불이행,건조,맑음,교차로 - 교차로부근,승용,남,29세,상해없음,자전거,남,6세,경상
2014062300100439,2014년 6월 23일 18시,월요일,충청남도 태안군 태안읍,경상사고,0,0,1,0,차대차 - 측면직각충돌,안전운전불이행,건조,맑음,단일로 - 기타,자전거,남,9세,경상,승용,여,42세,상해없음
2014062300100510,2014년 6월 23일 20시,월요일,충청남도 부여군 구룡면,중상사고,0,1,0,0,차대차 - 기타,안전운전불이행,건조,맑음,교차로 - 교차로안,승용,남,55세,상해없음,원동기,남,52세,중상
2014062300100552,2014년 6월 23일 21시,월요일,충청남도 아산시 용화동,중상사고,0,1,0,0,차대사람 - 기타,안전운전불이행,건조,맑음,교차로 - 교차로부근,승용,남,34세,상해없음,보행자,남,83세,중상
2014062300100577,2014년 6월 23일 22시,월요일,충청남도 공주시 신관동,경상사고,0,0,1,0,차대차 - 기타,안전운전불이행,건조,맑음,단일로 - 기타,원동기,남,18세,상해없음,자전거,남,14세,경상
2014062400100014,2014년 6월 24일 00시,화요일,충청남도 당진시 송악읍,중상사고,0,1,0,0,차대차 - 측면직각충돌,교차로운행방법위반,건조,기타,기타 - 기타,승용,남,31세,상해없음,승용,남,32세,중상
2014062400100031,2014년 6월 24일 01시,화요일,충청남도 서산시 성연면,중상사고,0,2,1,1,차량단독 - 공작물충돌,안전운전불이행,건조,흐림,단일로 - 기타,승용,남,24세,경상,,,,
2014062400100050,2014년 6월 24일 05시,화요일,충청남도 아산시 배방읍,경상사고,0,0,1,0,차대차 - 측면직각충돌,안전운전불이행,건조,맑음,교차로 - 교차로안,화물,남,69세,상해없음,승용,여,40세,경상
2014062400100051,2014년 6월 24일 05시,화요일,충청남도 공주시 산성동,중상사고,0,1,1,0,차대차 - 측면직각충돌,기타,건조,맑음,교차로 - 교차로안,승용,여,64세,경상,화물,남,44세,중상
2014062400100114,2014년 6월 24일 08시,화요일,충청남도 서산시 동문동,중상사고,0,1,0,0,차대차 - 측면직각충돌,안전운전불이행,건조,맑음,교차로 - 교차로안,자전거,남,15세,중상,승합,남,68세,상해없음
2014062400100115,2014년 6월 24일 08시,화요일,충청남도 당진시 석문면,경상사고,0,0,1,0,차대차 - 측면직각충돌,교차로운행방법위반,건조,맑음,기타 - 기타,승용,남,19세,상해없음,승용,여,37세,경상
2014062400100165,2014년 6월 24일 10시,화요일,충청남도 서산시 예천동,중상사고,0,1,0,0,차대차 - 측면직각충돌,신호위반,건조,맑음,교차로 - 교차로안,화물,남,34세,상해없음,승합,남,41세,중상
2014062400100166,2014년 6월 24일 10시,화요일,충청남도 홍성군 홍성읍,중상사고,0,2,0,0,차대차 - 기타,안전운전불이행,건조,맑음,단일로 - 기타,화물,남,59세,상해없음,원동기,남,63세,중상
2014062400100224,2014년 6월 24일 12시,화요일,충청남도 홍성군 은하면,사망사고,1,1,0,0,차대차 - 기타,안전운전불이행,건조,맑음,단일로 - 기타,승용,남,75세,중상,특수,남,60세,상해없음
2014062400100226,2014년 6월 24일 12시,화요일,충청남도 부여군 세도면,중상사고,0,1,0,0,차대차 - 측면직각충돌,교차로운행방법위반,건조,맑음,교차로 - 교차로부근,승합,남,79세,상해없음,자전거,여,59세,중상
2014062400100227,2014년 6월 24일 12시,화요일,충청남도 당진시 면천면,경상사고,0,0,1,0,차대차 - 측면직각충돌,중앙선침범,건조,맑음,단일로 - 기타,승용,남,49세,상해없음,화물,남,39세,경상
2014062400100257,2014년 6월 24일 13시,화요일,충청남도 공주시 의당면,중상사고,0,1,0,0,차대사람 - 기타,기타,건조,맑음,단일로 - 기타,농기계,남,51세,기타불명,보행자,여,76세,중상
2014062400100284,2014년 6월 24일 14시,화요일,충청남도 청양군 남양면,중상사고,0,1,0,0,차대차 - 측면직각충돌,중앙선침범,건조,맑음,단일로 - 기타,건설기계,남,41세,상해없음,승용,남,33세,중상
2014062400100323,2014년 6월 24일 15시,화요일,충청남도 논산시 취암동,중상사고,0,3,0,0,차대차 - 측면직각충돌,중앙선침범,건조,맑음,단일로 - 기타,승용,남,22세,상해없음,승용,여,35세,중상
2014062400100396,2014년 6월 24일 17시,화요일,충청남도 천안시 서북구 업성동,중상사고,0,1,0,0,차대차 - 정면충돌,중앙선침범,건조,맑음,단일로 - 기타,승용,여,41세,상해없음,승용,여,40세,중상
2014062400100397,2014년 6월 24일 17시,화요일,충청남도 부여군 부여읍,중상사고,0,1,0,0,차대차 - 측면직각충돌,교차로운행방법위반,건조,맑음,교차로 - 교차로안,승용,남,35세,상해없음,이륜,남,14세,중상
2014062400100434,2014년 6월 24일 18시,화요일,충청남도 천안시 서북구 성정동,중상사고,0,1,0,0,차대차 - 기타,교차로운행방법위반,건조,맑음,교차로 - 교차로안,승용,남,51세,상해없음,원동기,남,50세,중상
2014062400100435,2014년 6월 24일 18시,화요일,충청남도 아산시 용화동,경상사고,0,0,2,0,차대차 - 측면직각충돌,안전운전불이행,건조,맑음,교차로 - 교차로안,승용,남,53세,상해없음,승용,여,25세,경상
2014062400100525,2014년 6월 24일 21시,화요일,충청남도 천안시 서북구 직산읍,중상사고,0,1,0,0,차대차 - 기타,안전운전불이행,건조,맑음,단일로 - 기타,승용,남,22세,상해없음,화물,남,37세,중상
2014062400100526,2014년 6월 24일 21시,화요일,충청남도 논산시 강경읍,중상사고,0,1,1,0,차대차 - 정면충돌,중앙선침범,건조,맑음,단일로 - 기타,승용,남,52세,경상,승용,남,49세,중상
2014062400100527,2014년 6월 24일 21시,화요일,충청남도 논산시 강산동,경상사고,0,0,1,0,차대차 - 측면직각충돌,교차로운행방법위반,건조,맑음,교차로 - 교차로안,승용,남,46세,상해없음,승용,여,39세,경상
2014062400100586,2014년 6월 24일 23시,화요일,충청남도 천안시 동남구 원성동,중상사고,0,1,0,0,차대차 - 측면직각충돌,안전운전불이행,건조,맑음,교차로 - 교차로안,승용,남,64세,중상,승용,남,37세,상해없음
2014062400100587,2014년 6월 24일 23시,화요일,충청남도 천안시 동남구 신부동,경상사고,0,0,1,0,차대차 - 측면직각충돌,신호위반,건조,맑음,교차로 - 교차로안,승용,남,41세,상해없음,승용,여,39세,경상
2014062500100013,2014년 6월 25일 00시,수요일,충청남도 천안시 서북구 백석동,사망사고,1,0,0,0,차대차 - 정면충돌,교차로운행방법위반,건조,흐림,교차로 - 교차로부근,승용,남,27세,사망,특수,남,27세,기타불명
2014062500100032,2014년 6월 25일 01시,수요일,충청남도 아산시 실옥동,경상사고,0,0,1,0,차대차 - 측면직각충돌,신호위반,건조,맑음,교차로 - 교차로안,화물,남,55세,상해없음,승용,남,29세,경상
2014062500100057,2014년 6월 25일 04시,수요일,충청남도 공주시 옥룡동,경상사고,0,0,1,0,차대사람 - 기타,안전운전불이행,건조,맑음,단일로 - 기타,승용,남,19세,상해없음,보행자,남,30세,경상
2014062500100074,2014년 6월 25일 06시,수요일,충청남도 부여군 부여읍,중상사고,0,1,0,0,차대차 - 추돌 - 주정차중,안전운전불이행,건조,맑음,단일로 - 기타,승용,남,75세,기타불명,원동기,남,66세,중상
2014062500100075,2014년 6월 25일 06시,수요일,충청남도 청양군 목면,중상사고,0,1,0,0,차량단독 - 기타,안전운전불이행,건조,맑음,교차로 - 교차로부근,농기계,남,83세,중상,,,,
2014062500100160,2014년 6월 25일 09시,수요일,충청남도 청양군 비봉면,중상사고,0,1,0,0,차대차 - 측면직각충돌,불법유턴,건조,맑음,단일로 - 기타,자전거,남,53세,중상,승용,여,53세,상해없음
2014062500100251,2014년 6월 25일 12시,수요일,충청남도 아산시 신창면,경상사고,0,0,1,0,차대차 - 기타,교차로운행방법위반,건조,맑음,교차로 - 교차로안,화물,남,35세,상해없음,화물,남,69세,경상
2014062500100284,2014년 6월 25일 13시,수요일,충청남도 서산시 부석면,경상사고,0,0,2,0,차대차 - 정면충돌,중앙선침범,건조,맑음,단일로 - 기타,승용,남,64세,상해없음,화물,남,54세,경상
2014062500100285,2014년 6월 25일 13시,수요일,충청남도 아산시 둔포면,중상사고,0,1,0,0,차대차 - 추돌 - 진행중,안전운전불이행,건조,맑음,단일로 - 기타,화물,남,81세,중상,승용,남,32세,상해없음
2014062500100317,2014년 6월 25일 14시,수요일,충청남도 천안시 서북구 불당동,경상사고,0,0,1,0,차대차 - 측면직각충돌,신호위반,건조,맑음,교차로 - 교차로안,승용,여,22세,상해없음,승용,남,49세,경상
2014062500100380,2014년 6월 25일 16시,수요일,충청남도 부여군 규암면,중상사고,0,2,0,0,차대차 - 기타,안전운전불이행,건조,맑음,기타 - 기타,승용,남,27세,상해없음,자전거,남,8세,중상
2014062500100414,2014년 6월 25일 17시,수요일,충청남도 서산시 동문동,부상신고사고,0,0,0,1,차대차 - 기타,안전운전불이행,건조,맑음,단일로 - 기타,자전거,남,12세,부상신고,특수,남,44세,상해없음
2014062500100415,2014년 6월 25일 17시,수요일,충청남도 금산군 금산읍,경상사고,0,0,2,0,차대차 - 추돌 - 주정차중,안전운전불이행,건조,맑음,교차로 - 교차로부근,승용,여,57세,경상,승용,남,49세,상해없음
2014062500100450,2014년 6월 25일 18시,수요일,충청남도 논산시 강경읍,경상사고,0,0,1,0,차대사람 - 기타,안전운전불이행,건조,맑음,단일로 - 기타,승용,여,52세,기타불명,보행자,남,6세,경상
2014062500100488,2014년 6월 25일 19시,수요일,충청남도 공주시 신관동,중상사고,0,1,0,0,차대차 - 기타,신호위반,건조,맑음,교차로 - 교차로안,승용,여,26세,기타불명,승용,여,53세,중상
2014062500100489,2014년 6월 25일 19시,수요일,충청남도 예산군 신암면,경상사고,0,0,1,0,차대차 - 기타,안전운전불이행,건조,맑음,교차로 - 교차로안,이륜,남,77세,경상,승용,남,46세,상해없음
2014062500100520,2014년 6월 25일 20시,수요일,충청남도 논산시 강산동,중상사고,0,1,1,0,차대차 - 측면직각충돌,안전운전불이행,건조,맑음,교차로 - 교차로부근,원동기,남,53세,중상,승용,여,45세,경상
2014062500100521,2014년 6월 25일 20시,수요일,충청남도 예산군 예산읍,중상사고,0,1,0,0,차대사람 - 횡단중,안전운전불이행,건조,맑음,교차로 - 교차로안,승용,여,52세,상해없음,보행자,남,28세,중상
2014062500100559,2014년 6월 25일 21시,수요일,충청남도 논산시 강산동,경상사고,0,0,1,0,차대사람 - 횡단중,보행자보호의무위반,건조,맑음,단일로 - 기타,원동기,남,16세,상해없음,보행자,여,20세,경상
2014062500100560,2014년 6월 25일 21시,수요일,충청남도 보령시 동대동,경상사고,0,0,1,0,차대차 - 기타,안전운전불이행,건조,맑음,교차로 - 교차로부근,승용,남,48세,상해없음,승용,여,41세,경상
2014062500100561,2014년 6월 25일 21시,수요일,충청남도 천안시 동남구 신부동,부상신고사고,0,0,0,1,차대차 - 기타,안전운전불이행,건조,맑음,단일로 - 기타,승용,남,44세,상해없음,승용,남,25세,부상신고
2014062500100592,2014년 6월 25일 22시,수요일,충청남도 금산군 금산읍,경상사고,0,0,1,0,차대차 - 측면직각충돌,안전운전불이행,건조,맑음,교차로 - 교차로부근,승용,남,23세,상해없음,승용,여,32세,상해없음
2014062500100618,2014년 6월 25일 23시,수요일,충청남도 서산시 수석동,중상사고,0,1,0,0,차대차 - 기타,신호위반,건조,맑음,교차로 - 교차로안,승용,남,22세,기타불명,승용,여,41세,중상
2014062500100621,2014년 6월 25일 23시,수요일,충청남도 예산군 예산읍,경상사고,0,0,2,0,차대차 - 정면충돌,중앙선침범,건조,맑음,단일로 - 기타,승용,여,59세,경상,승용,남,56세,경상
2014062600100014,2014년 6월 26일 00시,목요일,충청남도 아산시 배방읍,중상사고,0,1,0,0,차대차 - 측면직각충돌,교차로운행방법위반,건조,맑음,교차로 - 교차로안,화물,남,63세,상해없음,자전거,남,19세,중상
2014062600100028,2014년 6월 26일 01시,목요일,충청남도 보령시 명천동,경상사고,0,0,1,0,차대차 - 기타,신호위반,건조,맑음,교차로 - 교차로안,승용,남,40세,상해없음,승용,남,47세,경상
2014062600100047,2014년 6월 26일 03시,목요일,충청남도 논산시 부적면,중상사고,0,2,1,0,차량단독 - 공작물충돌,안전운전불이행,건조,맑음,교차로 - 교차로안,승용,남,27세,중상,,,,
2014062600100084,2014년 6월 26일 07시,목요일,충청남도 공주시 봉황동,부상신고사고,0,0,0,1,차대차 - 기타,신호위반,건조,맑음,단일로 - 기타,자전거,남,65세,부상신고,승용,여,26세,상해없음
2014062600100118,2014년 6월 26일 08시,목요일,충청남도 홍성군 금마면,중상사고,0,1,0,0,차대차 - 측면직각충돌,안전운전불이행,건조,맑음,단일로 - 기타,승용,남,78세,상해없음,이륜,남,68세,중상
2014062600100239,2014년 6월 26일 12시,목요일,충청남도 당진시 송악읍,경상사고,0,0,1,0,차대차 - 기타,안전운전불이행,건조,맑음,단일로 - 기타,승용,남,43세,상해없음,화물,남,48세,경상
2014062600100259,2014년 6월 26일 13시,목요일,충청남도 아산시 온천동,사망사고,1,0,0,0,차대차 - 측면직각충돌,안전운전불이행,건조,맑음,교차로 - 교차로안,승용,여,53세,상해없음,원동기,남,77세,사망
2014062600100296,2014년 6월 26일 14시,목요일,충청남도 천안시 서북구 불당동,중상사고,0,1,0,0,차대사람 - 횡단중,보행자보호의무위반,건조,맑음,단일로 - 횡단보도상,승용,남,63세,상해없음,보행자,여,10세,중상
2014062600100297,2014년 6월 26일 14시,목요일,충청남도 서천군 종천면,중상사고,0,2,1,0,차대차 - 기타,신호위반,건조,맑음,교차로 - 교차로안,화물,남,56세,상해없음,승합,남,68세,경상
2014062600100318,2014년 6월 26일 15시,목요일,충청남도 공주시 신풍면,중상사고,0,2,1,0,차대차 - 기타,안전거리미확보,건조,맑음,단일로 - 기타,승용,여,57세,중상,화물,남,40세,경상
2014062600100398,2014년 6월 26일 17시,목요일,충청남도 홍성군 홍성읍,경상사고,0,0,1,0,차대사람 - 횡단중,보행자보호의무위반,건조,맑음,교차로 - 교차로부근,승용,여,61세,기타불명,보행자,여,17세,경상
2014062600100447,2014년 6월 26일 18시,목요일,충청남도 보령시 대천동,중상사고,0,1,0,0,차대사람 - 차도통행중,안전운전불이행,건조,맑음,단일로 - 기타,승용,여,56세,상해없음,보행자,여,4세,중상
2014062600100547,2014년 6월 26일 21시,목요일,충청남도 홍성군 홍성읍,경상사고,0,0,2,0,차대차 - 추돌 - 주정차중,안전운전불이행,건조,맑음,교차로 - 교차로부근,승용,남,31세,상해없음,승용,남,35세,경상
2014062600100601,2014년 6월 26일 23시,목요일,충청남도 아산시 탕정면,경상사고,0,0,1,0,차대차 - 측면직각충돌,중앙선침범,건조,맑음,단일로 - 기타,승용,남,53세,상해없음,이륜,남,38세,경상
2014062700100025,2014년 6월 27일 01시,금요일,충청남도 천안시 동남구 신방동,경상사고,0,0,1,0,차대차 - 기타,안전운전불이행,건조,맑음,단일로 - 기타,승용,남,37세,상해없음,승합,남,40세,경상
2014062700100093,2014년 6월 27일 07시,금요일,충청남도 예산군 예산읍,경상사고,0,0,4,0,차대차 - 기타,직진우회전진행방해,건조,맑음,교차로 - 교차로안,승용,여,38세,경상,승용,여,39세,경상
2014062700100141,2014년 6월 27일 08시,금요일,충청남도 서산시 석림동,경상사고,0,0,1,0,차대차 - 기타,직진우회전진행방해,건조,맑음,교차로 - 교차로안,승용,여,24세,상해없음,승용,남,55세,경상
2014062700100142,2014년 6월 27일 08시,금요일,충청남도 천안시 서북구 백석동,경상사고,0,0,1,0,차대차 - 기타,안전운전불이행,건조,맑음,교차로 - 교차로안,승용,여,33세,상해없음,승용,남,28세,경상
2014062700100144,2014년 6월 27일 08시,금요일,충청남도 당진시 신평면,중상사고,0,1,0,0,차대사람 - 기타,안전운전불이행,건조,맑음,교차로 - 교차로부근,화물,남,66세,상해없음,보행자,남,71세,중상
2014062700100196,2014년 6월 27일 10시,금요일,충청남도 천안시 서북구 성거읍,경상사고,0,0,2,0,차대차 - 추돌 - 주정차중,안전운전불이행,건조,맑음,교차로 - 교차로부근,승용,남,34세,상해없음,화물,남,27세,경상
2014062700100197,2014년 6월 27일 10시,금요일,충청남도 서천군 종천면,경상사고,0,0,1,1,차대차 - 기타,중앙선침범,건조,맑음,단일로 - 기타,승용,남,69세,부상신고,화물,남,20세,경상
2014062700100198,2014년 6월 27일 10시,금요일,충청남도 금산군 금산읍,중상사고,0,1,0,0,차대차 - 측면직각충돌,신호위반,건조,맑음,교차로 - 교차로안,승용,남,79세,상해없음,화물,남,35세,상해없음
2014062700100199,2014년 6월 27일 10시,금요일,충청남도 천안시 동남구 목천읍,사망사고,1,0,1,0,차대차 - 추돌 - 진행중,안전운전불이행,건조,맑음,교차로 - 교차로안,승용,남,32세,상해없음,승용,여,36세,경상
2014062700100226,2014년 6월 27일 11시,금요일,충청남도 서산시 해미면,중상사고,0,1,0,0,차대차 - 측면직각충돌,안전운전불이행,건조,맑음,단일로 - 기타,이륜,남,69세,중상,승합,남,45세,상해없음
2014062700100227,2014년 6월 27일 11시,금요일,충청남도 태안군 안면읍,경상사고,0,0,1,0,차대차 - 추돌 - 진행중,안전운전불이행,건조,맑음,단일로 - 기타,화물,남,23세,상해없음,승용,남,36세,경상
2014062700100294,2014년 6월 27일 14시,금요일,충청남도 천안시 서북구 쌍용동,경상사고,0,0,1,0,차대사람 - 기타,교차로운행방법위반,건조,맑음,교차로 - 교차로안,승용,남,29세,상해없음,보행자,여,55세,경상