사고번호,사고일시,요일,시군구,사고내용,사망자수,중상자수,경상자수,부상신고자수,사고유형,법규위반,노면상태,기상상태,도로형태,가해운전자 차종,가해운전자 성별,가해운전자 연령,가해운전자 상해정도,피해운전자 차종,피해운전자 성별,피해운전자 연령,피해운전자 상해정도
2014070800100306,2014년 7월 8일 13시,화요일,충청남도 천안시 서북구 성정동,경상사고,0,0,1,0,차대차 - 추돌 - 주정차중,안전운전불이행,건조,맑음,단일로 - 기타,승용,여,51세,상해없음,승용,남,35세,경상
2014070800100307,2014년 7월 8일 13시,화요일,충청남도 아산시 도고면,경상사고,0,0,5,0,차대차 - 측면직각충돌,신호위반,건조,맑음,교차로 - 교차로안,건설기계,남,42세,상해없음,승합,남,53세,경상
2014070800100308,2014년 7월 8일 13시,화요일,충청남도 당진시 신평면,중상사고,0,2,1,0,차대차 - 기타,안전운전불이행,건조,맑음,교차로 - 교차로부근,화물,남,72세,중상,화물,남,31세,상해없음
2014070800100309,2014년 7월 8일 13시,화요일,충청남도 청양군 청양읍,중상사고,0,1,0,0,차대차 - 기타,직진우회전진행방해,건조,맑음,교차로 - 교차로안,승용,남,24세,상해없음,자전거,여,57세,중상
2014070800100335,2014년 7월 8일 14시,화요일,충청남도 보령시 동대동,중상사고,0,1,0,0,차대사람 - 횡단중,안전운전불이행,건조,맑음,단일로 - 기타,이륜,남,19세,상해없음,보행자,여,54세,중상
2014070800100336,2014년 7월 8일 14시,화요일,충청남도 당진시 수청리,경상사고,0,0,2,0,차대차 - 측면직각충돌,교차로운행방법위반,건조,맑음,교차로 - 교차로부근,승용,여,52세,상해없음,승용,여,67세,경상
2014070800100384,2014년 7월 8일 15시,화요일,충청남도 홍성군 홍성읍,경상사고,0,0,1,0,차대차 - 측면직각충돌,신호위반,건조,맑음,교차로 - 교차로안,승용,남,41세,상해없음,화물,남,23세,경상
2014070800100424,2014년 7월 8일 16시,화요일,충청남도 홍성군 홍성읍,중상사고,0,1,0,0,차대사람 - 횡단중,보행자보호의무위반,건조,맑음,단일로 - 횡단보도상,승용,남,34세,상해없음,보행자,여,70세,중상
2014070800100425,2014년 7월 8일 16시,화요일,충청남도 아산시 인주면,부상신고사고,0,0,0,1,차대차 - 추돌 - 주정차중,안전운전불이행,건조,맑음,교차로 - 교차로부근,화물,남,21세,부상신고,화물,남,40세,상해없음
2014070800100457,2014년 7월 8일 17시,화요일,충청남도 당진시 송악읍,경상사고,0,0,1,0,차대사람 - 기타,안전운전불이행,건조,맑음,단일로 - 기타,승용,여,37세,상해없음,보행자,남,7세,경상
2014070800100497,2014년 7월 8일 18시,화요일,충청남도 천안시 서북구 쌍용동,경상사고,0,0,1,0,차대차 - 기타,안전운전불이행,건조,맑음,단일로 - 기타,승용,남,50세,기타불명,승용,여,50세,경상
2014070800100535,2014년 7월 8일 19시,화요일,충청남도 금산군 복수면,중상사고,0,1,0,0,차량단독 - 공작물충돌,안전운전불이행,습기,흐림,교차로 - 교차로부근,승용,여,46세,중상,,,,
2014070800100573,2014년 7월 8일 20시,화요일,충청남도 서산시 예천동,경상사고,0,0,1,0,차대차 - 측면직각충돌,안전운전불이행,습기,비,단일로 - 기타,승용,여,46세,상해없음,이륜,남,17세,경상
2014070800100574,2014년 7월 8일 20시,화요일,충청남도 보령시 동대동,중상사고,0,1,0,0,차대사람 - 횡단중,보행자보호의무위반,습기,비,교차로 - 교차로안,승용,남,47세,상해없음,보행자,여,79세,중상
2014070800100575,2014년 7월 8일 20시,화요일,충청남도 당진시 석문면,경상사고,0,0,1,0,차대차 - 기타,안전운전불이행,습기,흐림,기타 - 기타,승용,남,41세,상해없음,승용,여,56세,경상
2014070800100629,2014년 7월 8일 22시,화요일,충청남도 천안시 서북구 직산읍,중상사고,0,1,1,0,차대차 - 기타,신호위반,건조,맑음,교차로 - 교차로안,원동기,남,47세,상해없음,승용,남,36세,경상
2014070800100630,2014년 7월 8일 22시,화요일,충청남도 천안시 서북구 백석동,경상사고,0,0,1,0,차대차 - 기타,안전운전불이행,습기,비,단일로 - 기타,승용,남,33세,상해없음,승용,남,28세,경상
2014070800100631,2014년 7월 8일 22시,화요일,충청남도 공주시 반포면,경상사고,0,0,1,0,차대사람 - 횡단중,안전운전불이행,습기,비,단일로 - 기타,승용,남,44세,상해없음,보행자,남,41세,경상
2014070800100659,2014년 7월 8일 23시,화요일,충청남도 천안시 서북구 쌍용동,경상사고,0,0,1,0,차대차 - 측면직각충돌,교차로운행방법위반,습기,비,교차로 - 교차로안,승용,여,45세,상해없음,원동기,남,40세,경상
2014070800100660,2014년 7월 8일 23시,화요일,충청남도 홍성군 홍성읍,경상사고,0,0,1,0,차대사람 - 횡단중,안전운전불이행,습기,비,단일로 - 기타,이륜,남,20세,상해없음,보행자,남,52세,경상
2014070900100019,2014년 7월 9일 00시,수요일,충청남도 아산시 득산동,경상사고,0,0,1,0,차대차 - 정면충돌,중앙선침범,습기,비,단일로 - 기타,승용,남,51세,상해없음,승용,여,50세,경상
2014070900100020,2014년 7월 9일 00시,수요일,충청남도 천안시 동남구 신부동,경상사고,0,0,2,0,차대차 - 기타,안전운전불이행,건조,맑음,교차로 - 교차로부근,승용,남,32세,상해없음,승용,남,48세,경상
2014070900100157,2014년 7월 9일 09시,수요일,충청남도 천안시 서북구 쌍용동,경상사고,0,0,2,0,차대차 - 기타,안전운전불이행,건조,맑음,교차로 - 교차로부근,승용,남,25세,상해없음,승용,남,59세,경상
2014070900100181,2014년 7월 9일 10시,수요일,충청남도 금산군 금산읍,경상사고,0,0,2,0,차대차 - 기타,직진우회전진행방해,습기,비,교차로 - 교차로안,승용,여,31세,경상,승용,남,49세,경상
2014070900100218,2014년 7월 9일 11시,수요일,충청남도 논산시 화지동,중상사고,0,1,0,0,차대사람 - 횡단중,안전운전불이행,습기,비,단일로 - 기타,승용,남,42세,상해없음,보행자,여,58세,중상
2014070900100247,2014년 7월 9일 12시,수요일,충청남도 보령시 대천동,경상사고,0,0,2,0,차대차 - 측면직각충돌,교차로운행방법위반,습기,비,교차로 - 교차로안,화물,남,63세,경상,승용,남,50세,경상
2014070900100270,2014년 7월 9일 13시,수요일,충청남도 청양군 청양읍,경상사고,0,0,3,0,차대차 - 측면직각충돌,직진우회전진행방해,습기,비,교차로 - 교차로안,승용,남,26세,상해없음,승용,여,64세,경상
2014070900100306,2014년 7월 9일 14시,수요일,충청남도 계룡시 엄사면,경상사고,0,0,1,0,차대사람 - 횡단중,보행자보호의무위반,습기,비,교차로 - 교차로부근,승용,기타불명,기타불명,기타불명,보행자,여,10세,경상
2014070900100307,2014년 7월 9일 14시,수요일,충청남도 청양군 청양읍,중상사고,0,1,0,0,차대차 - 측면직각충돌,중앙선침범,습기,흐림,단일로 - 기타,승용,남,43세,상해없음,승용,남,45세,중상
2014070900100415,2014년 7월 9일 17시,수요일,충청남도 서산시 성연면,중상사고,0,1,1,0,차대차 - 기타,차로위반,습기,맑음,단일로 - 기타,승용,남,34세,경상,승합,남,55세,상해없음
2014070900100416,2014년 7월 9일 17시,수요일,충청남도 당진시 송산면,사망사고,1,0,0,0,차대사람 - 차도통행중,안전운전불이행,건조,맑음,단일로 - 기타,화물,남,58세,상해없음,보행자,여,67세,사망
2014070900100456,2014년 7월 9일 18시,수요일,충청남도 논산시 채운면,중상사고,0,1,1,0,차대차 - 측면직각충돌,안전운전불이행,건조,맑음,교차로 - 교차로안,승용,여,57세,상해없음,승용,여,47세,중상
2014070900100533,2014년 7월 9일 20시,수요일,충청남도 천안시 동남구 다가동,경상사고,0,0,1,0,차대차 - 추돌 - 진행중,안전운전불이행,건조,맑음,단일로 - 기타,승용,여,58세,상해없음,승합,남,51세,경상
2014070900100571,2014년 7월 9일 21시,수요일,충청남도 천안시 서북구 성환읍,중상사고,0,1,0,0,차대사람 - 횡단중,보행자보호의무위반,건조,맑음,교차로 - 교차로부근,승용,남,43세,상해없음,보행자,남,59세,중상
2014070900100572,2014년 7월 9일 21시,수요일,충청남도 아산시 실옥동,중상사고,0,1,0,0,차대사람 - 기타,안전운전불이행,건조,맑음,단일로 - 기타,승용,남,47세,상해없음,보행자,남,68세,중상
2014070900100595,2014년 7월 9일 22시,수요일,충청남도 서천군 장항읍,경상사고,0,0,1,0,차대차 - 기타,불법유턴,건조,맑음,단일로 - 기타,특수,남,50세,상해없음,화물,남,43세,경상
2014070900100596,2014년 7월 9일 22시,수요일,충청남도 천안시 동남구 성남면,경상사고,0,0,1,0,차대사람 - 길가장자리구역통행중,안전운전불이행,건조,맑음,단일로 - 기타,화물,여,27세,상해없음,보행자,남,60세,경상
2014071000100066,2014년 7월 10일 03시,목요일,충청남도 서산시 읍내동,경상사고,0,0,1,0,차대차 - 측면직각충돌,중앙선침범,건조,맑음,교차로 - 교차로안,승용,남,34세,상해없음,승용,여,52세,경상
2014071000100071,2014년 7월 10일 04시,목요일,충청남도 천안시 서북구 백석동,경상사고,0,0,2,0,차대차 - 측면직각충돌,신호위반,건조,기타,교차로 - 교차로안,승용,여,54세,상해없음,승용,남,67세,경상
2014071000100072,2014년 7월 10일 04시,목요일,충청남도 서천군 장항읍,중상사고,0,1,0,0,차량단독 - 공작물충돌,안전운전불이행,건조,맑음,단일로 - 기타,승용,남,21세,중상,,,,
2014071000100095,2014년 7월 10일 06시,목요일,충청남도 천안시 서북구 성정동,경상사고,0,0,1,0,차대차 - 기타,안전운전불이행,건조,맑음,단일로 - 기타,승합,남,21세,기타불명,승용,여,35세,경상
2014071000100157,2014년 7월 10일 08시,목요일,충청남도 천안시 서북구 불당동,경상사고,0,0,1,0,차대차 - 측면직각충돌,신호위반,건조,맑음,교차로 - 교차로부근,승용,여,40세,기타불명,승용,여,36세,경상
2014071000100158,2014년 7월 10일 08시,목요일,충청남도 아산시 신창면,중상사고,0,1,0,0,차대사람 - 기타,안전운전불이행,건조,맑음,교차로 - 교차로부근,화물,남,53세,상해없음,보행자,남,59세,중상
2014071000100159,2014년 7월 10일 08시,목요일,충청남도 금산군 금산읍,중상사고,0,1,0,0,차대차 - 측면직각충돌,교차로운행방법위반,건조,맑음,교차로 - 교차로안,승용,여,41세,상해없음,이륜,남,68세,중상
2014071000100160,2014년 7월 10일 08시,목요일,충청남도 천안시 동남구 목천읍,중상사고,0,1,0,0,차대사람 - 기타,안전운전불이행,건조,맑음,단일로 - 기타,승용,여,70세,상해없음,보행자,남,70세,중상
2014071000100198,2014년 7월 10일 09시,목요일,충청남도 태안군 안면읍,경상사고,0,0,2,0,차대차 - 추돌 - 주정차중,안전운전불이행,건조,맑음,기타 - 기타,화물,남,61세,상해없음,승용,남,66세,경상
2014071000100199,2014년 7월 10일 09시,목요일,충청남도 홍성군 홍성읍,중상사고,0,1,0,0,차대차 - 측면직각충돌,차로위반,건조,맑음,교차로 - 교차로안,화물,남,52세,상해없음,이륜,남,77세,중상
2014071000100200,2014년 7월 10일 09시,목요일,충청남도 당진시 읍내리,중상사고,0,1,0,0,차대차 - 기타,보행자보호의무위반,건조,맑음,교차로 - 교차로부근,화물,기타불명,기타불명,기타불명,화물,남,57세,상해없음
2014071000100233,2014년 7월 10일 10시,목요일,충청남도 논산시 부적면,중상사고,0,2,0,0,차대차 - 추돌 - 주정차중,안전운전불이행,건조,맑음,교차로 - 교차로안,승용,남,64세,상해없음,승용,여,49세,중상
2014071000100234,2014년 7월 10일 10시,목요일,충청남도 서천군 서천읍,중상사고,0,9,10,0,차대차 - 측면직각충돌,신호위반,건조,맑음,교차로 - 교차로안,화물,남,56세,경상,승합,남,60세,경상
2014071000100235,2014년 7월 10일 10시,목요일,충청남도 보령시 청라면,중상사고,0,2,3,0,차대차 - 기타,안전운전불이행,건조,맑음,단일로 - 기타,화물,남,54세,상해없음,화물,남,43세,경상
2014071000100236,2014년 7월 10일 10시,목요일,충청남도 부여군 부여읍,중상사고,0,1,1,0,차대차 - 측면직각충돌,교차로운행방법위반,건조,맑음,교차로 - 교차로안,이륜,여,60세,경상,승용,여,32세,중상
2014071000100263,2014년 7월 10일 11시,목요일,충청남도 공주시 금흥동,중상사고,0,1,0,0,차대차 - 기타,중앙선침범,건조,맑음,단일로 - 기타,화물,남,55세,기타불명,승용,여,48세,중상
2014071000100308,2014년 7월 10일 13시,목요일,충청남도 서산시 인지면,경상사고,0,0,1,0,차대차 - 추돌 - 주정차중,안전운전불이행,건조,맑음,단일로 - 기타,승용,여,63세,상해없음,승용,여,51세,경상
2014071000100309,2014년 7월 10일 13시,목요일,충청남도 천안시 서북구 성정동,중상사고,0,1,1,0,차대차 - 측면직각충돌,교차로운행방법위반,건조,맑음,교차로 - 교차로안,승용,남,32세,경상,승용,남,33세,중상
2014071000100310,2014년 7월 10일 13시,목요일,충청남도 부여군 부여읍,경상사고,0,0,1,0,차대차 - 측면직각충돌,안전운전불이행,건조,맑음,단일로 - 횡단보도부근,화물,남,64세,상해없음,자전거,남,78세,경상
2014071000100400,2014년 7월 10일 16시,목요일,충청남도 홍성군 홍성읍,경상사고,0,0,1,0,차대차 - 기타,교차로운행방법위반,건조,맑음,교차로 - 교차로안,승용,남,46세,상해없음,승용,여,35세,경상
2014071000100401,2014년 7월 10일 16시,목요일,충청남도 공주시 신관동,중상사고,0,1,1,0,차대차 - 측면직각충돌,직진우회전진행방해,건조,맑음,교차로 - 교차로안,승용,남,45세,경상,승용,남,21세,중상
2014071000100402,2014년 7월 10일 16시,목요일,충청남도 당진시 대덕리,중상사고,0,1,0,0,차대사람 - 기타,신호위반,건조,맑음,교차로 - 교차로안,승용,남,23세,상해없음,보행자,남,7세,중상
2014071000100403,2014년 7월 10일 16시,목요일,충청남도 천안시 동남구 청당동,경상사고,0,0,2,0,차대차 - 기타,안전운전불이행,건조,맑음,단일로 - 기타,화물,남,56세,상해없음,승용,여,33세,경상
2014071000100441,2014년 7월 10일 17시,목요일,충청남도 아산시 실옥동,경상사고,0,0,2,0,차대사람 - 횡단중,안전운전불이행,건조,맑음,기타 - 기타,승합,여,51세,상해없음,보행자,여,11세,경상
2014071000100491,2014년 7월 10일 18시,목요일,충청남도 예산군 예산읍,중상사고,0,1,0,0,차대차 - 측면직각충돌,안전운전불이행,건조,맑음,단일로 - 기타,승용,남,32세,상해없음,화물,남,29세,중상
2014071000100537,2014년 7월 10일 19시,목요일,충청남도 홍성군 홍성읍,중상사고,0,2,0,0,차대차 - 측면직각충돌,교차로운행방법위반,건조,맑음,교차로 - 교차로안,승용,남,24세,상해없음,이륜,남,62세,중상
2014071000100539,2014년 7월 10일 19시,목요일,충청남도 당진시 읍내리,경상사고,0,0,3,0,차대차 - 기타,신호위반,건조,맑음,교차로 - 교차로안,승용,남,31세,상해없음,승용,남,23세,경상
2014071000100609,2014년 7월 10일 21시,목요일,충청남도 서산시 예천동,부상신고사고,0,0,0,1,차대차 - 측면직각충돌,신호위반,건조,맑음,교차로 - 교차로안,이륜,남,19세,부상신고,승용,남,41세,상해없음
2014071000100610,2014년 7월 10일 21시,목요일,충청남도 아산시 권곡동,중상사고,0,1,0,0,차대사람 - 횡단중,신호위반,건조,맑음,교차로 - 교차로부근,승용,남,32세,상해없음,보행자,남,20세,중상
2014071000100611,2014년 7월 10일 21시,목요일,충청남도 천안시 동남구 신방동,경상사고,0,0,1,0,차대차 - 기타,중앙선침범,건조,맑음,단일로 - 기타,승용,여,45세,상해없음,이륜,남,35세,경상
2014071000100612,2014년 7월 10일 21시,목요일,충청남도 천안시 동남구 목천읍,경상사고,0,0,2,0,차대차 - 추돌 - 진행중,안전운전불이행,건조,맑음,단일로 - 기타,승용,남,35세,상해없음,승용,남,41세,경상
2014071000100613,2014년 7월 10일 21시,목요일,충청남도 천안시 동남구 신부동,경상사고,0,0,1,0,차대사람 - 기타,안전운전불이행,건조,맑음,단일로 - 기타,승합,남,50세,상해없음,보행자,여,54세,경상
2014071000100640,2014년 7월 10일 22시,목요일,충청남도 서산시 석남동,경상사고,0,0,1,0,차대사람 - 차도통행중,안전운전불이행,건조,맑음,단일로 - 기타,승용,남,41세,상해없음,보행자,여,49세,경상
2014071100100055,2014년 7월 11일 03시,금요일,충청남도 홍성군 홍성읍,경상사고,0,0,1,0,차대차 - 측면직각충돌,교차로운행방법위반,건조,맑음,교차로 - 교차로안,승용,기타불명,기타불명,기타불명,승용,남,40세,경상
2014071100100063,2014년 7월 11일 04시,금요일,충청남도 천안시 동남구 원성동,부상신고사고,0,0,0,1,차대사람 - 기타,안전운전불이행,건조,맑음,단일로 - 기타,기타불명,기타불명,기타불명,기타불명,보행자,남,40세,부상신고
2014071100100076,2014년 7월 11일 05시,금요일,충청남도 천안시 서북구 성정동,중상사고,0,1,0,0,차대차 - 기타,신호위반,건조,맑음,교차로 - 교차로안,승합,남,49세,상해없음,원동기,남,35세,중상
2014071100100146,2014년 7월 11일 08시,금요일,충청남도 보령시 신흑동,사망사고,1,0,1,0,차량단독 - 공작물충돌,안전운전불이행,건조,맑음,단일로 - 횡단보도부근,화물,남,77세,사망,,,,
2014071100100179,2014년 7월 11일 09시,금요일,충청남도 부여군 부여읍,중상사고,0,1,0,0,차대차 - 기타,직진우회전진행방해,건조,맑음,교차로 - 교차로안,승용,여,28세,상해없음,이륜,남,81세,중상
2014071100100180,2014년 7월 11일 09시,금요일,충청남도 청양군 비봉면,중상사고,0,1,0,0,차대사람 - 차도통행중,안전운전불이행,건조,맑음,단일로 - 기타,화물,남,57세,상해없음,보행자,남,80세,중상
2014071100100214,2014년 7월 11일 10시,금요일,충청남도 보령시 웅천읍,중상사고,0,1,0,0,차대사람 - 차도통행중,안전운전불이행,건조,맑음,단일로 - 기타,화물,남,73세,상해없음,보행자,여,78세,중상
2014071100100249,2014년 7월 11일 11시,금요일,충청남도 예산군 오가면,경상사고,0,0,1,0,차대차 - 기타,직진우회전진행방해,건조,맑음,교차로 - 교차로안,승용,여,57세,상해없음,승용,남,51세,경상
2014071100100279,2014년 7월 11일 12시,금요일,충청남도 서산시 음암면,중상사고,0,4,1,0,차대차 - 추돌 - 진행중,안전운전불이행,건조,맑음,단일로 - 기타,승용,남,41세,상해없음,승용,여,46세,중상
2014071100100280,2014년 7월 11일 12시,금요일,충청남도 서산시 운산면,중상사고,0,1,0,0,차량단독 - 공작물충돌,안전운전불이행,건조,맑음,단일로 - 기타,화물,여,73세,중상,,,,
2014071100100281,2014년 7월 11일 12시,금요일,충청남도 아산시 실옥동,경상사고,0,0,1,0,차대차 - 측면직각충돌,중앙선침범,건조,맑음,교차로 - 교차로부근,기타불명,기타불명,기타불명,기타불명,승용,여,66세,경상
2014071100100303,2014년 7월 11일 13시,금요일,충청남도 논산시 강경읍,경상사고,0,0,1,0,차대사람 - 기타,안전운전불이행,건조,맑음,단일로 - 기타,승용,남,71세,상해없음,보행자,남,49세,경상
2014071100100304,2014년 7월 11일 13시,금요일,충청남도 예산군 응봉면,중상사고,0,1,2,0,차대차 - 기타,안전운전불이행,건조,맑음,단일로 - 기타,승용,남,75세,경상,승용,남,80세,경상
2014071100100346,2014년 7월 11일 14시,금요일,충청남도 천안시 서북구 백석동,중상사고,0,18,1,14,차대차 - 기타,안전운전불이행,건조,맑음,단일로 - 기타,건설기계,남,62세,상해없음,승합,남,43세,상해없음
2014071100100347,2014년 7월 11일 14시,금요일,충청남도 천안시 서북구 쌍용동,중상사고,0,1,0,0,차대차 - 기타,안전운전불이행,건조,맑음,단일로 - 기타,승용,남,33세,상해없음,원동기,남,29세,중상
2014071100100348,2014년 7월 11일 14시,금요일,충청남도 천안시 동남구 병천면,중상사고,0,1,0,0,차대사람 - 기타,안전운전불이행,건조,맑음,교차로 - 교차로부근,승용,여,45세,상해없음,보행자,남,72세,중상
2014071100100384,2014년 7월 11일 15시,금요일,충청남도 논산시 내동,중상사고,0,1,0,0,차대사람 - 길가장자리구역통행중,기타,건조,맑음,단일로 - 기타,승용,여,49세,상해없음,보행자,여,6세,중상
2014071100100414,2014년 7월 11일 16시,금요일,충청남도 예산군 예산읍,경상사고,0,0,1,0,차대차 - 기타,불법유턴,건조,맑음,단일로 - 기타,승용,남,45세,상해없음,원동기,남,79세,경상
2014071100100415,2014년 7월 11일 16시,금요일,충청남도 천안시 동남구 풍세면,경상사고,0,0,2,0,차대차 - 기타,안전운전불이행,건조,맑음,단일로 - 기타,승용,남,29세,상해없음,승용,남,53세,경상
2014071100100468,2014년 7월 11일 17시,금요일,충청남도 계룡시 두마면,사망사고,1,0,0,0,차대사람 - 횡단중,안전운전불이행,건조,맑음,교차로 - 교차로부근,승용,여,39세,상해없음,보행자,남,8세,사망
2014071100100469,2014년 7월 11일 17시,금요일,충청남도 홍성군 금마면,경상사고,0,0,1,0,차대차 - 기타,안전운전불이행,건조,맑음,단일로 - 기타,승용,남,48세,상해없음,승용,남,62세,경상
2014071100100470,2014년 7월 11일 17시,금요일,충청남도 보령시 명천동,경상사고,0,0,4,0,차대차 - 추돌 - 진행중,신호위반,건조,맑음,교차로 - 교차로안,승용,여,45세,경상,승용,여,52세,경상
2014071100100471,2014년 7월 11일 17시,금요일,충청남도 금산군 추부면,중상사고,0,1,0,0,차대차 - 기타,안전운전불이행,건조,맑음,단일로 - 기타,승용,남,24세,상해없음,이륜,남,73세,중상
2014071100100525,2014년 7월 11일 18시,금요일,충청남도 서산시 대산읍,중상사고,0,1,0,0,차대사람 - 횡단중,보행자보호의무위반,건조,맑음,교차로 - 교차로안,승용,남,51세,상해없음,보행자,여,21세,중상
2014071100100526,2014년 7월 11일 18시,금요일,충청남도 천안시 서북구 두정동,중상사고,0,1,0,0,차대차 - 기타,안전거리미확보,건조,맑음,단일로 - 기타,승용,남,61세,상해없음,원동기,남,21세,중상
2014071100100527,2014년 7월 11일 18시,금요일,충청남도 논산시 강경읍,중상사고,0,1,0,0,차대차 - 측면직각충돌,안전운전불이행,건조,맑음,단일로 - 기타,화물,남,20세,상해없음,자전거,남,63세,중상
2014071100100528,2014년 7월 11일 18시,금요일,충청남도 아산시 모종동,중상사고,0,1,0,3,차대차 - 기타,안전운전불이행,건조,맑음,교차로 - 교차로부근,원동기,남,17세,중상,승용,여,33세,부상신고
2014071100100529,2014년 7월 11일 18시,금요일,충청남도 서천군 종천면,중상사고,0,1,0,0,차대차 - 기타,안전거리미확보,건조,맑음,교차로 - 교차로안,원동기,남,64세,중상,승용,남,60세,상해없음
2014071100100571,2014년 7월 11일 19시,금요일,충청남도 아산시 장존동,경상사고,0,0,1,0,차대차 - 추돌 - 주정차중,안전운전불이행,건조,맑음,교차로 - 교차로부근,승용,남,46세,상해없음,승용,여,44세,경상
2014071100100572,2014년 7월 11일 19시,금요일,충청남도 청양군 청양읍,중상사고,0,1,1,2,차대차 - 정면충돌,중앙선침범,건조,맑음,단일로 - 기타,승용,남,72세,상해없음,화물,남,35세,중상
2014071100100619,2014년 7월 11일 20시,금요일,충청남도 천안시 서북구 성거읍,경상사고,0,0,1,0,차대차 - 추돌 - 주정차중,안전운전불이행,건조,맑음,교차로 - 교차로부근,승용,남,29세,상해없음,승용,여,29세,경상
2014071100100620,2014년 7월 11일 20시,금요일,충청남도 천안시 동남구 풍세면,중상사고,0,1,0,0,차대차 - 기타,안전운전불이행,건조,맑음,교차로 - 교차로부근,승용,남,59세,중상,특수,남,45세,상해없음
2014071100100621,2014년 7월 11일 20시,금요일,충청남도 천안시 동남구 목천읍,경상사고,0,0,1,0,차대차 - 기타,안전운전불이행,건조,맑음,단일로 - 기타,승용,여,40세,상해없음,승용,여,53세,경상
2014071100100658,2014년 7월 11일 21시,금요일,충청남도 서산시 성연면,경상사고,0,0,1,0,차대차 - 추돌 - 주정차중,안전운전불이행,건조,맑음,교차로 - 교차로부근,승용,남,33세,상해없음,승용,남,32세,경상
2014071100100703,2014년 7월 11일 22시,금요일,충청남도 천안시 서북구 불당동,경상사고,0,0,1,0,차대차 - 기타,안전운전불이행,건조,맑음,교차로 - 교차로안,승합,남,34세,상해없음,승용,여,43세,경상
2014071100100704,2014년 7월 11일 22시,금요일,충청남도 천안시 서북구 두정동,경상사고,0,0,3,0,차대차 - 기타,안전운전불이행,건조,맑음,단일로 - 기타,승용,남,34세,상해없음,승용,남,36세,경상
2014071100100705,2014년 7월 11일 22시,금요일,충청남도 금산군 복수면,중상사고,0,1,0,0,차대사람 - 횡단중,보행자보호의무위반,건조,맑음,단일로 - 기타,승용,여,65세,상해없음,보행자,남,61세,중상
2014071100100744,2014년 7월 11일 23시,금요일,충청남도 논산시 채운면,중상사고,0,2,0,0,차대사람 - 횡단중,과속,건조,맑음,교차로 - 교차로부근,승용,여,53세,상해없음,보행자,남,81세,중상
2014071100100745,2014년 7월 11일 23시,금요일,충청남도 천안시 동남구 문화동,경상사고,0,0,1,0,차대사람 - 기타,안전운전불이행,건조,맑음,교차로 - 교차로안,승용,남,20세,상해없음,보행자,여,57세,경상
2014071200100018,2014년 7월 12일 00시,토요일,충청남도 천안시 동남구 광덕면,중상사고,0,3,0,0,차대차 - 추돌 - 주정차중,안전운전불이행,건조,맑음,교차로 - 교차로부근,화물,남,48세,상해없음,화물,남,45세,중상
2014071200100061,2014년 7월 12일 02시,토요일,충청남도 서천군 비인면,사망사고,1,1,0,0,차량단독 - 공작물충돌,안전운전불이행,건조,맑음,단일로 - 기타,승합,남,33세,중상,,,,
2014071200100062,2014년 7월 12일 02시,토요일,충청남도 천안시 동남구 목천읍,중상사고,0,2,1,0,차대차 - 기타,안전운전불이행,건조,맑음,교차로 - 교차로부근,승용,남,26세,상해없음,승용,남,27세,중상
2014071200100165,2014년 7월 12일 08시,토요일,충청남도 천안시 동남구 봉명동,중상사고,0,1,0,0,차대차 - 기타,안전운전불이행,건조,맑음,교차로 - 교차로안,승용,남,31세,중상,승합,남,52세,상해없음
2014071200100192,2014년 7월 12일 09시,토요일,충청남도 부여군 임천면,경상사고,0,0,3,0,차대차 - 기타,중앙선침범,건조,맑음,단일로 - 기타,승용,남,68세,상해없음,승용,남,40세,경상
2014071200100226,2014년 7월 12일 10시,토요일,충청남도 공주시 정안면,경상사고,0,0,2,0,차대차 - 추돌 - 진행중,안전운전불이행,건조,맑음,단일로 - 기타,승용,남,20세,상해없음,승용,남,35세,경상
2014071200100257,2014년 7월 12일 11시,토요일,충청남도 천안시 서북구 성환읍,중상사고,0,1,0,0,차대차 - 기타,안전운전불이행,건조,맑음,단일로 - 기타,화물,남,71세,상해없음,이륜,남,36세,중상
2014071200100258,2014년 7월 12일 11시,토요일,충청남도 보령시 신흑동,중상사고,0,1,0,0,차대사람 - 횡단중,안전운전불이행,건조,흐림,단일로 - 기타,승용,여,35세,상해없음,보행자,남,10세,중상
2014071200100259,2014년 7월 12일 11시,토요일,충청남도 보령시 웅천읍,경상사고,0,0,1,0,차대차 - 추돌 - 주정차중,안전운전불이행,건조,흐림,단일로 - 기타,자전거,남,60세,경상,화물,남,54세,기타불명
2014071200100260,2014년 7월 12일 11시,토요일,충청남도 부여군 부여읍,중상사고,0,4,1,0,차량단독 - 기타,안전운전불이행,건조,맑음,단일로 - 기타,승합,남,48세,상해없음,,,,
2014071200100288,2014년 7월 12일 12시,토요일,충청남도 서산시 잠홍동,중상사고,0,1,0,0,차대차 - 측면직각충돌,안전운전불이행,건조,흐림,교차로 - 교차로안,승용,여,53세,상해없음,이륜,남,53세,중상
2014071200100289,2014년 7월 12일 12시,토요일,충청남도 서산시 수석동,경상사고,0,0,1,0,차대차 - 측면직각충돌,신호위반,건조,흐림,교차로 - 교차로안,화물,남,57세,상해없음,승용,남,20세,경상
2014071200100290,2014년 7월 12일 12시,토요일,충청남도 아산시 온천동,경상사고,0,0,1,0,차대차 - 측면직각충돌,안전운전불이행,건조,맑음,단일로 - 기타,승용,남,53세,기타불명,승용,여,23세,경상