사고번호,사고일시,요일,시군구,사고내용,사망자수,중상자수,경상자수,부상신고자수,사고유형,법규위반,노면상태,기상상태,도로형태,가해운전자 차종,가해운전자 성별,가해운전자 연령,가해운전자 상해정도,피해운전자 차종,피해운전자 성별,피해운전자 연령,피해운전자 상해정도
2014071200100322,2014년 7월 12일 13시,토요일,충청남도 천안시 서북구 백석동,중상사고,0,1,3,0,차대차 - 기타,신호위반,건조,맑음,교차로 - 교차로안,승용,남,52세,상해없음,승합,남,41세,경상
2014071200100378,2014년 7월 12일 15시,토요일,충청남도 부여군 규암면,중상사고,0,1,1,0,차대차 - 기타,신호위반,건조,맑음,교차로 - 교차로안,승용,남,36세,상해없음,승용,남,56세,중상
2014071200100431,2014년 7월 12일 17시,토요일,충청남도 당진시 면천면,중상사고,0,1,0,0,차대차 - 정면충돌,안전운전불이행,건조,맑음,단일로 - 기타,이륜,남,71세,중상,화물,남,41세,상해없음
2014071200100455,2014년 7월 12일 18시,토요일,충청남도 천안시 동남구 용곡동,경상사고,0,0,3,0,차대차 - 기타,안전운전불이행,건조,맑음,교차로 - 교차로안,승용,남,64세,상해없음,승용,여,38세,경상
2014071200100517,2014년 7월 12일 20시,토요일,충청남도 천안시 서북구 성정동,중상사고,0,1,0,0,차대차 - 추돌 - 주정차중,안전운전불이행,건조,맑음,교차로 - 교차로부근,승용,남,35세,상해없음,승용,남,27세,중상
2014071200100518,2014년 7월 12일 20시,토요일,충청남도 금산군 추부면,사망사고,1,0,0,0,차대사람 - 횡단중,과속,건조,흐림,교차로 - 교차로부근,승용,남,32세,상해없음,보행자,여,69세,사망
2014071200100549,2014년 7월 12일 21시,토요일,충청남도 천안시 서북구 두정동,사망사고,1,0,0,0,차대사람 - 횡단중,안전운전불이행,건조,흐림,교차로 - 교차로안,승용,여,21세,상해없음,보행자,남,18세,사망
2014071200100550,2014년 7월 12일 21시,토요일,충청남도 천안시 서북구 두정동,경상사고,0,0,1,0,차대차 - 정면충돌,중앙선침범,건조,맑음,단일로 - 기타,승용,남,36세,상해없음,이륜,남,44세,경상
2014071200100552,2014년 7월 12일 21시,토요일,충청남도 천안시 동남구 청수동,경상사고,0,0,1,0,차대차 - 기타,안전운전불이행,건조,맑음,교차로 - 교차로부근,승용,남,52세,상해없음,이륜,남,18세,경상
2014071200100580,2014년 7월 12일 22시,토요일,충청남도 아산시 선장면,사망사고,1,2,0,0,차량단독 - 도로외이탈 - 기타,안전운전불이행,건조,흐림,단일로 - 기타,승용,남,51세,사망,,,,
2014071300100015,2014년 7월 13일 00시,일요일,충청남도 천안시 서북구 성정동,중상사고,0,1,0,0,차대사람 - 길가장자리구역통행중,안전운전불이행,습기,비,단일로 - 기타,화물,남,44세,상해없음,보행자,남,34세,중상
2014071300100016,2014년 7월 13일 00시,일요일,충청남도 천안시 동남구 신부동,경상사고,0,0,3,0,차대차 - 추돌 - 주정차중,안전운전불이행,습기,비,교차로 - 교차로안,승용,남,24세,상해없음,승용,남,52세,경상
2014071300100099,2014년 7월 13일 04시,일요일,충청남도 홍성군 홍성읍,경상사고,0,0,1,0,차대사람 - 기타,보행자보호의무위반,습기,흐림,단일로 - 횡단보도상,승용,남,33세,상해없음,보행자,남,38세,경상
2014071300100139,2014년 7월 13일 07시,일요일,충청남도 홍성군 홍성읍,경상사고,0,0,1,0,차대차 - 기타,교차로운행방법위반,건조,맑음,교차로 - 교차로안,화물,남,44세,상해없음,이륜,남,75세,경상
2014071300100170,2014년 7월 13일 09시,일요일,충청남도 서산시 동문동,경상사고,0,0,1,0,차대차 - 기타,안전운전불이행,건조,맑음,기타 - 기타,자전거,남,13세,경상,승용,여,45세,상해없음
2014071300100193,2014년 7월 13일 10시,일요일,충청남도 논산시 양촌면,중상사고,0,1,1,0,차대차 - 기타,중앙선침범,건조,맑음,단일로 - 기타,기타불명,기타불명,기타불명,기타불명,승용,남,50세,경상
2014071300100194,2014년 7월 13일 10시,일요일,충청남도 아산시 인주면,중상사고,0,1,0,0,차대차 - 측면직각충돌,안전운전불이행,건조,맑음,교차로 - 교차로안,승용,여,54세,상해없음,이륜,남,76세,중상
2014071300100218,2014년 7월 13일 12시,일요일,충청남도 보령시 웅천읍,중상사고,0,1,0,0,차대차 - 정면충돌,중앙선침범,건조,맑음,교차로 - 교차로부근,이륜,남,42세,중상,승합,남,50세,상해없음
2014071300100219,2014년 7월 13일 12시,일요일,충청남도 예산군 덕산면,중상사고,0,1,1,0,차대차 - 기타,기타,건조,맑음,교차로 - 교차로안,승용,남,22세,중상,승용,여,61세,경상
2014071300100290,2014년 7월 13일 14시,일요일,충청남도 천안시 서북구 성정동,중상사고,0,1,0,0,차대차 - 기타,안전운전불이행,건조,맑음,기타 - 기타,이륜,남,35세,중상,화물,남,28세,상해없음
2014071300100291,2014년 7월 13일 14시,일요일,충청남도 천안시 서북구 입장면,경상사고,0,0,1,0,차량단독 - 기타,안전운전불이행,건조,맑음,기타 - 기타,이륜,여,40세,경상,,,,
2014071300100324,2014년 7월 13일 15시,일요일,충청남도 공주시 탄천면,경상사고,0,0,1,0,차대차 - 기타,안전운전불이행,건조,맑음,단일로 - 기타,승용,남,21세,경상,화물,남,53세,상해없음
2014071300100326,2014년 7월 13일 15시,일요일,충청남도 당진시 송악읍,중상사고,0,1,13,0,차대차 - 추돌 - 진행중,안전거리미확보,건조,맑음,단일로 - 기타,승용,여,36세,중상,승용,여,46세,경상
2014071300100441,2014년 7월 13일 19시,일요일,충청남도 천안시 서북구 두정동,경상사고,0,0,1,0,차대차 - 기타,교차로운행방법위반,건조,맑음,교차로 - 교차로안,화물,남,25세,상해없음,이륜,남,18세,경상
2014071300100465,2014년 7월 13일 20시,일요일,충청남도 홍성군 홍동면,경상사고,0,0,1,0,차대차 - 기타,안전운전불이행,건조,흐림,단일로 - 기타,기타불명,기타불명,기타불명,기타불명,자전거,남,52세,경상
2014071300100466,2014년 7월 13일 20시,일요일,충청남도 보령시 명천동,경상사고,0,0,2,0,차대차 - 추돌 - 주정차중,안전운전불이행,건조,맑음,교차로 - 교차로부근,승용,남,53세,상해없음,이륜,남,17세,경상
2014071300100467,2014년 7월 13일 20시,일요일,충청남도 금산군 금산읍,경상사고,0,0,2,0,차대차 - 기타,교차로운행방법위반,건조,맑음,교차로 - 교차로안,원동기,남,57세,상해없음,승용,남,26세,경상
2014071300100489,2014년 7월 13일 21시,일요일,충청남도 서산시 음암면,경상사고,0,0,2,0,차대차 - 측면직각충돌,신호위반,건조,맑음,교차로 - 교차로안,승용,남,31세,상해없음,승용,여,23세,경상
2014071300100490,2014년 7월 13일 21시,일요일,충청남도 천안시 서북구 입장면,경상사고,0,0,2,0,차대차 - 기타,안전운전불이행,건조,맑음,단일로 - 기타,승용,여,28세,상해없음,승용,남,21세,경상
2014071300100524,2014년 7월 13일 23시,일요일,충청남도 태안군 남면,경상사고,0,0,2,0,차대차 - 기타,중앙선침범,건조,맑음,기타 - 기타,승용,남,56세,상해없음,승용,남,39세,경상
2014071300100525,2014년 7월 13일 23시,일요일,충청남도 천안시 동남구 신부동,경상사고,0,0,1,0,차대사람 - 횡단중,안전운전불이행,건조,맑음,단일로 - 기타,승용,남,55세,상해없음,보행자,남,36세,경상
2014071400100009,2014년 7월 14일 00시,월요일,충청남도 당진시 원당리,중상사고,0,1,0,0,차대차 - 기타,차로위반,건조,맑음,교차로 - 교차로안,승용,남,57세,상해없음,승합,남,51세,중상
2014071400100031,2014년 7월 14일 02시,월요일,충청남도 천안시 서북구 두정동,경상사고,0,0,1,0,차대차 - 기타,안전운전불이행,건조,맑음,단일로 - 기타,기타불명,기타불명,기타불명,기타불명,자전거,남,51세,경상
2014071400100032,2014년 7월 14일 02시,월요일,충청남도 당진시 신평면,경상사고,0,0,2,0,차대차 - 측면직각충돌,중앙선침범,건조,맑음,단일로 - 기타,승용,남,35세,상해없음,승용,남,19세,경상
2014071400100150,2014년 7월 14일 09시,월요일,충청남도 홍성군 금마면,중상사고,0,1,0,0,차대차 - 기타,안전운전불이행,건조,맑음,단일로 - 기타,기타불명,기타불명,기타불명,기타불명,원동기,남,78세,중상
2014071400100177,2014년 7월 14일 10시,월요일,충청남도 서산시 해미면,부상신고사고,0,0,0,1,차대차 - 추돌 - 진행중,안전거리미확보,건조,맑음,단일로 - 기타,승용,남,61세,부상신고,화물,남,44세,상해없음
2014071400100178,2014년 7월 14일 10시,월요일,충청남도 논산시 강경읍,경상사고,0,0,1,0,차대차 - 측면직각충돌,직진우회전진행방해,건조,맑음,교차로 - 교차로안,승용,남,53세,경상,화물,남,44세,상해없음
2014071400100179,2014년 7월 14일 10시,월요일,충청남도 서천군 화양면,중상사고,0,2,0,0,차량단독 - 기타,안전운전불이행,건조,맑음,단일로 - 기타,화물,남,76세,중상,,,,
2014071400100201,2014년 7월 14일 11시,월요일,충청남도 논산시 연무읍,사망사고,1,0,0,0,차대사람 - 길가장자리구역통행중,안전운전불이행,건조,맑음,단일로 - 기타,화물,남,54세,상해없음,보행자,남,56세,사망
2014071400100202,2014년 7월 14일 11시,월요일,충청남도 예산군 예산읍,중상사고,0,1,0,0,차대차 - 추돌 - 진행중,안전운전불이행,건조,맑음,교차로 - 교차로부근,화물,남,54세,중상,화물,남,52세,상해없음
2014071400100225,2014년 7월 14일 12시,월요일,충청남도 아산시 신창면,중상사고,0,1,0,0,차대사람 - 기타,기타,건조,맑음,단일로 - 기타,승합,남,47세,상해없음,보행자,여,62세,중상
2014071400100250,2014년 7월 14일 13시,월요일,충청남도 부여군 외산면,중상사고,0,1,1,0,차대차 - 측면직각충돌,신호위반,건조,맑음,교차로 - 교차로안,승용,남,64세,상해없음,승용,남,49세,경상
2014071400100251,2014년 7월 14일 13시,월요일,충청남도 당진시 우강면,중상사고,0,2,0,0,차대차 - 기타,교차로운행방법위반,건조,맑음,교차로 - 교차로부근,승용,여,34세,상해없음,이륜,남,73세,중상
2014071400100311,2014년 7월 14일 15시,월요일,충청남도 천안시 동남구 삼룡동,경상사고,0,0,1,0,차대차 - 측면직각충돌,안전운전불이행,건조,맑음,단일로 - 기타,승용,남,54세,경상,승용,남,81세,상해없음
2014071400100377,2014년 7월 14일 17시,월요일,충청남도 논산시 취암동,중상사고,0,1,0,0,차대차 - 측면직각충돌,안전운전불이행,건조,맑음,단일로 - 횡단보도부근,승용,남,38세,상해없음,자전거,남,9세,중상
2014071400100455,2014년 7월 14일 19시,월요일,충청남도 서산시 예천동,경상사고,0,0,1,0,차대차 - 기타,안전운전불이행,건조,맑음,교차로 - 교차로안,승용,남,42세,상해없음,이륜,남,18세,경상
2014071400100456,2014년 7월 14일 19시,월요일,충청남도 계룡시 금암동,중상사고,0,1,0,0,차대차 - 측면직각충돌,교차로운행방법위반,건조,맑음,교차로 - 교차로안,승용,여,51세,상해없음,화물,남,61세,중상
2014071400100458,2014년 7월 14일 19시,월요일,충청남도 당진시 신평면,중상사고,0,1,0,0,차대차 - 기타,안전운전불이행,건조,맑음,단일로 - 기타,승용,여,42세,상해없음,자전거,남,17세,중상
2014071400100494,2014년 7월 14일 20시,월요일,충청남도 서산시 운산면,경상사고,0,0,1,0,차대차 - 추돌 - 진행중,안전거리미확보,건조,맑음,단일로 - 기타,승용,남,31세,경상,화물,남,42세,상해없음
2014071400100524,2014년 7월 14일 21시,월요일,충청남도 태안군 소원면,경상사고,0,0,1,0,차대사람 - 길가장자리구역통행중,중앙선침범,건조,흐림,단일로 - 기타,승용,남,51세,상해없음,보행자,여,31세,경상
2014071400100525,2014년 7월 14일 21시,월요일,충청남도 논산시 반월동,경상사고,0,0,2,0,차대차 - 측면직각충돌,안전운전불이행,건조,맑음,교차로 - 교차로부근,승용,남,53세,상해없음,승용,여,52세,경상
2014071400100559,2014년 7월 14일 22시,월요일,충청남도 천안시 서북구 부대동,중상사고,0,5,0,0,차대차 - 기타,안전운전불이행,건조,맑음,단일로 - 기타,승합,남,60세,상해없음,승용,여,36세,중상
2014071500100011,2014년 7월 15일 00시,화요일,충청남도 천안시 서북구 두정동,중상사고,0,1,1,0,차대차 - 기타,교차로운행방법위반,건조,맑음,교차로 - 교차로안,승용,여,29세,중상,승용,남,18세,상해없음
2014071500100012,2014년 7월 15일 00시,화요일,충청남도 예산군 오가면,경상사고,0,0,1,0,차대차 - 추돌 - 주정차중,안전운전불이행,건조,맑음,교차로 - 교차로부근,승용,남,31세,상해없음,승용,남,34세,경상
2014071500100031,2014년 7월 15일 02시,화요일,충청남도 아산시 온천동,경상사고,0,0,1,0,차대차 - 정면충돌,안전운전불이행,건조,맑음,교차로 - 교차로안,승용,남,24세,상해없음,원동기,남,39세,경상
2014071500100032,2014년 7월 15일 02시,화요일,충청남도 보령시 남포면,중상사고,0,2,0,0,차대차 - 추돌 - 진행중,안전운전불이행,건조,흐림,단일로 - 기타,화물,남,59세,상해없음,승용,남,41세,중상
2014071500100082,2014년 7월 15일 07시,화요일,충청남도 천안시 서북구 성정동,중상사고,0,1,1,0,차대차 - 기타,신호위반,건조,맑음,교차로 - 교차로안,승용,남,23세,상해없음,승용,남,51세,중상
2014071500100083,2014년 7월 15일 07시,화요일,충청남도 아산시 음봉면,중상사고,0,1,0,0,차대차 - 기타,안전운전불이행,건조,맑음,단일로 - 교량,자전거,남,73세,중상,승용,남,62세,상해없음
2014071500100084,2014년 7월 15일 07시,화요일,충청남도 예산군 삽교읍,중상사고,0,1,4,0,차대차 - 측면직각충돌,중앙선침범,건조,맑음,단일로 - 기타,승용,남,29세,경상,승용,남,49세,경상
2014071500100116,2014년 7월 15일 08시,화요일,충청남도 공주시 신관동,중상사고,0,1,0,0,차대차 - 추돌 - 주정차중,안전운전불이행,건조,맑음,교차로 - 교차로안,승용,남,34세,기타불명,승용,여,42세,중상
2014071500100141,2014년 7월 15일 09시,화요일,충청남도 홍성군 홍동면,사망사고,1,0,0,0,차량단독 - 도로외이탈 - 추락,안전운전불이행,건조,맑음,단일로 - 기타,원동기,여,71세,사망,,,,
2014071500100165,2014년 7월 15일 10시,화요일,충청남도 논산시 광석면,경상사고,0,0,2,0,차대차 - 측면직각충돌,신호위반,건조,맑음,교차로 - 교차로안,승용,여,37세,경상,승용,남,63세,경상
2014071500100283,2014년 7월 15일 14시,화요일,충청남도 공주시 사곡면,부상신고사고,0,0,0,1,차량단독 - 공작물충돌,안전운전불이행,건조,맑음,단일로 - 기타,승용,여,56세,부상신고,,,,
2014071500100321,2014년 7월 15일 15시,화요일,충청남도 천안시 서북구 두정동,경상사고,0,0,1,0,차대차 - 추돌 - 진행중,교차로운행방법위반,건조,맑음,교차로 - 교차로안,화물,남,47세,상해없음,승용,남,39세,경상
2014071500100347,2014년 7월 15일 16시,화요일,충청남도 서천군 서천읍,중상사고,0,1,3,0,차대차 - 기타,중앙선침범,건조,맑음,단일로 - 기타,승용,여,46세,경상,승용,남,32세,경상
2014071500100348,2014년 7월 15일 16시,화요일,충청남도 보령시 동대동,중상사고,0,1,1,0,차대차 - 기타,중앙선침범,건조,맑음,단일로 - 기타,승합,여,33세,상해없음,승용,남,34세,경상
2014071500100349,2014년 7월 15일 16시,화요일,충청남도 청양군 목면,경상사고,0,0,1,0,차대차 - 기타,안전운전불이행,건조,맑음,단일로 - 기타,화물,남,63세,상해없음,화물,남,37세,상해없음
2014071500100383,2014년 7월 15일 17시,화요일,충청남도 예산군 예산읍,경상사고,0,0,1,0,차대차 - 측면직각충돌,신호위반,습기,비,교차로 - 교차로안,이륜,남,75세,경상,승용,여,44세,상해없음
2014071500100384,2014년 7월 15일 17시,화요일,충청남도 부여군 부여읍,중상사고,0,1,0,0,차대사람 - 기타,안전운전불이행,건조,맑음,교차로 - 교차로안,화물,남,30세,상해없음,보행자,여,54세,중상
2014071500100389,2014년 7월 15일 17시,화요일,충청남도 보령시 천북면,사망사고,1,6,0,0,차량단독 - 전도전복,안전운전불이행,건조,맑음,단일로 - 기타,승합,남,68세,중상,,,,
2014071500100440,2014년 7월 15일 18시,화요일,충청남도 아산시 온천동,중상사고,0,1,0,0,차대차 - 기타,안전운전불이행,건조,맑음,단일로 - 기타,승용,여,54세,상해없음,자전거,남,67세,중상
2014071500100441,2014년 7월 15일 18시,화요일,충청남도 공주시 우성면,중상사고,0,2,0,0,차대차 - 측면직각충돌,신호위반,건조,맑음,교차로 - 교차로안,승용,남,31세,기타불명,승용,남,47세,중상
2014071500100479,2014년 7월 15일 19시,화요일,충청남도 논산시 연산면,중상사고,0,2,3,0,차대차 - 추돌 - 주정차중,안전운전불이행,건조,맑음,단일로 - 기타,승합,남,44세,상해없음,승용,여,44세,경상
2014071500100560,2014년 7월 15일 21시,화요일,충청남도 천안시 동남구 구룡동,경상사고,0,0,1,0,차대사람 - 횡단중,안전운전불이행,건조,맑음,단일로 - 횡단보도부근,승용,남,15세,기타불명,보행자,여,10세,경상
2014071500100596,2014년 7월 15일 22시,화요일,충청남도 서산시 읍내동,중상사고,0,1,0,0,차대사람 - 횡단중,안전운전불이행,건조,맑음,교차로 - 교차로부근,화물,남,30세,상해없음,보행자,남,54세,중상
2014071500100597,2014년 7월 15일 22시,화요일,충청남도 천안시 서북구 성환읍,경상사고,0,0,1,0,차대차 - 기타,안전거리미확보,건조,맑음,단일로 - 기타,화물,남,48세,상해없음,화물,남,53세,경상
2014071500100598,2014년 7월 15일 22시,화요일,충청남도 논산시 부창동,경상사고,0,0,3,0,차대차 - 추돌 - 주정차중,안전운전불이행,건조,맑음,교차로 - 교차로부근,화물,남,45세,상해없음,승용,남,43세,경상
2014071500100599,2014년 7월 15일 22시,화요일,충청남도 천안시 동남구 봉명동,경상사고,0,0,1,0,차대사람 - 횡단중,안전운전불이행,건조,맑음,교차로 - 교차로부근,승용,남,31세,상해없음,보행자,남,64세,경상
2014071500100635,2014년 7월 15일 23시,화요일,충청남도 서산시 동문동,중상사고,0,1,1,0,차대차 - 추돌 - 주정차중,안전운전불이행,건조,맑음,교차로 - 교차로안,승용,남,35세,상해없음,승용,남,53세,상해없음
2014071600100011,2014년 7월 16일 00시,수요일,충청남도 서산시 읍내동,경상사고,0,0,1,0,차대차 - 기타,안전운전불이행,건조,맑음,교차로 - 교차로부근,화물,남,28세,상해없음,승용,남,39세,경상
2014071600100012,2014년 7월 16일 00시,수요일,충청남도 천안시 동남구 봉명동,경상사고,0,0,2,0,차대차 - 추돌 - 주정차중,안전운전불이행,건조,맑음,교차로 - 교차로부근,승용,남,54세,상해없음,승용,남,31세,경상
2014071600100029,2014년 7월 16일 01시,수요일,충청남도 천안시 서북구 성정동,중상사고,0,1,0,0,차대사람 - 기타,안전운전불이행,건조,맑음,단일로 - 기타,승용,남,41세,상해없음,보행자,남,27세,중상
2014071600100038,2014년 7월 16일 02시,수요일,충청남도 천안시 서북구 두정동,경상사고,0,0,1,0,차대사람 - 기타,안전운전불이행,건조,맑음,단일로 - 기타,승용,남,26세,기타불명,보행자,남,20세,경상
2014071600100106,2014년 7월 16일 08시,수요일,충청남도 천안시 동남구 구성동,중상사고,0,1,1,0,차대차 - 측면직각충돌,신호위반,건조,맑음,교차로 - 교차로안,이륜,남,21세,경상,승용,여,43세,상해없음
2014071600100152,2014년 7월 16일 09시,수요일,충청남도 천안시 서북구 쌍용동,경상사고,0,0,1,0,차대차 - 기타,안전운전불이행,건조,맑음,단일로 - 기타,승합,여,39세,상해없음,승용,남,53세,경상
2014071600100153,2014년 7월 16일 09시,수요일,충청남도 아산시 용화동,경상사고,0,0,5,0,차대차 - 측면직각충돌,신호위반,건조,맑음,교차로 - 교차로안,승합,여,22세,상해없음,승용,남,44세,경상
2014071600100206,2014년 7월 16일 11시,수요일,충청남도 아산시 음봉면,중상사고,0,1,0,0,차대차 - 기타,안전운전불이행,건조,맑음,교차로 - 교차로부근,화물,남,62세,상해없음,자전거,남,41세,중상
2014071600100232,2014년 7월 16일 12시,수요일,충청남도 예산군 삽교읍,중상사고,0,2,0,0,차대차 - 추돌 - 진행중,안전거리미확보,건조,맑음,단일로 - 기타,원동기,남,68세,중상,승용,남,24세,상해없음
2014071600100265,2014년 7월 16일 13시,수요일,충청남도 천안시 서북구 두정동,중상사고,0,2,0,0,차대차 - 정면충돌,중앙선침범,건조,맑음,단일로 - 기타,자전거,남,14세,중상,원동기,남,46세,중상
2014071600100266,2014년 7월 16일 13시,수요일,충청남도 천안시 서북구 성정동,경상사고,0,0,1,0,차대차 - 측면직각충돌,교차로운행방법위반,건조,맑음,교차로 - 교차로안,승용,남,26세,상해없음,승용,남,49세,경상
2014071600100267,2014년 7월 16일 13시,수요일,충청남도 금산군 금산읍,중상사고,0,1,0,0,차대차 - 측면직각충돌,교차로운행방법위반,건조,맑음,교차로 - 교차로안,승용,여,34세,상해없음,원동기,여,65세,중상
2014071600100300,2014년 7월 16일 14시,수요일,충청남도 천안시 동남구 목천읍,경상사고,0,0,1,0,차대차 - 측면직각충돌,안전운전불이행,건조,맑음,기타 - 기타,승용,남,25세,상해없음,승용,여,36세,경상
2014071600100336,2014년 7월 16일 15시,수요일,충청남도 서산시 부석면,경상사고,0,0,1,0,차대차 - 추돌 - 주정차중,안전운전불이행,건조,맑음,단일로 - 기타,이륜,남,76세,경상,화물,남,75세,기타불명
2014071600100376,2014년 7월 16일 16시,수요일,충청남도 서산시 석림동,경상사고,0,0,1,0,차대차 - 기타,신호위반,건조,맑음,교차로 - 교차로안,승합,남,59세,상해없음,자전거,남,13세,경상
2014071600100425,2014년 7월 16일 17시,수요일,충청남도 보령시 궁촌동,중상사고,0,3,1,0,차량단독 - 공작물충돌,안전운전불이행,건조,맑음,단일로 - 기타,화물,남,30세,중상,,,,
2014071600100426,2014년 7월 16일 17시,수요일,충청남도 당진시 정미면,중상사고,0,1,0,0,차대사람 - 횡단중,안전운전불이행,건조,맑음,단일로 - 기타,승용,남,55세,상해없음,보행자,여,77세,중상
2014071600100427,2014년 7월 16일 17시,수요일,충청남도 천안시 동남구 청당동,경상사고,0,0,3,0,차대차 - 측면직각충돌,중앙선침범,건조,맑음,교차로 - 교차로부근,승용,남,58세,상해없음,승용,남,51세,경상
2014071600100465,2014년 7월 16일 18시,수요일,충청남도 홍성군 홍성읍,경상사고,0,0,1,0,차대사람 - 기타,안전운전불이행,건조,맑음,단일로 - 기타,승용,여,41세,상해없음,보행자,남,22세,경상
2014071600100466,2014년 7월 16일 18시,수요일,충청남도 공주시 유구읍,경상사고,0,0,1,0,차대차 - 정면충돌,중앙선침범,건조,맑음,단일로 - 기타,승용,남,58세,상해없음,승합,남,51세,경상
2014071600100467,2014년 7월 16일 18시,수요일,충청남도 당진시 송악읍,경상사고,0,0,1,0,차대차 - 기타,신호위반,건조,맑음,교차로 - 교차로안,승용,여,29세,상해없음,승용,남,37세,경상
2014071600100513,2014년 7월 16일 19시,수요일,충청남도 계룡시 엄사면,중상사고,0,1,0,0,차대차 - 측면직각충돌,안전운전불이행,건조,흐림,교차로 - 교차로안,승용,남,75세,상해없음,원동기,남,18세,중상
2014071600100514,2014년 7월 16일 19시,수요일,충청남도 예산군 신암면,중상사고,0,1,0,0,차대차 - 기타,중앙선침범,건조,맑음,단일로 - 기타,승용,여,21세,상해없음,원동기,남,45세,중상
2014071600100548,2014년 7월 16일 20시,수요일,충청남도 천안시 동남구 원성동,경상사고,0,0,1,3,차대차 - 측면직각충돌,안전운전불이행,건조,맑음,교차로 - 교차로부근,승용,여,43세,상해없음,승용,여,32세,부상신고
2014071600100590,2014년 7월 16일 21시,수요일,충청남도 천안시 동남구 영성동,중상사고,0,1,1,0,차대차 - 추돌 - 주정차중,안전운전불이행,건조,맑음,단일로 - 기타,승용,남,53세,상해없음,승용,여,52세,중상
2014071600100627,2014년 7월 16일 22시,수요일,충청남도 논산시 강경읍,중상사고,0,1,1,0,차대차 - 측면직각충돌,교차로운행방법위반,건조,맑음,교차로 - 교차로안,승용,남,45세,상해없음,승용,남,32세,경상
2014071600100668,2014년 7월 16일 23시,수요일,충청남도 천안시 서북구 두정동,경상사고,0,0,2,0,차대차 - 추돌 - 진행중,안전운전불이행,건조,맑음,단일로 - 기타,승용,남,47세,상해없음,승용,남,22세,경상
2014071700100014,2014년 7월 17일 00시,목요일,충청남도 천안시 서북구 불당동,경상사고,0,0,1,0,차대사람 - 기타,보행자보호의무위반,건조,맑음,교차로 - 교차로안,승용,남,29세,상해없음,보행자,남,35세,경상
2014071700100015,2014년 7월 17일 00시,목요일,충청남도 아산시 음봉면,중상사고,0,3,0,0,차대차 - 추돌 - 주정차중,안전운전불이행,건조,맑음,교차로 - 교차로부근,승용,남,45세,중상,승용,남,30세,중상
2014071700100046,2014년 7월 17일 02시,목요일,충청남도 천안시 서북구 성정동,경상사고,0,0,1,0,차대차 - 추돌 - 진행중,안전운전불이행,건조,맑음,단일로 - 기타,승용,남,32세,상해없음,승용,남,30세,경상
2014071700100050,2014년 7월 17일 03시,목요일,충청남도 서산시 석남동,경상사고,0,0,2,0,차대차 - 추돌 - 주정차중,안전운전불이행,건조,맑음,교차로 - 교차로부근,승용,남,22세,경상,승용,여,45세,기타불명
2014071700100069,2014년 7월 17일 05시,목요일,충청남도 천안시 서북구 백석동,중상사고,0,1,0,0,차대차 - 기타,교차로운행방법위반,건조,맑음,교차로 - 교차로안,승용,남,44세,중상,화물,남,47세,상해없음
2014071700100140,2014년 7월 17일 08시,목요일,충청남도 천안시 서북구 백석동,중상사고,0,1,0,0,차대차 - 추돌 - 주정차중,안전운전불이행,건조,맑음,교차로 - 교차로부근,승용,여,44세,상해없음,승용,남,21세,중상
2014071700100141,2014년 7월 17일 08시,목요일,충청남도 아산시 모종동,중상사고,0,1,0,0,차대차 - 기타,안전거리미확보,건조,맑음,단일로 - 기타,화물,남,38세,상해없음,승용,여,58세,중상
2014071700100142,2014년 7월 17일 08시,목요일,충청남도 부여군 부여읍,중상사고,0,1,0,0,차대사람 - 기타,안전운전불이행,건조,흐림,기타 - 기타,화물,남,58세,상해없음,보행자,여,53세,중상
2014071700100143,2014년 7월 17일 08시,목요일,충청남도 금산군 진산면,중상사고,0,3,0,0,차대차 - 측면직각충돌,교차로운행방법위반,건조,맑음,교차로 - 교차로안,원동기,남,78세,중상,이륜,남,69세,중상
2014071700100183,2014년 7월 17일 09시,목요일,충청남도 천안시 서북구 쌍용동,경상사고,0,0,1,0,차대차 - 기타,안전운전불이행,건조,맑음,교차로 - 교차로부근,승용,남,43세,기타불명,승용,남,34세,상해없음
2014071700100184,2014년 7월 17일 09시,목요일,충청남도 천안시 서북구 성거읍,중상사고,0,1,0,0,차대차 - 기타,신호위반,건조,맑음,교차로 - 교차로안,승용,여,40세,상해없음,이륜,남,70세,중상
2014071700100217,2014년 7월 17일 10시,목요일,충청남도 아산시 온천동,중상사고,0,1,0,0,차대차 - 기타,안전운전불이행,건조,맑음,단일로 - 기타,이륜,남,76세,상해없음,승용,남,79세,중상
2014071700100218,2014년 7월 17일 10시,목요일,충청남도 예산군 덕산면,중상사고,0,1,0,0,차대차 - 측면직각충돌,신호위반,건조,맑음,교차로 - 교차로안,승합,남,67세,상해없음,원동기,남,76세,중상
2014071700100219,2014년 7월 17일 10시,목요일,충청남도 금산군 금산읍,중상사고,0,1,1,0,차대차 - 측면직각충돌,교차로운행방법위반,건조,맑음,교차로 - 교차로안,화물,남,62세,상해없음,이륜,남,77세,중상