사고번호,사고일시,요일,시군구,사고내용,사망자수,중상자수,경상자수,부상신고자수,사고유형,법규위반,노면상태,기상상태,도로형태,가해운전자 차종,가해운전자 성별,가해운전자 연령,가해운전자 상해정도,피해운전자 차종,피해운전자 성별,피해운전자 연령,피해운전자 상해정도
2014071700100241,2014년 7월 17일 11시,목요일,충청남도 천안시 서북구 직산읍,중상사고,0,1,0,0,차대차 - 기타,안전운전불이행,건조,맑음,교차로 - 교차로안,화물,남,28세,상해없음,자전거,남,77세,중상
2014071700100242,2014년 7월 17일 11시,목요일,충청남도 아산시 배방읍,경상사고,0,0,1,0,차대차 - 정면충돌,중앙선침범,건조,흐림,단일로 - 교량,승용,남,75세,상해없음,승용,남,45세,경상
2014071700100334,2014년 7월 17일 14시,목요일,충청남도 서산시 수석동,중상사고,0,2,2,0,차대차 - 기타,중앙선침범,건조,맑음,교차로 - 교차로부근,승용,여,39세,중상,화물,남,50세,경상
2014071700100335,2014년 7월 17일 14시,목요일,충청남도 부여군 은산면,중상사고,0,1,0,0,차량단독 - 기타,안전운전불이행,건조,기타,단일로 - 기타,이륜,남,51세,상해없음,,,,
2014071700100398,2014년 7월 17일 16시,목요일,충청남도 천안시 동남구 신방동,경상사고,0,0,1,0,차대차 - 기타,안전운전불이행,건조,맑음,교차로 - 교차로안,승용,남,36세,상해없음,승용,여,41세,경상
2014071700100438,2014년 7월 17일 17시,목요일,충청남도 공주시 신관동,경상사고,0,0,1,0,차대사람 - 횡단중,안전운전불이행,건조,맑음,단일로 - 기타,승용,여,40세,상해없음,보행자,여,3세,경상
2014071700100482,2014년 7월 17일 18시,목요일,충청남도 아산시 탕정면,사망사고,1,0,0,0,차대사람 - 횡단중,안전운전불이행,건조,흐림,단일로 - 기타,승용,남,49세,상해없음,보행자,남,47세,사망
2014071700100483,2014년 7월 17일 18시,목요일,충청남도 서천군 문산면,경상사고,0,0,1,0,차대차 - 기타,안전운전불이행,건조,맑음,단일로 - 기타,화물,남,38세,상해없음,화물,남,46세,경상
2014071700100484,2014년 7월 17일 18시,목요일,충청남도 공주시 신관동,중상사고,0,1,1,0,차대차 - 기타,직진우회전진행방해,습기,흐림,교차로 - 교차로안,승용,여,44세,중상,승용,여,42세,경상
2014071700100485,2014년 7월 17일 18시,목요일,충청남도 천안시 동남구 구성동,경상사고,0,0,1,0,차대차 - 기타,안전운전불이행,건조,맑음,단일로 - 기타,자전거,남,15세,경상,승용,남,56세,상해없음
2014071700100516,2014년 7월 17일 19시,목요일,충청남도 천안시 동남구 구성동,경상사고,0,0,1,0,차대차 - 기타,안전운전불이행,건조,맑음,단일로 - 기타,승용,남,31세,상해없음,자전거,여,11세,경상
2014071700100517,2014년 7월 17일 19시,목요일,충청남도 천안시 동남구 사직동,경상사고,0,0,2,0,차대차 - 기타,중앙선침범,건조,맑음,단일로 - 기타,승용,남,71세,상해없음,승합,남,55세,상해없음
2014071700100556,2014년 7월 17일 20시,목요일,충청남도 서산시 읍내동,경상사고,0,0,2,2,차대차 - 기타,신호위반,건조,흐림,교차로 - 교차로안,승용,남,37세,상해없음,승용,여,27세,경상
2014071700100557,2014년 7월 17일 20시,목요일,충청남도 천안시 서북구 두정동,경상사고,0,0,1,0,차대차 - 기타,신호위반,건조,맑음,교차로 - 교차로안,승용,남,27세,상해없음,이륜,남,19세,경상
2014071700100558,2014년 7월 17일 20시,목요일,충청남도 공주시 신관동,경상사고,0,0,1,0,차대사람 - 기타,안전운전불이행,건조,맑음,기타 - 기타,승용,남,59세,상해없음,보행자,남,16세,경상
2014071700100559,2014년 7월 17일 20시,목요일,충청남도 당진시 신평면,중상사고,0,1,0,0,차대차 - 측면직각충돌,안전운전불이행,습기,흐림,기타 - 기타,승용,남,56세,상해없음,승용,남,35세,중상
2014071700100595,2014년 7월 17일 21시,목요일,충청남도 홍성군 홍성읍,중상사고,0,1,0,0,차대차 - 기타,안전운전불이행,습기,비,단일로 - 기타,승용,남,35세,상해없음,승용,여,24세,중상
2014071700100596,2014년 7월 17일 21시,목요일,충청남도 아산시 배방읍,경상사고,0,0,2,0,차대차 - 측면직각충돌,신호위반,건조,맑음,교차로 - 교차로안,승용,남,52세,상해없음,승용,남,30세,경상
2014071700100597,2014년 7월 17일 21시,목요일,충청남도 예산군 오가면,중상사고,0,1,3,0,차대차 - 측면직각충돌,신호위반,건조,흐림,교차로 - 교차로안,승용,남,25세,경상,승용,여,61세,경상
2014071700100628,2014년 7월 17일 22시,목요일,충청남도 서산시 석림동,경상사고,0,0,1,0,차대차 - 측면직각충돌,교차로운행방법위반,습기,비,교차로 - 교차로안,특수,남,34세,상해없음,승용,여,40세,경상
2014071700100659,2014년 7월 17일 23시,목요일,충청남도 서산시 석남동,중상사고,0,1,0,0,차대차 - 추돌 - 주정차중,안전운전불이행,습기,비,교차로 - 교차로부근,승용,남,26세,상해없음,승용,남,39세,중상
2014071700100660,2014년 7월 17일 23시,목요일,충청남도 천안시 서북구 성정동,경상사고,0,0,2,0,차대차 - 기타,안전운전불이행,습기,비,단일로 - 기타,승용,남,43세,경상,승용,남,40세,경상
2014071700100661,2014년 7월 17일 23시,목요일,충청남도 홍성군 홍성읍,중상사고,0,1,0,0,차대차 - 기타,안전운전불이행,건조,맑음,단일로 - 기타,승용,여,38세,상해없음,승용,남,37세,중상
2014071800100013,2014년 7월 18일 00시,금요일,충청남도 아산시 배방읍,중상사고,0,1,1,0,차대차 - 추돌 - 주정차중,안전운전불이행,습기,비,교차로 - 교차로부근,승용,남,36세,중상,화물,남,35세,경상
2014071800100098,2014년 7월 18일 06시,금요일,충청남도 아산시 배방읍,경상사고,0,0,4,0,차대차 - 추돌 - 주정차중,안전운전불이행,습기,비,교차로 - 교차로부근,승용,남,50세,상해없음,승용,남,42세,경상
2014071800100099,2014년 7월 18일 06시,금요일,충청남도 부여군 규암면,사망사고,1,0,0,0,차대차 - 기타,안전운전불이행,습기,비,단일로 - 기타,화물,남,47세,상해없음,자전거,남,60세,사망
2014071800100100,2014년 7월 18일 06시,금요일,충청남도 천안시 동남구 구성동,중상사고,0,1,1,0,차대차 - 기타,안전운전불이행,습기,비,단일로 - 기타,화물,남,31세,상해없음,승합,남,58세,상해없음
2014071800100114,2014년 7월 18일 07시,금요일,충청남도 논산시 가야곡면,경상사고,0,0,1,0,차량단독 - 전도전복,과속,습기,비,단일로 - 기타,승용,남,47세,경상,,,,
2014071800100148,2014년 7월 18일 08시,금요일,충청남도 천안시 동남구 신부동,경상사고,0,0,1,0,차대차 - 추돌 - 진행중,안전운전불이행,습기,비,미분류 - 미분류,승용,남,60세,상해없음,승용,남,35세,경상
2014071800100149,2014년 7월 18일 08시,금요일,충청남도 천안시 동남구 신부동,경상사고,0,0,3,0,차대차 - 추돌 - 주정차중,안전운전불이행,습기,비,미분류 - 미분류,승용,여,37세,경상,승용,남,48세,경상
2014071800100208,2014년 7월 18일 10시,금요일,충청남도 태안군 태안읍,중상사고,0,1,1,0,차대차 - 추돌 - 주정차중,안전운전불이행,습기,흐림,교차로 - 교차로부근,승용,남,54세,상해없음,승용,남,62세,중상
2014071800100209,2014년 7월 18일 10시,금요일,충청남도 서천군 서천읍,경상사고,0,0,1,0,차량단독 - 기타,안전운전불이행,습기,비,단일로 - 기타,승용,여,43세,경상,,,,
2014071800100233,2014년 7월 18일 11시,금요일,충청남도 천안시 서북구 쌍용동,경상사고,0,0,1,0,차대차 - 측면직각충돌,신호위반,건조,맑음,교차로 - 교차로안,승용,남,60세,상해없음,이륜,남,44세,경상
2014071800100262,2014년 7월 18일 12시,금요일,충청남도 아산시 도고면,사망사고,1,1,0,0,차량단독 - 공작물충돌,안전운전불이행,건조,맑음,교차로 - 교차로부근,화물,남,60세,사망,,,,
2014071800100289,2014년 7월 18일 13시,금요일,충청남도 논산시 성동면,중상사고,0,1,2,0,차대차 - 측면직각충돌,중앙선침범,건조,맑음,교차로 - 교차로부근,화물,남,38세,상해없음,승용,남,52세,경상
2014071800100290,2014년 7월 18일 13시,금요일,충청남도 당진시 우강면,중상사고,0,2,0,0,차대차 - 추돌 - 진행중,교차로운행방법위반,건조,맑음,교차로 - 교차로안,승용,여,42세,상해없음,이륜,남,76세,중상
2014071800100327,2014년 7월 18일 14시,금요일,충청남도 예산군 삽교읍,경상사고,0,0,2,0,차대차 - 측면직각충돌,안전운전불이행,건조,맑음,교차로 - 교차로안,농기계,남,77세,상해없음,이륜,남,78세,경상
2014071800100328,2014년 7월 18일 14시,금요일,충청남도 당진시 신평면,경상사고,0,0,1,0,차대차 - 추돌 - 주정차중,안전운전불이행,건조,맑음,단일로 - 기타,화물,여,36세,상해없음,승용,남,43세,경상
2014071800100365,2014년 7월 18일 15시,금요일,충청남도 천안시 서북구 입장면,경상사고,0,0,4,0,차대차 - 기타,중앙선침범,건조,맑음,단일로 - 기타,기타불명,기타불명,기타불명,기타불명,승용,여,60세,경상
2014071800100366,2014년 7월 18일 15시,금요일,충청남도 천안시 서북구 백석동,중상사고,0,1,0,0,차대차 - 추돌 - 주정차중,안전운전불이행,건조,맑음,단일로 - 기타,승용,여,52세,상해없음,승용,여,42세,중상
2014071800100407,2014년 7월 18일 16시,금요일,충청남도 천안시 서북구 성정동,경상사고,0,0,1,0,차대사람 - 기타,안전운전불이행,건조,맑음,단일로 - 기타,승용,남,54세,상해없음,보행자,남,33세,경상
2014071800100456,2014년 7월 18일 17시,금요일,충청남도 아산시 권곡동,경상사고,0,0,1,0,차대차 - 측면직각충돌,안전운전불이행,건조,맑음,교차로 - 교차로부근,화물,남,47세,상해없음,승용,여,49세,경상
2014071800100457,2014년 7월 18일 17시,금요일,충청남도 청양군 정산면,중상사고,0,1,0,0,차량단독 - 공작물충돌,안전운전불이행,건조,맑음,단일로 - 기타,승용,여,52세,중상,,,,
2014071800100558,2014년 7월 18일 19시,금요일,충청남도 논산시 관촉동,경상사고,0,0,4,0,차대차 - 측면직각충돌,교차로운행방법위반,건조,맑음,교차로 - 교차로안,승용,남,60세,상해없음,승용,남,43세,경상
2014071800100590,2014년 7월 18일 20시,금요일,충청남도 서산시 대산읍,중상사고,0,1,0,0,차대사람 - 횡단중,안전운전불이행,건조,맑음,단일로 - 기타,승용,여,35세,상해없음,보행자,남,52세,중상
2014071800100591,2014년 7월 18일 20시,금요일,충청남도 천안시 서북구 성정동,중상사고,0,1,0,0,차대차 - 측면직각충돌,교차로운행방법위반,건조,맑음,교차로 - 교차로안,승용,남,49세,상해없음,이륜,남,25세,중상
2014071800100615,2014년 7월 18일 21시,금요일,충청남도 아산시 배방읍,경상사고,0,0,1,0,차대차 - 추돌 - 주정차중,안전운전불이행,건조,맑음,교차로 - 교차로부근,승용,여,36세,상해없음,승용,남,30세,경상
2014071800100650,2014년 7월 18일 22시,금요일,충청남도 아산시 온천동,경상사고,0,0,1,0,차대차 - 측면직각충돌,안전운전불이행,건조,맑음,교차로 - 교차로안,승용,남,34세,상해없음,승용,여,36세,경상
2014071800100651,2014년 7월 18일 22시,금요일,충청남도 천안시 동남구 청수동,중상사고,0,1,0,0,차대차 - 기타,안전운전불이행,건조,맑음,단일로 - 기타,승용,여,43세,상해없음,자전거,여,46세,중상
2014071900100038,2014년 7월 19일 01시,토요일,충청남도 당진시 읍내리,경상사고,0,0,1,0,차대차 - 추돌 - 주정차중,안전운전불이행,건조,맑음,교차로 - 교차로부근,승용,여,32세,상해없음,승용,남,27세,경상
2014071900100051,2014년 7월 19일 02시,토요일,충청남도 천안시 서북구 직산읍,경상사고,0,0,1,0,차대차 - 기타,안전운전불이행,건조,맑음,단일로 - 기타,승용,남,35세,기타불명,승용,남,40세,경상
2014071900100084,2014년 7월 19일 04시,토요일,충청남도 천안시 서북구 성정동,경상사고,0,0,1,0,차대사람 - 기타,안전운전불이행,건조,맑음,단일로 - 기타,승용,남,23세,기타불명,보행자,남,50세,경상
2014071900100085,2014년 7월 19일 04시,토요일,충청남도 아산시 신동,경상사고,0,0,3,0,차대차 - 측면직각충돌,안전운전불이행,건조,맑음,교차로 - 교차로부근,승용,남,27세,상해없음,승용,여,42세,경상
2014071900100153,2014년 7월 19일 08시,토요일,충청남도 당진시 정미면,중상사고,0,1,0,0,차대차 - 추돌 - 진행중,안전운전불이행,건조,맑음,단일로 - 기타,승용,남,30세,상해없음,화물,남,57세,중상
2014071900100194,2014년 7월 19일 10시,토요일,충청남도 예산군 삽교읍,중상사고,0,1,0,0,차대차 - 기타,안전운전불이행,건조,맑음,단일로 - 기타,승용,남,27세,중상,승용,남,49세,상해없음
2014071900100309,2014년 7월 19일 13시,토요일,충청남도 금산군 복수면,경상사고,0,0,1,0,차량단독 - 공작물충돌,안전운전불이행,건조,맑음,교차로 - 교차로부근,승용,남,27세,경상,,,,
2014071900100310,2014년 7월 19일 13시,토요일,충청남도 천안시 동남구 봉명동,중상사고,0,1,0,0,차대사람 - 기타,안전운전불이행,건조,맑음,기타 - 기타,승용,남,46세,상해없음,보행자,여,76세,중상
2014071900100345,2014년 7월 19일 14시,토요일,충청남도 부여군 부여읍,경상사고,0,0,1,0,차대차 - 기타,안전운전불이행,건조,맑음,단일로 - 기타,이륜,남,69세,경상,승용,여,27세,상해없음
2014071900100376,2014년 7월 19일 15시,토요일,충청남도 아산시 용화동,경상사고,0,0,1,0,차대차 - 측면직각충돌,안전운전불이행,건조,맑음,교차로 - 교차로안,이륜,남,64세,상해없음,승용,남,64세,경상
2014071900100377,2014년 7월 19일 15시,토요일,충청남도 천안시 동남구 신부동,경상사고,0,0,1,0,차대차 - 기타,신호위반,건조,맑음,교차로 - 교차로안,승용,기타불명,기타불명,기타불명,이륜,남,29세,경상
2014071900100415,2014년 7월 19일 16시,토요일,충청남도 당진시 석문면,중상사고,0,1,4,0,차대차 - 측면직각충돌,교차로운행방법위반,건조,맑음,교차로 - 교차로안,승용,남,38세,상해없음,승용,남,36세,경상
2014071900100457,2014년 7월 19일 17시,토요일,충청남도 태안군 소원면,중상사고,0,1,4,0,차대차 - 정면충돌,중앙선침범,건조,맑음,단일로 - 기타,승용,남,20세,경상,승용,남,35세,중상
2014071900100458,2014년 7월 19일 17시,토요일,충청남도 태안군 안면읍,중상사고,0,1,0,0,차량단독 - 전도전복,안전운전불이행,건조,맑음,단일로 - 기타,원동기,남,72세,중상,,,,
2014071900100516,2014년 7월 19일 19시,토요일,충청남도 천안시 동남구 구성동,중상사고,0,1,0,0,차대사람 - 기타,안전운전불이행,건조,맑음,단일로 - 기타,승용,남,38세,상해없음,보행자,여,6세,중상
2014071900100552,2014년 7월 19일 20시,토요일,충청남도 당진시 합덕읍,경상사고,0,0,1,0,차대차 - 추돌 - 주정차중,안전운전불이행,건조,맑음,단일로 - 기타,화물,남,36세,상해없음,승용,여,24세,경상
2014071900100553,2014년 7월 19일 20시,토요일,충청남도 당진시 고대면,중상사고,0,1,0,0,차대차 - 추돌 - 진행중,안전운전불이행,건조,맑음,단일로 - 기타,승용,남,27세,상해없음,이륜,남,79세,중상
2014072000100070,2014년 7월 20일 04시,일요일,충청남도 예산군 예산읍,중상사고,0,1,0,0,차대차 - 측면직각충돌,직진우회전진행방해,건조,맑음,교차로 - 교차로안,화물,남,42세,상해없음,승용,남,64세,상해없음
2014072000100090,2014년 7월 20일 06시,일요일,충청남도 천안시 서북구 신당동,경상사고,0,0,1,0,차대차 - 추돌 - 진행중,안전운전불이행,건조,맑음,단일로 - 기타,기타불명,기타불명,기타불명,기타불명,승합,남,50세,경상
2014072000100091,2014년 7월 20일 06시,일요일,충청남도 홍성군 금마면,중상사고,0,1,0,0,차량단독 - 공작물충돌,안전운전불이행,건조,흐림,교차로 - 교차로안,이륜,남,47세,중상,,,,
2014072000100108,2014년 7월 20일 08시,일요일,충청남도 태안군 태안읍,중상사고,0,1,0,0,차대차 - 측면직각충돌,과속,건조,맑음,교차로 - 교차로안,건설기계,남,32세,상해없음,승용,남,54세,중상
2014072000100146,2014년 7월 20일 10시,일요일,충청남도 청양군 정산면,중상사고,0,5,15,6,차대차 - 기타,중앙선침범,건조,맑음,교차로 - 교차로부근,화물,남,54세,경상,승합,남,62세,중상
2014072000100195,2014년 7월 20일 12시,일요일,충청남도 태안군 안면읍,중상사고,0,1,1,0,차대차 - 측면직각충돌,중앙선침범,건조,맑음,단일로 - 기타,승용,남,37세,상해없음,이륜,남,56세,경상
2014072000100196,2014년 7월 20일 12시,일요일,충청남도 금산군 남이면,중상사고,0,1,0,0,차대차 - 정면충돌,안전운전불이행,건조,맑음,단일로 - 기타,자전거,남,46세,중상,화물,남,49세,기타불명
2014072000100256,2014년 7월 20일 14시,일요일,충청남도 천안시 서북구 업성동,경상사고,0,0,1,0,차대차 - 추돌 - 주정차중,안전운전불이행,건조,맑음,교차로 - 교차로안,승합,남,37세,상해없음,승합,남,45세,경상
2014072000100257,2014년 7월 20일 14시,일요일,충청남도 예산군 덕산면,경상사고,0,0,1,0,차대사람 - 횡단중,안전운전불이행,건조,맑음,단일로 - 기타,승용,여,49세,상해없음,보행자,남,58세,경상
2014072000100288,2014년 7월 20일 15시,일요일,충청남도 천안시 동남구 신부동,중상사고,0,1,0,0,차대사람 - 횡단중,보행자보호의무위반,건조,맑음,단일로 - 횡단보도상,승용,남,32세,상해없음,보행자,여,22세,중상
2014072000100375,2014년 7월 20일 18시,일요일,충청남도 천안시 서북구 성정동,경상사고,0,0,1,0,차대차 - 기타,직진우회전진행방해,건조,맑음,교차로 - 교차로안,승용,남,47세,상해없음,승용,남,31세,경상
2014072000100389,2014년 7월 20일 19시,일요일,충청남도 천안시 서북구 직산읍,중상사고,0,1,0,0,차량단독 - 기타,안전운전불이행,건조,맑음,단일로 - 기타,승합,남,36세,상해없음,,,,
2014072000100390,2014년 7월 20일 19시,일요일,충청남도 부여군 부여읍,경상사고,0,0,4,0,차대차 - 기타,안전운전불이행,건조,맑음,단일로 - 기타,승용,남,59세,상해없음,승용,남,39세,경상
2014072000100422,2014년 7월 20일 20시,일요일,충청남도 당진시 읍내리,경상사고,0,0,1,0,차대차 - 추돌 - 진행중,안전거리미확보,건조,맑음,교차로 - 교차로부근,화물,남,50세,상해없음,승용,여,51세,경상
2014072000100423,2014년 7월 20일 20시,일요일,충청남도 천안시 동남구 광덕면,경상사고,0,0,2,0,차대차 - 기타,안전거리미확보,건조,맑음,단일로 - 기타,승용,여,24세,상해없음,승용,남,53세,경상
2014072000100451,2014년 7월 20일 21시,일요일,충청남도 서산시 대산읍,경상사고,0,0,2,0,차대차 - 추돌 - 진행중,안전운전불이행,건조,흐림,교차로 - 교차로부근,승용,남,49세,상해없음,승용,남,47세,경상
2014072000100452,2014년 7월 20일 21시,일요일,충청남도 천안시 서북구 백석동,경상사고,0,0,1,0,차대차 - 측면직각충돌,신호위반,건조,맑음,교차로 - 교차로안,승용,남,22세,기타불명,승용,여,25세,경상
2014072000100476,2014년 7월 20일 22시,일요일,충청남도 태안군 태안읍,중상사고,0,1,0,0,차대사람 - 횡단중,안전운전불이행,건조,맑음,교차로 - 교차로부근,승용,여,60세,상해없음,보행자,남,68세,중상
2014072000100477,2014년 7월 20일 22시,일요일,충청남도 논산시 부적면,중상사고,0,1,2,0,차대차 - 측면직각충돌,신호위반,건조,맑음,교차로 - 교차로안,승용,여,64세,상해없음,승용,여,59세,경상
2014072100100008,2014년 7월 21일 00시,월요일,충청남도 당진시 시곡리,경상사고,0,0,2,0,차대차 - 기타,안전운전불이행,건조,흐림,교차로 - 교차로부근,승용,여,26세,상해없음,승용,여,41세,경상
2014072100100106,2014년 7월 21일 08시,월요일,충청남도 아산시 도고면,경상사고,0,0,1,0,차대사람 - 기타,안전운전불이행,건조,맑음,단일로 - 기타,화물,남,66세,상해없음,보행자,남,53세,경상
2014072100100137,2014년 7월 21일 09시,월요일,충청남도 천안시 동남구 사직동,중상사고,0,1,0,0,차대사람 - 횡단중,보행자보호의무위반,건조,맑음,단일로 - 횡단보도상,승용,남,62세,기타불명,보행자,여,78세,중상
2014072100100163,2014년 7월 21일 10시,월요일,충청남도 논산시 강경읍,중상사고,0,1,0,0,차대사람 - 횡단중,보행자보호의무위반,건조,맑음,단일로 - 횡단보도상,화물,남,66세,상해없음,보행자,여,71세,중상
2014072100100215,2014년 7월 21일 12시,월요일,충청남도 논산시 대교동,중상사고,0,2,0,0,차대차 - 측면직각충돌,신호위반,건조,맑음,교차로 - 교차로안,승용,여,58세,상해없음,승용,남,47세,중상
2014072100100216,2014년 7월 21일 12시,월요일,충청남도 천안시 동남구 구성동,중상사고,0,1,0,0,차대차 - 추돌 - 진행중,안전운전불이행,건조,맑음,단일로 - 기타,원동기,남,68세,중상,화물,남,28세,상해없음
2014072100100246,2014년 7월 21일 13시,월요일,충청남도 서산시 석남동,중상사고,0,1,0,0,차대차 - 기타,교차로운행방법위반,건조,맑음,교차로 - 교차로안,승합,남,47세,상해없음,이륜,여,43세,중상
2014072100100247,2014년 7월 21일 13시,월요일,충청남도 예산군 신양면,경상사고,0,0,1,0,차량단독 - 공작물충돌,안전운전불이행,건조,맑음,단일로 - 기타,승용,남,65세,경상,,,,
2014072100100248,2014년 7월 21일 13시,월요일,충청남도 당진시 합덕읍,중상사고,0,1,0,0,차대차 - 측면직각충돌,안전거리미확보,건조,맑음,단일로 - 기타,건설기계,남,55세,상해없음,승용,여,45세,중상
2014072100100282,2014년 7월 21일 14시,월요일,충청남도 당진시 원당리,중상사고,0,1,0,0,차대사람 - 차도통행중,안전운전불이행,건조,맑음,교차로 - 교차로부근,승합,남,50세,상해없음,보행자,여,74세,중상
2014072100100317,2014년 7월 21일 15시,월요일,충청남도 태안군 태안읍,중상사고,0,2,0,0,차대차 - 기타,안전운전불이행,건조,맑음,기타 - 기타,농기계,남,42세,중상,화물,남,44세,중상
2014072100100318,2014년 7월 21일 15시,월요일,충청남도 천안시 동남구 수신면,사망사고,1,0,0,0,차대사람 - 차도통행중,안전운전불이행,건조,맑음,단일로 - 기타,승용,남,43세,상해없음,보행자,남,43세,사망
2014072100100352,2014년 7월 21일 16시,월요일,충청남도 서산시 고북면,경상사고,0,0,1,0,차대차 - 기타,교차로운행방법위반,건조,맑음,교차로 - 교차로부근,이륜,여,55세,경상,승합,여,38세,상해없음
2014072100100387,2014년 7월 21일 17시,월요일,충청남도 서천군 서천읍,경상사고,0,0,1,0,차대차 - 기타,신호위반,건조,맑음,교차로 - 교차로안,자전거,남,76세,경상,승용,여,38세,상해없음
2014072100100429,2014년 7월 21일 18시,월요일,충청남도 공주시 계룡면,중상사고,0,1,0,0,차량단독 - 전도전복,안전운전불이행,건조,맑음,기타 - 기타,이륜,여,66세,중상,,,,
2014072100100430,2014년 7월 21일 18시,월요일,충청남도 부여군 부여읍,중상사고,0,3,0,0,차대차 - 기타,안전운전불이행,건조,맑음,단일로 - 기타,승용,남,58세,상해없음,승용,여,44세,중상
2014072100100470,2014년 7월 21일 19시,월요일,충청남도 천안시 서북구 성정동,중상사고,0,1,0,0,차대사람 - 기타,안전운전불이행,건조,맑음,단일로 - 기타,승용,남,34세,상해없음,보행자,여,4세,중상
2014072100100471,2014년 7월 21일 19시,월요일,충청남도 천안시 서북구 성정동,경상사고,0,0,2,0,차대차 - 기타,안전운전불이행,건조,맑음,단일로 - 기타,승용,남,58세,상해없음,승용,남,50세,경상
2014072100100545,2014년 7월 21일 21시,월요일,충청남도 아산시 모종동,중상사고,0,2,0,0,차대차 - 측면직각충돌,안전운전불이행,건조,맑음,교차로 - 교차로안,이륜,남,53세,중상,이륜,남,16세,중상
2014072200100011,2014년 7월 22일 00시,화요일,충청남도 보령시 대천동,경상사고,0,0,1,0,차대차 - 추돌 - 진행중,불법유턴,건조,맑음,단일로 - 기타,승용,여,58세,상해없음,이륜,남,19세,경상
2014072200100114,2014년 7월 22일 08시,화요일,충청남도 논산시 연산면,중상사고,0,1,1,0,차대차 - 측면직각충돌,교차로운행방법위반,건조,맑음,교차로 - 교차로안,승용,남,79세,상해없음,화물,남,53세,경상
2014072200100115,2014년 7월 22일 08시,화요일,충청남도 천안시 동남구 신부동,중상사고,0,1,1,0,차대차 - 추돌 - 주정차중,안전운전불이행,건조,맑음,단일로 - 기타,승용,남,47세,상해없음,승용,여,43세,중상
2014072200100198,2014년 7월 22일 11시,화요일,충청남도 서천군 서면,경상사고,0,0,2,0,차대차 - 기타,중앙선침범,건조,맑음,단일로 - 기타,화물,남,64세,상해없음,승용,남,75세,경상
2014072200100199,2014년 7월 22일 11시,화요일,충청남도 서천군 한산면,경상사고,0,0,1,0,차대차 - 기타,직진우회전진행방해,건조,맑음,교차로 - 교차로안,원동기,여,58세,경상,승용,남,57세,상해없음
2014072200100200,2014년 7월 22일 11시,화요일,충청남도 당진시 신평면,중상사고,0,1,0,0,차대차 - 기타,안전운전불이행,건조,맑음,단일로 - 기타,승용,여,61세,상해없음,원동기,남,80세,중상
2014072200100253,2014년 7월 22일 13시,화요일,충청남도 아산시 배방읍,중상사고,0,1,2,0,차대차 - 기타,안전운전불이행,건조,맑음,기타 - 기타,승용,남,50세,상해없음,승용,남,44세,중상
2014072200100281,2014년 7월 22일 14시,화요일,충청남도 천안시 서북구 성정동,경상사고,0,0,1,0,차대차 - 기타,안전운전불이행,건조,맑음,교차로 - 교차로부근,승용,남,74세,상해없음,승용,남,30세,경상
2014072200100313,2014년 7월 22일 15시,화요일,충청남도 금산군 금산읍,경상사고,0,0,1,0,차대사람 - 횡단중,안전운전불이행,건조,맑음,단일로 - 횡단보도부근,승용,여,53세,상해없음,보행자,남,52세,경상
2014072200100347,2014년 7월 22일 16시,화요일,충청남도 청양군 청남면,중상사고,0,1,0,0,차대차 - 정면충돌,안전운전불이행,건조,맑음,단일로 - 기타,화물,남,54세,상해없음,이륜,여,70세,중상
2014072200100381,2014년 7월 22일 17시,화요일,충청남도 홍성군 갈산면,중상사고,0,1,0,0,차대차 - 측면직각충돌,신호위반,건조,맑음,교차로 - 교차로안,승용,남,58세,상해없음,승용,남,32세,중상
2014072200100416,2014년 7월 22일 18시,화요일,충청남도 논산시 취암동,경상사고,0,0,2,0,차대차 - 정면충돌,안전운전불이행,건조,맑음,미분류 - 미분류,승용,여,46세,경상,승용,여,27세,경상
2014072200100417,2014년 7월 22일 18시,화요일,충청남도 홍성군 광천읍,경상사고,0,0,2,0,차대차 - 측면직각충돌,차로위반,건조,맑음,단일로 - 기타,승용,남,74세,기타불명,승용,남,64세,경상
2014072200100463,2014년 7월 22일 19시,화요일,충청남도 보령시 청라면,경상사고,0,0,5,0,차대차 - 측면직각충돌,중앙선침범,건조,맑음,단일로 - 기타,화물,남,57세,상해없음,승용,남,46세,경상
2014072200100464,2014년 7월 22일 19시,화요일,충청남도 천안시 동남구 원성동,부상신고사고,0,0,0,1,차대차 - 측면직각충돌,안전운전불이행,건조,맑음,단일로 - 기타,기타불명,기타불명,기타불명,기타불명,자전거,남,52세,부상신고
2014072200100505,2014년 7월 22일 20시,화요일,충청남도 아산시 배방읍,경상사고,0,0,1,0,차대차 - 기타,안전운전불이행,건조,맑음,교차로 - 교차로안,승용,남,58세,상해없음,승용,여,23세,경상
2014072200100506,2014년 7월 22일 20시,화요일,충청남도 서천군 서면,중상사고,0,2,2,0,차량단독 - 기타,안전운전불이행,건조,맑음,단일로 - 기타,승용,남,18세,중상,,,,
2014072200100543,2014년 7월 22일 21시,화요일,충청남도 천안시 서북구 쌍용동,경상사고,0,0,1,0,차대차 - 기타,신호위반,건조,맑음,교차로 - 교차로안,원동기,남,20세,경상,승용,남,60세,상해없음