사고번호,사고일시,요일,시군구,사고내용,사망자수,중상자수,경상자수,부상신고자수,사고유형,법규위반,노면상태,기상상태,도로형태,가해운전자 차종,가해운전자 성별,가해운전자 연령,가해운전자 상해정도,피해운전자 차종,피해운전자 성별,피해운전자 연령,피해운전자 상해정도
2014072200100544,2014년 7월 22일 21시,화요일,충청남도 아산시 배미동,중상사고,0,1,0,0,차대차 - 기타,중앙선침범,건조,맑음,기타 - 기타,승용,남,32세,상해없음,원동기,남,19세,중상
2014072200100574,2014년 7월 22일 22시,화요일,충청남도 천안시 서북구 성정동,경상사고,0,0,1,0,차대차 - 측면직각충돌,교차로운행방법위반,건조,맑음,교차로 - 교차로안,승용,여,50세,상해없음,승합,남,26세,경상
2014072200100575,2014년 7월 22일 22시,화요일,충청남도 천안시 서북구 두정동,경상사고,0,0,1,0,차대차 - 기타,안전거리미확보,건조,맑음,단일로 - 기타,승용,남,29세,상해없음,원동기,남,27세,경상
2014072200100602,2014년 7월 22일 23시,화요일,충청남도 천안시 서북구 두정동,경상사고,0,0,1,0,차대사람 - 기타,안전운전불이행,건조,맑음,단일로 - 기타,승용,남,29세,상해없음,보행자,남,45세,경상
2014072300100026,2014년 7월 23일 01시,수요일,충청남도 아산시 온천동,중상사고,0,1,1,0,차대차 - 추돌 - 진행중,안전운전불이행,건조,맑음,기타 - 기타,승용,남,30세,상해없음,승용,남,40세,경상
2014072300100084,2014년 7월 23일 05시,수요일,충청남도 보령시 신흑동,사망사고,1,4,0,0,차대차 - 측면직각충돌,신호위반,건조,흐림,교차로 - 교차로안,승합,남,28세,중상,승용,남,63세,중상
2014072300100119,2014년 7월 23일 07시,수요일,충청남도 태안군 태안읍,중상사고,0,1,0,0,차대차 - 추돌 - 진행중,안전운전불이행,습기,비,단일로 - 기타,화물,남,57세,상해없음,승용,남,41세,중상
2014072300100168,2014년 7월 23일 09시,수요일,충청남도 아산시 풍기동,경상사고,0,0,1,0,차대차 - 측면직각충돌,신호위반,습기,비,교차로 - 교차로안,화물,남,55세,상해없음,승용,남,26세,경상
2014072300100215,2014년 7월 23일 11시,수요일,충청남도 서천군 마서면,사망사고,1,1,0,0,차량단독 - 기타,안전운전불이행,습기,비,단일로 - 기타,승용,남,39세,사망,,,,
2014072300100272,2014년 7월 23일 13시,수요일,충청남도 서천군 장항읍,중상사고,0,1,0,0,차대차 - 기타,안전운전불이행,습기,흐림,단일로 - 기타,승용,남,59세,상해없음,원동기,남,77세,중상
2014072300100273,2014년 7월 23일 13시,수요일,충청남도 당진시 석문면,경상사고,0,0,1,0,차대차 - 측면직각충돌,안전운전불이행,습기,흐림,기타 - 기타,화물,남,82세,상해없음,화물,남,41세,상해없음
2014072300100331,2014년 7월 23일 15시,수요일,충청남도 태안군 태안읍,중상사고,0,1,0,0,차대차 - 추돌 - 주정차중,안전운전불이행,습기,비,교차로 - 교차로부근,화물,남,46세,상해없음,승용,여,59세,중상
2014072300100332,2014년 7월 23일 15시,수요일,충청남도 홍성군 구항면,중상사고,0,1,0,0,차대차 - 기타,안전운전불이행,건조,흐림,단일로 - 기타,승용,여,35세,상해없음,승용,남,70세,상해없음
2014072300100333,2014년 7월 23일 15시,수요일,충청남도 아산시 권곡동,경상사고,0,0,3,0,차대차 - 측면직각충돌,신호위반,건조,맑음,교차로 - 교차로안,승용,남,44세,기타불명,승용,여,46세,경상
2014072300100361,2014년 7월 23일 16시,수요일,충청남도 홍성군 금마면,중상사고,0,1,0,0,차대차 - 기타,안전운전불이행,건조,맑음,단일로 - 기타,승용,남,33세,상해없음,화물,남,47세,중상
2014072300100362,2014년 7월 23일 16시,수요일,충청남도 홍성군 금마면,경상사고,0,0,1,0,차대차 - 기타,안전운전불이행,건조,맑음,교차로 - 교차로부근,승용,남,47세,상해없음,승용,여,35세,경상
2014072300100401,2014년 7월 23일 17시,수요일,충청남도 천안시 서북구 두정동,중상사고,0,1,1,0,차대사람 - 기타,보행자보호의무위반,습기,비,단일로 - 횡단보도상,승용,여,27세,상해없음,보행자,여,11세,중상
2014072300100402,2014년 7월 23일 17시,수요일,충청남도 홍성군 홍성읍,경상사고,0,0,1,0,차대차 - 기타,안전운전불이행,건조,맑음,교차로 - 교차로안,승용,남,41세,상해없음,승용,여,59세,경상
2014072300100403,2014년 7월 23일 17시,수요일,충청남도 홍성군 홍성읍,경상사고,0,0,1,0,차대차 - 측면직각충돌,안전운전불이행,건조,맑음,교차로 - 교차로안,승용,남,62세,상해없음,승용,남,58세,경상
2014072300100436,2014년 7월 23일 18시,수요일,충청남도 금산군 부리면,중상사고,0,1,0,0,차량단독 - 공작물충돌,안전운전불이행,건조,흐림,단일로 - 기타,이륜,남,63세,중상,,,,
2014072300100472,2014년 7월 23일 19시,수요일,충청남도 서천군 서천읍,부상신고사고,0,0,0,1,차대차 - 기타,직진우회전진행방해,건조,맑음,교차로 - 교차로안,원동기,남,29세,부상신고,승용,남,53세,상해없음
2014072300100505,2014년 7월 23일 20시,수요일,충청남도 천안시 서북구 쌍용동,경상사고,0,0,4,0,차대차 - 추돌 - 주정차중,안전운전불이행,건조,맑음,교차로 - 교차로부근,승용,남,46세,상해없음,승용,남,49세,경상
2014072300100549,2014년 7월 23일 21시,수요일,충청남도 논산시 반월동,중상사고,0,1,0,0,차대차 - 측면직각충돌,안전운전불이행,건조,맑음,교차로 - 교차로부근,승용,여,41세,상해없음,승합,여,69세,중상
2014072300100594,2014년 7월 23일 22시,수요일,충청남도 아산시 배방읍,경상사고,0,0,3,0,차대차 - 추돌 - 주정차중,안전운전불이행,건조,맑음,교차로 - 교차로부근,승용,남,47세,상해없음,승용,남,28세,경상
2014072400100107,2014년 7월 24일 06시,목요일,충청남도 천안시 서북구 두정동,경상사고,0,0,2,0,차대차 - 기타,안전운전불이행,습기,비,교차로 - 교차로부근,승용,남,32세,상해없음,승용,남,35세,경상
2014072400100108,2014년 7월 24일 06시,목요일,충청남도 천안시 동남구 안서동,경상사고,0,0,1,0,차량단독 - 공작물충돌,안전운전불이행,습기,비,단일로 - 기타,승용,남,52세,상해없음,,,,
2014072400100208,2014년 7월 24일 10시,목요일,충청남도 서천군 종천면,사망사고,1,0,0,0,차대차 - 기타,신호위반,건조,맑음,교차로 - 교차로안,원동기,남,71세,사망,승합,남,60세,상해없음
2014072400100284,2014년 7월 24일 12시,목요일,충청남도 금산군 금산읍,경상사고,0,0,2,0,차대차 - 기타,안전운전불이행,건조,흐림,교차로 - 교차로안,화물,남,65세,상해없음,승용,남,22세,경상
2014072400100287,2014년 7월 24일 12시,목요일,충청남도 서산시 운산면,중상사고,0,1,3,0,차대차 - 기타,차로위반,건조,맑음,단일로 - 기타,승용,여,49세,기타불명,화물,남,56세,중상
2014072400100316,2014년 7월 24일 13시,목요일,충청남도 예산군 대흥면,중상사고,0,2,0,0,차대차 - 기타,중앙선침범,건조,맑음,단일로 - 기타,기타불명,기타불명,기타불명,기타불명,승용,남,71세,중상
2014072400100351,2014년 7월 24일 14시,목요일,충청남도 당진시 읍내리,중상사고,0,1,0,0,차대차 - 추돌 - 진행중,교차로운행방법위반,건조,맑음,교차로 - 교차로안,승용,여,58세,상해없음,자전거,남,77세,중상
2014072400100352,2014년 7월 24일 14시,목요일,충청남도 천안시 동남구 유량동,경상사고,0,0,1,0,차대차 - 측면직각충돌,안전운전불이행,건조,흐림,교차로 - 교차로안,원동기,남,59세,경상,화물,남,61세,상해없음
2014072400100380,2014년 7월 24일 15시,목요일,충청남도 태안군 안면읍,중상사고,0,1,0,0,차대차 - 기타,안전운전불이행,건조,맑음,단일로 - 기타,원동기,남,57세,중상,화물,남,57세,상해없음
2014072400100418,2014년 7월 24일 16시,목요일,충청남도 태안군 태안읍,중상사고,0,1,1,0,차대차 - 기타,교차로운행방법위반,건조,맑음,교차로 - 교차로안,화물,남,33세,경상,승용,남,40세,중상
2014072400100534,2014년 7월 24일 19시,목요일,충청남도 홍성군 홍북면,중상사고,0,1,0,0,차대사람 - 기타,안전운전불이행,건조,맑음,단일로 - 기타,승용,남,53세,상해없음,보행자,남,17세,중상
2014072400100535,2014년 7월 24일 19시,목요일,충청남도 아산시 음봉면,중상사고,0,2,0,0,차대차 - 정면충돌,신호위반,건조,맑음,교차로 - 교차로안,승용,남,27세,상해없음,승용,남,39세,중상
2014072400100575,2014년 7월 24일 20시,목요일,충청남도 공주시 정안면,중상사고,0,1,0,0,차대사람 - 기타,안전운전불이행,습기,흐림,기타 - 기타,승합,남,55세,상해없음,보행자,남,51세,중상
2014072400100603,2014년 7월 24일 21시,목요일,충청남도 아산시 둔포면,경상사고,0,0,2,0,차대차 - 기타,중앙선침범,건조,맑음,단일로 - 기타,승용,남,35세,상해없음,승용,남,51세,경상
2014072400100642,2014년 7월 24일 22시,목요일,충청남도 아산시 풍기동,중상사고,0,1,0,0,차대차 - 기타,중앙선침범,습기,비,교차로 - 교차로부근,승용,여,38세,상해없음,화물,남,31세,중상
2014072400100694,2014년 7월 24일 23시,목요일,충청남도 예산군 봉산면,중상사고,0,1,3,0,차대차 - 기타,중앙선침범,습기,비,단일로 - 기타,승용,남,50세,상해없음,승용,남,53세,경상
2014072400100695,2014년 7월 24일 23시,목요일,충청남도 당진시 읍내리,중상사고,0,1,1,0,차대차 - 추돌 - 진행중,안전운전불이행,습기,비,교차로 - 교차로부근,승용,여,46세,상해없음,승용,남,24세,상해없음
2014072400100696,2014년 7월 24일 23시,목요일,충청남도 천안시 동남구 신방동,경상사고,0,0,1,0,차대사람 - 횡단중,안전운전불이행,습기,비,단일로 - 기타,승용,남,45세,상해없음,보행자,여,10세,경상
2014072500100030,2014년 7월 25일 00시,금요일,충청남도 서산시 석림동,중상사고,0,1,4,0,차대차 - 추돌 - 주정차중,안전운전불이행,습기,비,단일로 - 기타,승용,남,40세,상해없음,승용,남,40세,중상
2014072500100082,2014년 7월 25일 02시,금요일,충청남도 천안시 서북구 성정동,경상사고,0,0,1,0,차대차 - 정면충돌,중앙선침범,습기,비,단일로 - 기타,승용,남,53세,상해없음,승용,남,42세,경상
2014072500100119,2014년 7월 25일 06시,금요일,충청남도 계룡시 금암동,경상사고,0,0,4,0,차대차 - 측면직각충돌,신호위반,건조,맑음,교차로 - 교차로안,승용,여,34세,상해없음,승합,여,60세,경상
2014072500100136,2014년 7월 25일 07시,금요일,충청남도 예산군 예산읍,경상사고,0,0,2,0,차대차 - 정면충돌,중앙선침범,건조,맑음,단일로 - 기타,화물,남,39세,경상,승용,남,58세,경상
2014072500100164,2014년 7월 25일 08시,금요일,충청남도 논산시 내동,경상사고,0,0,2,0,차대차 - 추돌 - 진행중,안전운전불이행,건조,맑음,교차로 - 교차로안,승용,여,28세,상해없음,승용,여,39세,경상
2014072500100165,2014년 7월 25일 08시,금요일,충청남도 천안시 동남구 삼룡동,중상사고,0,1,1,0,차대차 - 추돌 - 진행중,안전운전불이행,건조,흐림,단일로 - 기타,승용,남,50세,상해없음,승용,남,55세,중상
2014072500100202,2014년 7월 25일 09시,금요일,충청남도 계룡시 엄사면,경상사고,0,0,1,0,차대사람 - 횡단중,안전운전불이행,건조,맑음,교차로 - 교차로부근,승용,남,76세,상해없음,보행자,여,76세,경상
2014072500100203,2014년 7월 25일 09시,금요일,충청남도 서천군 마서면,경상사고,0,0,1,0,차대차 - 기타,신호위반,건조,맑음,교차로 - 교차로안,승용,여,20세,상해없음,승용,여,40세,경상
2014072500100204,2014년 7월 25일 09시,금요일,충청남도 천안시 동남구 신방동,경상사고,0,0,1,0,차대차 - 추돌 - 진행중,안전운전불이행,건조,맑음,교차로 - 교차로안,승용,여,34세,상해없음,승용,남,64세,상해없음
2014072500100287,2014년 7월 25일 12시,금요일,충청남도 당진시 읍내리,경상사고,0,0,2,0,차대차 - 기타,안전운전불이행,건조,맑음,단일로 - 기타,승용,남,65세,상해없음,승용,남,46세,경상
2014072500100316,2014년 7월 25일 13시,금요일,충청남도 홍성군 홍성읍,경상사고,0,0,1,0,차대사람 - 기타,안전운전불이행,건조,맑음,교차로 - 교차로안,화물,남,38세,상해없음,보행자,남,21세,경상
2014072500100317,2014년 7월 25일 13시,금요일,충청남도 공주시 유구읍,경상사고,0,0,1,0,차량단독 - 기타,안전운전불이행,건조,맑음,단일로 - 기타,화물,남,43세,상해없음,,,,
2014072500100318,2014년 7월 25일 13시,금요일,충청남도 당진시 신평면,경상사고,0,0,1,0,차대차 - 측면직각충돌,안전운전불이행,건조,맑음,단일로 - 기타,승용,남,24세,상해없음,화물,남,55세,상해없음
2014072500100397,2014년 7월 25일 15시,금요일,충청남도 논산시 취암동,사망사고,1,0,0,0,차대차 - 측면직각충돌,안전운전불이행,건조,맑음,단일로 - 기타,원동기,남,80세,사망,승용,남,69세,상해없음
2014072500100398,2014년 7월 25일 15시,금요일,충청남도 당진시 순성면,중상사고,0,1,0,0,차대차 - 정면충돌,중앙선침범,건조,맑음,단일로 - 기타,승용,남,79세,상해없음,이륜,남,51세,중상
2014072500100399,2014년 7월 25일 15시,금요일,충청남도 천안시 동남구 목천읍,부상신고사고,0,0,0,1,차대차 - 기타,교차로운행방법위반,건조,맑음,교차로 - 교차로안,이륜,남,31세,부상신고,승용,남,28세,상해없음
2014072500100435,2014년 7월 25일 16시,금요일,충청남도 아산시 인주면,사망사고,2,5,0,0,차대차 - 정면충돌,중앙선침범,건조,맑음,단일로 - 기타,승용,남,47세,사망,승용,남,38세,중상
2014072500100436,2014년 7월 25일 16시,금요일,충청남도 아산시 음봉면,경상사고,0,0,1,0,차대차 - 측면직각충돌,중앙선침범,건조,맑음,교차로 - 교차로부근,승용,남,35세,상해없음,승용,여,34세,경상
2014072500100470,2014년 7월 25일 17시,금요일,충청남도 아산시 선장면,사망사고,1,1,0,0,차대차 - 정면충돌,중앙선침범,건조,맑음,단일로 - 기타,화물,남,64세,사망,화물,남,45세,중상
2014072500100472,2014년 7월 25일 17시,금요일,충청남도 천안시 동남구 신부동,경상사고,0,0,1,0,차대차 - 측면직각충돌,신호위반,건조,맑음,교차로 - 교차로안,승용,남,57세,상해없음,승용,남,53세,상해없음
2014072500100521,2014년 7월 25일 18시,금요일,충청남도 천안시 서북구 백석동,경상사고,0,0,1,0,차대차 - 추돌 - 주정차중,안전운전불이행,건조,맑음,단일로 - 기타,승용,남,75세,상해없음,승용,여,42세,경상
2014072500100522,2014년 7월 25일 18시,금요일,충청남도 당진시 신평면,중상사고,0,1,0,0,차대사람 - 기타,불법유턴,건조,맑음,기타 - 기타,승용,남,53세,상해없음,보행자,남,44세,중상
2014072500100523,2014년 7월 25일 18시,금요일,충청남도 천안시 동남구 신부동,중상사고,0,2,1,0,차대차 - 기타,안전운전불이행,건조,맑음,단일로 - 기타,화물,남,56세,상해없음,승용,여,52세,중상
2014072500100565,2014년 7월 25일 19시,금요일,충청남도 천안시 서북구 직산읍,경상사고,0,0,1,0,차대차 - 기타,교차로운행방법위반,건조,흐림,교차로 - 교차로부근,승용,여,31세,상해없음,원동기,남,35세,경상
2014072500100566,2014년 7월 25일 19시,금요일,충청남도 당진시 순성면,사망사고,1,0,0,0,차대사람 - 기타,안전운전불이행,습기,비,기타 - 기타,화물,남,54세,상해없음,보행자,여,57세,사망
2014072500100614,2014년 7월 25일 20시,금요일,충청남도 천안시 서북구 성정동,경상사고,0,0,3,0,차대차 - 기타,중앙선침범,건조,맑음,단일로 - 기타,승용,남,72세,상해없음,승용,남,62세,경상
2014072500100680,2014년 7월 25일 21시,금요일,충청남도 태안군 태안읍,경상사고,0,0,1,0,차대차 - 기타,안전운전불이행,습기,비,단일로 - 기타,승용,남,28세,상해없음,원동기,남,38세,경상
2014072500100681,2014년 7월 25일 21시,금요일,충청남도 홍성군 홍성읍,경상사고,0,0,1,0,차량단독 - 공작물충돌,안전운전불이행,습기,비,단일로 - 기타,이륜,남,46세,경상,,,,
2014072500100683,2014년 7월 25일 21시,금요일,충청남도 천안시 동남구 신부동,중상사고,0,1,0,0,차대사람 - 기타,안전운전불이행,습기,흐림,단일로 - 기타,승용,남,57세,상해없음,보행자,남,42세,중상
2014072500100725,2014년 7월 25일 22시,금요일,충청남도 천안시 서북구 두정동,경상사고,0,0,2,0,차대차 - 기타,교차로운행방법위반,습기,비,교차로 - 교차로안,승용,여,33세,상해없음,승용,여,29세,경상
2014072500100726,2014년 7월 25일 22시,금요일,충청남도 보령시 대천동,중상사고,0,2,2,0,차대차 - 기타,안전운전불이행,습기,비,단일로 - 기타,승용,남,36세,상해없음,승용,남,50세,중상
2014072600100074,2014년 7월 26일 02시,토요일,충청남도 태안군 소원면,중상사고,0,1,0,0,차량단독 - 공작물충돌,안전운전불이행,습기,비,단일로 - 기타,승용,남,30세,중상,,,,
2014072600100146,2014년 7월 26일 05시,토요일,충청남도 천안시 서북구 성정동,중상사고,0,1,0,0,차대차 - 추돌 - 진행중,안전운전불이행,습기,비,기타 - 기타,이륜,남,17세,상해없음,이륜,남,34세,중상
2014072600100161,2014년 7월 26일 06시,토요일,충청남도 아산시 용화동,중상사고,0,1,0,0,차대사람 - 기타,보행자보호의무위반,건조,맑음,교차로 - 교차로부근,승용,남,24세,상해없음,보행자,여,28세,중상
2014072600100179,2014년 7월 26일 07시,토요일,충청남도 논산시 연무읍,경상사고,0,0,1,0,차대차 - 추돌 - 진행중,안전운전불이행,건조,맑음,단일로 - 기타,화물,남,42세,상해없음,화물,남,51세,경상
2014072600100240,2014년 7월 26일 10시,토요일,충청남도 천안시 서북구 성환읍,중상사고,0,2,0,0,차대차 - 추돌 - 주정차중,신호위반,건조,맑음,교차로 - 교차로안,승용,남,37세,상해없음,승용,여,58세,중상
2014072600100241,2014년 7월 26일 10시,토요일,충청남도 부여군 부여읍,중상사고,0,3,0,0,차대차 - 측면직각충돌,신호위반,건조,맑음,단일로 - 교량,이륜,남,77세,중상,승용,남,27세,중상
2014072600100298,2014년 7월 26일 12시,토요일,충청남도 논산시 강경읍,중상사고,0,1,0,0,차대사람 - 기타,안전운전불이행,습기,비,단일로 - 기타,승용,남,47세,상해없음,보행자,남,64세,중상
2014072600100299,2014년 7월 26일 12시,토요일,충청남도 보령시 신흑동,경상사고,0,0,1,0,차대사람 - 기타,안전운전불이행,건조,맑음,단일로 - 기타,화물,남,55세,상해없음,보행자,남,26세,경상
2014072600100300,2014년 7월 26일 12시,토요일,충청남도 보령시 신흑동,경상사고,0,0,1,0,차대차 - 추돌 - 진행중,직진우회전진행방해,건조,맑음,교차로 - 교차로안,승용,남,53세,상해없음,원동기,남,16세,경상
2014072600100326,2014년 7월 26일 13시,토요일,충청남도 예산군 덕산면,경상사고,0,0,2,0,차대차 - 측면직각충돌,중앙선침범,건조,맑음,단일로 - 기타,승용,여,44세,상해없음,승용,남,42세,경상
2014072600100356,2014년 7월 26일 14시,토요일,충청남도 홍성군 홍성읍,중상사고,0,1,0,0,차대차 - 기타,안전운전불이행,건조,맑음,교차로 - 교차로안,승합,남,56세,상해없음,승용,남,33세,중상
2014072600100387,2014년 7월 26일 15시,토요일,충청남도 보령시 신흑동,부상신고사고,0,0,0,1,차대사람 - 기타,안전운전불이행,건조,맑음,단일로 - 기타,승용,기타불명,기타불명,기타불명,보행자,남,25세,부상신고
2014072600100418,2014년 7월 26일 16시,토요일,충청남도 논산시 부창동,경상사고,0,0,6,0,차대차 - 측면직각충돌,교차로운행방법위반,건조,맑음,교차로 - 교차로안,승용,여,52세,경상,승용,남,31세,경상
2014072600100446,2014년 7월 26일 17시,토요일,충청남도 논산시 연산면,사망사고,1,1,1,0,차대사람 - 길가장자리구역통행중,안전운전불이행,건조,흐림,단일로 - 기타,화물,여,56세,경상,보행자,여,66세,사망
2014072600100447,2014년 7월 26일 17시,토요일,충청남도 보령시 동대동,중상사고,0,1,3,0,차대차 - 추돌 - 진행중,안전운전불이행,건조,맑음,단일로 - 기타,승용,남,59세,상해없음,승용,남,58세,경상
2014072600100448,2014년 7월 26일 17시,토요일,충청남도 보령시 신흑동,중상사고,0,1,4,0,차대차 - 추돌 - 진행중,안전운전불이행,건조,맑음,단일로 - 기타,승용,남,47세,상해없음,승용,남,55세,경상
2014072600100479,2014년 7월 26일 18시,토요일,충청남도 서산시 고북면,중상사고,0,1,3,0,차대차 - 측면직각충돌,신호위반,건조,맑음,교차로 - 교차로안,화물,남,58세,중상,승용,남,34세,경상
2014072600100480,2014년 7월 26일 18시,토요일,충청남도 천안시 서북구 쌍용동,경상사고,0,0,1,0,차대사람 - 기타,안전운전불이행,건조,맑음,단일로 - 기타,승용,남,47세,상해없음,보행자,여,62세,경상
2014072600100513,2014년 7월 26일 19시,토요일,충청남도 아산시 방축동,경상사고,0,0,1,0,차대차 - 기타,중앙선침범,건조,맑음,기타 - 기타,승용,남,49세,상해없음,농기계,남,52세,경상
2014072600100546,2014년 7월 26일 20시,토요일,충청남도 공주시 금성동,중상사고,0,1,0,0,차대사람 - 기타,기타,건조,맑음,단일로 - 교량,화물,남,52세,상해없음,보행자,여,23세,중상
2014072600100572,2014년 7월 26일 21시,토요일,충청남도 서천군 서면,중상사고,0,1,0,0,차대차 - 추돌 - 진행중,안전운전불이행,건조,기타,단일로 - 기타,화물,남,63세,기타불명,농기계,남,67세,중상
2014072600100604,2014년 7월 26일 22시,토요일,충청남도 태안군 안면읍,경상사고,0,0,1,1,차대차 - 측면직각충돌,신호위반,건조,맑음,교차로 - 교차로안,화물,남,46세,부상신고,승용,여,26세,경상
2014072600100605,2014년 7월 26일 22시,토요일,충청남도 논산시 대교동,경상사고,0,0,1,0,차대차 - 측면직각충돌,신호위반,건조,맑음,교차로 - 교차로안,승용,남,42세,상해없음,승용,남,39세,경상
2014072600100606,2014년 7월 26일 22시,토요일,충청남도 보령시 신흑동,경상사고,0,0,4,0,차대차 - 추돌 - 진행중,안전운전불이행,건조,맑음,단일로 - 기타,승용,남,26세,상해없음,승용,남,27세,경상
2014072600100636,2014년 7월 26일 23시,토요일,충청남도 당진시 시곡리,경상사고,0,0,2,0,차대차 - 추돌 - 진행중,안전운전불이행,건조,흐림,단일로 - 기타,승용,남,61세,상해없음,승용,남,67세,경상
2014072700100016,2014년 7월 27일 00시,일요일,충청남도 공주시 신관동,중상사고,0,1,0,0,차대사람 - 기타,안전운전불이행,건조,맑음,단일로 - 기타,승용,남,41세,상해없음,보행자,남,45세,중상
2014072700100017,2014년 7월 27일 00시,일요일,충청남도 부여군 부여읍,중상사고,0,2,1,0,차대차 - 추돌 - 진행중,안전운전불이행,건조,맑음,교차로 - 교차로부근,승용,남,33세,경상,승용,남,62세,중상
2014072700100043,2014년 7월 27일 01시,일요일,충청남도 서천군 서면,경상사고,0,0,1,1,차대차 - 기타,안전운전불이행,건조,맑음,단일로 - 기타,원동기,남,54세,부상신고,승용,남,70세,경상
2014072700100067,2014년 7월 27일 03시,일요일,충청남도 태안군 태안읍,중상사고,0,1,0,0,차대사람 - 기타,안전운전불이행,건조,맑음,단일로 - 기타,승용,남,20세,상해없음,보행자,남,51세,중상
2014072700100101,2014년 7월 27일 06시,일요일,충청남도 당진시 정미면,중상사고,0,2,0,0,차대차 - 기타,안전운전불이행,건조,맑음,단일로 - 기타,승용,남,17세,상해없음,승용,남,34세,상해없음
2014072700100111,2014년 7월 27일 07시,일요일,충청남도 청양군 청양읍,중상사고,0,1,1,0,차대차 - 기타,신호위반,기타,안개,교차로 - 교차로안,승용,남,56세,상해없음,화물,남,58세,중상
2014072700100158,2014년 7월 27일 10시,일요일,충청남도 태안군 소원면,부상신고사고,0,0,0,1,차량단독 - 공작물충돌,안전운전불이행,건조,맑음,단일로 - 기타,승용,남,46세,부상신고,,,,
2014072700100186,2014년 7월 27일 11시,일요일,충청남도 청양군 청양읍,경상사고,0,0,1,0,차대사람 - 기타,안전운전불이행,건조,맑음,단일로 - 기타,승용,남,78세,상해없음,보행자,남,29세,경상
2014072700100187,2014년 7월 27일 11시,일요일,충청남도 공주시 우성면,경상사고,0,0,1,0,차대차 - 기타,안전운전불이행,건조,맑음,단일로 - 기타,화물,남,37세,상해없음,승용,여,40세,경상
2014072700100212,2014년 7월 27일 12시,일요일,충청남도 논산시 양촌면,중상사고,0,1,1,0,차량단독 - 전도전복,안전운전불이행,건조,맑음,단일로 - 기타,이륜,남,17세,경상,,,,
2014072700100213,2014년 7월 27일 12시,일요일,충청남도 천안시 동남구 북면,경상사고,0,0,1,0,차대차 - 기타,기타,건조,맑음,단일로 - 기타,화물,남,51세,상해없음,자전거,남,40세,경상
2014072700100238,2014년 7월 27일 13시,일요일,충청남도 천안시 동남구 신방동,경상사고,0,0,3,0,차대차 - 추돌 - 진행중,안전운전불이행,건조,맑음,단일로 - 기타,승용,여,22세,상해없음,승용,남,31세,경상
2014072700100265,2014년 7월 27일 14시,일요일,충청남도 천안시 서북구 쌍용동,경상사고,0,0,2,0,차대차 - 측면직각충돌,안전운전불이행,건조,맑음,교차로 - 교차로부근,승용,남,50세,상해없음,승용,남,53세,경상
2014072700100266,2014년 7월 27일 14시,일요일,충청남도 천안시 서북구 신당동,중상사고,0,1,0,0,차대차 - 측면직각충돌,중앙선침범,건조,맑음,단일로 - 기타,승용,남,50세,상해없음,이륜,남,54세,중상
2014072700100267,2014년 7월 27일 14시,일요일,충청남도 아산시 송악면,중상사고,0,1,2,1,차대차 - 정면충돌,중앙선침범,건조,맑음,단일로 - 기타,승용,남,59세,상해없음,승용,여,41세,중상
2014072700100304,2014년 7월 27일 15시,일요일,충청남도 아산시 배방읍,경상사고,0,0,3,0,차대차 - 측면직각충돌,신호위반,건조,맑음,교차로 - 교차로안,승용,남,18세,상해없음,승용,여,29세,경상
2014072700100305,2014년 7월 27일 15시,일요일,충청남도 천안시 동남구 문화동,경상사고,0,0,2,0,차대차 - 추돌 - 진행중,안전운전불이행,건조,맑음,교차로 - 교차로부근,승용,남,37세,상해없음,승용,여,27세,경상
2014072700100343,2014년 7월 27일 16시,일요일,충청남도 논산시 양촌면,경상사고,0,0,2,0,차대차 - 측면직각충돌,기타,건조,맑음,교차로 - 교차로안,승용,남,28세,상해없음,승용,여,47세,경상
2014072700100344,2014년 7월 27일 16시,일요일,충청남도 홍성군 서부면,중상사고,0,3,2,0,차대차 - 기타,안전운전불이행,건조,맑음,단일로 - 기타,승용,남,49세,상해없음,화물,남,51세,중상
2014072700100345,2014년 7월 27일 16시,일요일,충청남도 천안시 동남구 청수동,경상사고,0,0,1,0,차대차 - 측면직각충돌,안전운전불이행,건조,맑음,교차로 - 교차로안,승용,남,35세,상해없음,이륜,남,25세,경상
2014072700100425,2014년 7월 27일 18시,일요일,충청남도 태안군 태안읍,경상사고,0,0,2,0,차대차 - 측면직각충돌,안전운전불이행,건조,맑음,교차로 - 교차로안,화물,남,64세,상해없음,화물,남,70세,경상
2014072700100488,2014년 7월 27일 20시,일요일,충청남도 논산시 강경읍,경상사고,0,0,3,0,차대차 - 추돌 - 진행중,안전운전불이행,건조,맑음,교차로 - 교차로안,화물,남,49세,상해없음,승용,남,28세,경상
2014072700100489,2014년 7월 27일 20시,일요일,충청남도 부여군 부여읍,중상사고,0,1,1,0,차대차 - 기타,차로위반,건조,맑음,단일로 - 기타,승용,남,26세,상해없음,이륜,남,47세,경상
2014072700100490,2014년 7월 27일 20시,일요일,충청남도 부여군 내산면,사망사고,1,0,0,0,차대차 - 기타,안전운전불이행,건조,맑음,단일로 - 기타,승용,남,52세,사망,승용,남,45세,기타불명