사고번호,사고일시,요일,시군구,사고내용,사망자수,중상자수,경상자수,부상신고자수,사고유형,법규위반,노면상태,기상상태,도로형태,가해운전자 차종,가해운전자 성별,가해운전자 연령,가해운전자 상해정도,피해운전자 차종,피해운전자 성별,피해운전자 연령,피해운전자 상해정도
2014072700100518,2014년 7월 27일 21시,일요일,충청남도 서천군 화양면,중상사고,0,1,0,0,차량단독 - 기타,안전운전불이행,건조,맑음,단일로 - 교량,원동기,남,17세,중상,,,,
2014072800100034,2014년 7월 28일 05시,월요일,충청남도 천안시 서북구 두정동,경상사고,0,0,1,0,차대차 - 기타,신호위반,건조,맑음,교차로 - 교차로안,기타불명,기타불명,기타불명,기타불명,승용,여,44세,경상
2014072800100048,2014년 7월 28일 06시,월요일,충청남도 태안군 태안읍,경상사고,0,0,1,0,차대차 - 측면직각충돌,신호위반,건조,맑음,교차로 - 교차로안,화물,남,71세,경상,건설기계,남,40세,상해없음
2014072800100063,2014년 7월 28일 07시,월요일,충청남도 예산군 예산읍,경상사고,0,0,1,0,차량단독 - 기타,안전운전불이행,건조,맑음,교차로 - 교차로부근,이륜,남,18세,경상,,,,
2014072800100087,2014년 7월 28일 08시,월요일,충청남도 논산시 강경읍,경상사고,0,0,1,0,차대차 - 추돌 - 진행중,안전거리미확보,건조,맑음,단일로 - 기타,승용,여,36세,상해없음,승용,남,50세,경상
2014072800100113,2014년 7월 28일 09시,월요일,충청남도 논산시 취암동,경상사고,0,0,1,0,차대차 - 추돌 - 주정차중,안전운전불이행,건조,맑음,교차로 - 교차로부근,승용,남,20세,상해없음,승용,남,54세,경상
2014072800100143,2014년 7월 28일 10시,월요일,충청남도 서산시 음암면,경상사고,0,0,1,0,차대차 - 측면직각충돌,안전운전불이행,건조,맑음,교차로 - 교차로안,화물,여,54세,상해없음,원동기,남,72세,경상
2014072800100175,2014년 7월 28일 11시,월요일,충청남도 논산시 취암동,경상사고,0,0,1,0,차대차 - 기타,안전운전불이행,건조,맑음,단일로 - 기타,승용,여,37세,상해없음,승용,여,47세,경상
2014072800100211,2014년 7월 28일 12시,월요일,충청남도 태안군 원북면,경상사고,0,0,1,0,차대차 - 기타,중앙선침범,건조,맑음,기타 - 기타,승용,남,33세,경상,화물,남,52세,상해없음
2014072800100212,2014년 7월 28일 12시,월요일,충청남도 부여군 임천면,중상사고,0,2,0,0,차대차 - 기타,안전운전불이행,건조,맑음,단일로 - 기타,승용,남,63세,중상,승용,남,64세,중상
2014072800100247,2014년 7월 28일 13시,월요일,충청남도 부여군 부여읍,경상사고,0,0,1,0,차대차 - 기타,직진우회전진행방해,건조,맑음,교차로 - 교차로안,승용,여,45세,상해없음,승합,남,51세,경상
2014072800100276,2014년 7월 28일 14시,월요일,충청남도 천안시 서북구 성환읍,중상사고,0,1,0,0,차대차 - 기타,안전운전불이행,건조,맑음,교차로 - 교차로부근,승용,남,58세,상해없음,원동기,남,66세,중상
2014072800100349,2014년 7월 28일 16시,월요일,충청남도 서천군 장항읍,중상사고,0,1,0,0,차대차 - 기타,신호위반,습기,비,교차로 - 교차로안,이륜,남,66세,중상,화물,남,47세,상해없음
2014072800100426,2014년 7월 28일 18시,월요일,충청남도 부여군 부여읍,경상사고,0,0,1,0,차대차 - 기타,안전운전불이행,건조,맑음,교차로 - 교차로부근,승용,남,43세,상해없음,원동기,남,69세,경상
2014072800100462,2014년 7월 28일 19시,월요일,충청남도 천안시 서북구 쌍용동,경상사고,0,0,1,0,차대차 - 기타,신호위반,건조,맑음,교차로 - 교차로부근,승용,여,50세,경상,승용,남,50세,상해없음
2014072800100463,2014년 7월 28일 19시,월요일,충청남도 천안시 동남구 신부동,부상신고사고,0,0,0,1,차대차 - 기타,안전운전불이행,건조,맑음,단일로 - 기타,화물,남,29세,상해없음,승용,남,23세,부상신고
2014072800100534,2014년 7월 28일 21시,월요일,충청남도 서산시 동문동,경상사고,0,0,2,0,차대차 - 기타,안전운전불이행,건조,맑음,교차로 - 교차로안,승용,남,33세,상해없음,승용,여,25세,경상
2014072800100535,2014년 7월 28일 21시,월요일,충청남도 천안시 서북구 쌍용동,경상사고,0,0,1,0,차대사람 - 기타,안전운전불이행,건조,맑음,기타 - 기타,승합,남,53세,상해없음,보행자,남,60세,경상
2014072800100536,2014년 7월 28일 21시,월요일,충청남도 논산시 내동,경상사고,0,0,3,0,차대차 - 측면직각충돌,신호위반,건조,흐림,교차로 - 교차로안,승용,남,69세,경상,승용,남,29세,경상
2014072800100563,2014년 7월 28일 22시,월요일,충청남도 서산시 대산읍,중상사고,0,1,0,0,차대사람 - 기타,안전운전불이행,건조,맑음,기타 - 기타,승용,남,50세,상해없음,보행자,남,46세,중상
2014072800100564,2014년 7월 28일 22시,월요일,충청남도 서산시 예천동,경상사고,0,0,1,0,차대차 - 측면직각충돌,안전운전불이행,건조,맑음,교차로 - 교차로부근,이륜,남,53세,경상,승용,남,44세,상해없음
2014072800100565,2014년 7월 28일 22시,월요일,충청남도 태안군 남면,경상사고,0,0,1,0,차대사람 - 기타,안전운전불이행,건조,맑음,단일로 - 기타,농기계,남,10세,상해없음,보행자,여,41세,경상
2014072800100566,2014년 7월 28일 22시,월요일,충청남도 천안시 서북구 차암동,경상사고,0,0,1,0,차대차 - 기타,교차로운행방법위반,건조,맑음,교차로 - 교차로안,승용,여,45세,경상,승용,남,58세,상해없음
2014072800100567,2014년 7월 28일 22시,월요일,충청남도 천안시 서북구 성성동,경상사고,0,0,1,0,차대차 - 기타,안전운전불이행,건조,맑음,기타 - 기타,자전거,남,15세,경상,승용,남,28세,상해없음
2014072800100598,2014년 7월 28일 23시,월요일,충청남도 서산시 지곡면,경상사고,0,0,1,0,차대차 - 추돌 - 진행중,안전운전불이행,건조,맑음,단일로 - 기타,승용,남,21세,상해없음,승용,여,31세,경상
2014072800100599,2014년 7월 28일 23시,월요일,충청남도 아산시 배방읍,경상사고,0,0,2,0,차대차 - 기타,안전운전불이행,건조,맑음,단일로 - 기타,승용,남,54세,상해없음,승용,남,48세,경상
2014072900100011,2014년 7월 29일 00시,화요일,충청남도 보령시 신흑동,중상사고,0,3,2,0,차대차 - 추돌 - 주정차중,안전운전불이행,건조,흐림,단일로 - 기타,승용,남,27세,상해없음,승용,남,20세,중상
2014072900100012,2014년 7월 29일 00시,화요일,충청남도 천안시 동남구 신부동,경상사고,0,0,2,0,차대차 - 기타,교차로운행방법위반,건조,맑음,교차로 - 교차로안,승용,남,37세,상해없음,승용,남,52세,경상
2014072900100080,2014년 7월 29일 06시,화요일,충청남도 논산시 연무읍,중상사고,0,1,0,0,차대차 - 측면직각충돌,안전거리미확보,습기,비,단일로 - 기타,원동기,남,81세,중상,화물,남,42세,상해없음
2014072900100094,2014년 7월 29일 07시,화요일,충청남도 서산시 음암면,중상사고,0,1,0,0,차대차 - 측면직각충돌,중앙선침범,습기,비,단일로 - 기타,화물,남,34세,상해없음,화물,남,60세,중상
2014072900100095,2014년 7월 29일 07시,화요일,충청남도 홍성군 광천읍,중상사고,0,1,0,0,차대차 - 측면직각충돌,중앙선침범,습기,비,단일로 - 기타,승용,여,52세,기타불명,승용,여,63세,중상
2014072900100115,2014년 7월 29일 08시,화요일,충청남도 천안시 서북구 성정동,경상사고,0,0,1,0,차대차 - 기타,직진우회전진행방해,건조,맑음,교차로 - 교차로안,승용,남,58세,상해없음,승용,여,48세,경상
2014072900100177,2014년 7월 29일 10시,화요일,충청남도 보령시 청소면,중상사고,0,1,0,0,차대차 - 기타,불법유턴,건조,맑음,단일로 - 기타,화물,남,64세,상해없음,승용,남,45세,중상
2014072900100178,2014년 7월 29일 10시,화요일,충청남도 천안시 동남구 신부동,경상사고,0,0,1,0,차대차 - 추돌 - 진행중,안전운전불이행,건조,맑음,단일로 - 기타,승용,여,42세,경상,승용,남,62세,상해없음
2014072900100246,2014년 7월 29일 12시,화요일,충청남도 태안군 안면읍,중상사고,0,1,0,0,차대차 - 기타,안전운전불이행,건조,맑음,단일로 - 기타,승용,여,54세,상해없음,원동기,여,44세,중상
2014072900100247,2014년 7월 29일 12시,화요일,충청남도 홍성군 홍북면,중상사고,0,1,0,0,차대차 - 기타,안전운전불이행,건조,맑음,단일로 - 기타,승용,남,34세,상해없음,이륜,남,72세,중상
2014072900100298,2014년 7월 29일 14시,화요일,충청남도 천안시 서북구 쌍용동,경상사고,0,0,1,0,차대차 - 기타,안전운전불이행,건조,맑음,기타 - 기타,승용,남,28세,상해없음,승용,남,34세,경상
2014072900100336,2014년 7월 29일 15시,화요일,충청남도 논산시 대교동,중상사고,0,1,0,0,차대사람 - 기타,불법유턴,건조,맑음,단일로 - 기타,화물,남,40세,상해없음,보행자,여,78세,중상
2014072900100439,2014년 7월 29일 18시,화요일,충청남도 천안시 서북구 두정동,경상사고,0,0,1,0,차대차 - 기타,중앙선침범,건조,맑음,단일로 - 기타,승용,여,27세,상해없음,이륜,남,31세,경상
2014072900100540,2014년 7월 29일 21시,화요일,충청남도 예산군 예산읍,중상사고,0,1,0,0,차대사람 - 횡단중,보행자보호의무위반,건조,맑음,단일로 - 기타,승용,남,63세,상해없음,보행자,남,45세,중상
2014072900100565,2014년 7월 29일 22시,화요일,충청남도 당진시 시곡리,경상사고,0,0,1,0,차대차 - 측면직각충돌,안전운전불이행,기타,흐림,기타 - 기타,승용,남,49세,상해없음,승용,남,64세,상해없음
2014072900100595,2014년 7월 29일 23시,화요일,충청남도 천안시 서북구 성정동,경상사고,0,0,1,0,차대차 - 측면직각충돌,안전운전불이행,건조,맑음,교차로 - 교차로안,승용,여,22세,기타불명,승용,남,40세,경상
2014073000100102,2014년 7월 30일 08시,수요일,충청남도 논산시 강산동,중상사고,0,1,0,0,차대사람 - 횡단중,안전운전불이행,건조,맑음,교차로 - 교차로안,승용,남,51세,상해없음,보행자,여,73세,중상
2014073000100103,2014년 7월 30일 08시,수요일,충청남도 아산시 배방읍,중상사고,0,1,0,0,차대차 - 측면직각충돌,신호위반,건조,맑음,교차로 - 교차로안,승용,남,54세,상해없음,승용,여,52세,중상
2014073000100138,2014년 7월 30일 09시,수요일,충청남도 예산군 대흥면,중상사고,0,1,0,0,차대차 - 기타,직진우회전진행방해,건조,맑음,교차로 - 교차로안,원동기,남,67세,중상,승용,남,69세,상해없음
2014073000100180,2014년 7월 30일 10시,수요일,충청남도 서산시 읍내동,중상사고,0,1,1,0,차대차 - 측면직각충돌,교차로운행방법위반,건조,맑음,교차로 - 교차로안,승용,남,58세,경상,승합,남,52세,상해없음
2014073000100217,2014년 7월 30일 11시,수요일,충청남도 예산군 예산읍,중상사고,0,1,0,0,차대차 - 기타,안전운전불이행,건조,맑음,교차로 - 교차로부근,승용,남,26세,상해없음,원동기,남,82세,중상
2014073000100218,2014년 7월 30일 11시,수요일,충청남도 천안시 동남구 병천면,경상사고,0,0,1,0,차대차 - 추돌 - 주정차중,안전운전불이행,건조,맑음,단일로 - 기타,화물,남,65세,상해없음,승용,여,49세,경상
2014073000100219,2014년 7월 30일 11시,수요일,충청남도 천안시 동남구 신부동,중상사고,0,1,0,0,차대차 - 측면직각충돌,안전운전불이행,건조,맑음,단일로 - 기타,승용,남,23세,상해없음,승용,남,67세,중상
2014073000100246,2014년 7월 30일 12시,수요일,충청남도 공주시 금성동,부상신고사고,0,0,0,1,차대차 - 기타,안전운전불이행,건조,맑음,교차로 - 교차로안,이륜,남,19세,부상신고,승용,여,57세,상해없음
2014073000100277,2014년 7월 30일 13시,수요일,충청남도 보령시 대천동,중상사고,0,1,0,0,차대사람 - 횡단중,안전운전불이행,건조,맑음,교차로 - 교차로안,승용,여,51세,상해없음,보행자,여,59세,중상
2014073000100278,2014년 7월 30일 13시,수요일,충청남도 부여군 부여읍,중상사고,0,2,2,0,차대차 - 측면직각충돌,교차로운행방법위반,건조,맑음,교차로 - 교차로안,승용,여,50세,경상,승용,여,41세,중상
2014073000100358,2014년 7월 30일 15시,수요일,충청남도 서산시 동문동,경상사고,0,0,1,1,차대차 - 측면직각충돌,신호위반,건조,맑음,교차로 - 교차로안,승용,남,55세,부상신고,승용,여,41세,경상
2014073000100359,2014년 7월 30일 15시,수요일,충청남도 천안시 서북구 성환읍,중상사고,0,1,0,0,차대차 - 기타,신호위반,건조,맑음,교차로 - 교차로안,승용,남,52세,상해없음,승용,여,34세,중상
2014073000100360,2014년 7월 30일 15시,수요일,충청남도 공주시 신관동,중상사고,0,1,1,0,차대차 - 기타,직진우회전진행방해,건조,맑음,교차로 - 교차로안,승용,여,52세,중상,승합,남,47세,경상
2014073000100390,2014년 7월 30일 16시,수요일,충청남도 태안군 소원면,중상사고,0,1,0,0,차대사람 - 차도통행중,안전운전불이행,건조,맑음,단일로 - 기타,승용,남,30세,상해없음,보행자,남,56세,중상
2014073000100462,2014년 7월 30일 18시,수요일,충청남도 서산시 지곡면,경상사고,0,0,2,0,차대차 - 추돌 - 진행중,안전운전불이행,건조,맑음,교차로 - 교차로부근,화물,여,61세,상해없음,승용,여,35세,상해없음
2014073000100463,2014년 7월 30일 18시,수요일,충청남도 부여군 장암면,경상사고,0,0,1,0,차대차 - 측면직각충돌,교차로운행방법위반,건조,맑음,교차로 - 교차로안,이륜,남,50세,경상,승용,여,35세,상해없음
2014073000100537,2014년 7월 30일 20시,수요일,충청남도 아산시 배방읍,중상사고,0,2,1,0,차대차 - 기타,차로위반,건조,맑음,기타 - 기타,화물,남,60세,상해없음,승용,여,26세,중상
2014073000100539,2014년 7월 30일 20시,수요일,충청남도 당진시 신평면,중상사고,0,1,0,0,차대차 - 측면직각충돌,안전운전불이행,건조,맑음,단일로 - 기타,승용,남,37세,상해없음,이륜,남,22세,중상
2014073000100540,2014년 7월 30일 20시,수요일,충청남도 금산군 금산읍,경상사고,0,0,3,0,차대차 - 정면충돌,중앙선침범,건조,맑음,단일로 - 기타,화물,남,57세,상해없음,승용,남,54세,경상
2014073000100606,2014년 7월 30일 22시,수요일,충청남도 서산시 예천동,중상사고,0,1,0,0,차대차 - 측면직각충돌,중앙선침범,건조,맑음,단일로 - 기타,화물,남,41세,상해없음,이륜,남,16세,중상
2014073000100607,2014년 7월 30일 22시,수요일,충청남도 논산시 연산면,중상사고,0,1,0,0,차대사람 - 길가장자리구역통행중,안전운전불이행,건조,맑음,단일로 - 기타,승용,남,31세,상해없음,보행자,남,27세,중상
2014073100100009,2014년 7월 31일 00시,목요일,충청남도 아산시 권곡동,경상사고,0,0,1,0,차대차 - 기타,안전운전불이행,건조,맑음,기타 - 기타,승용,남,42세,상해없음,승용,남,56세,경상
2014073100100031,2014년 7월 31일 01시,목요일,충청남도 서산시 동문동,중상사고,0,1,1,0,차대차 - 측면직각충돌,안전운전불이행,건조,흐림,교차로 - 교차로안,승용,남,52세,경상,승용,여,34세,중상
2014073100100032,2014년 7월 31일 01시,목요일,충청남도 홍성군 홍성읍,경상사고,0,0,2,0,차대차 - 기타,교차로운행방법위반,건조,맑음,교차로 - 교차로안,승용,남,36세,상해없음,승용,남,21세,경상
2014073100100033,2014년 7월 31일 01시,목요일,충청남도 당진시 송악읍,사망사고,1,0,0,0,차대사람 - 횡단중,안전운전불이행,건조,맑음,단일로 - 기타,승용,남,49세,상해없음,보행자,남,39세,사망
2014073100100034,2014년 7월 31일 01시,목요일,충청남도 천안시 동남구 원성동,경상사고,0,0,2,0,차대차 - 측면직각충돌,신호위반,건조,맑음,교차로 - 교차로안,승용,남,19세,상해없음,승용,남,56세,경상
2014073100100055,2014년 7월 31일 02시,목요일,충청남도 당진시 사기소리,중상사고,0,1,0,0,차량단독 - 공작물충돌,안전운전불이행,건조,맑음,단일로 - 기타,승용,남,19세,상해없음,,,,
2014073100100151,2014년 7월 31일 08시,목요일,충청남도 천안시 서북구 직산읍,중상사고,0,1,0,0,차대사람 - 길가장자리구역통행중,교차로운행방법위반,건조,맑음,교차로 - 교차로안,화물,남,40세,상해없음,보행자,남,33세,중상
2014073100100152,2014년 7월 31일 08시,목요일,충청남도 천안시 서북구 두정동,중상사고,0,1,0,0,차대차 - 측면직각충돌,신호위반,건조,맑음,교차로 - 교차로안,승용,남,26세,상해없음,승용,남,62세,중상
2014073100100153,2014년 7월 31일 08시,목요일,충청남도 천안시 동남구 원성동,중상사고,0,1,0,0,차대차 - 측면직각충돌,안전운전불이행,건조,맑음,교차로 - 교차로안,원동기,남,18세,중상,승합,남,38세,상해없음
2014073100100177,2014년 7월 31일 09시,목요일,충청남도 서산시 음암면,중상사고,0,3,6,0,차대차 - 기타,기타,건조,맑음,교차로 - 교차로안,승합,남,53세,상해없음,화물,남,57세,중상
2014073100100178,2014년 7월 31일 09시,목요일,충청남도 서산시 지곡면,중상사고,0,1,0,0,차대차 - 기타,안전운전불이행,건조,맑음,교차로 - 교차로부근,화물,남,41세,상해없음,화물,남,66세,중상
2014073100100179,2014년 7월 31일 09시,목요일,충청남도 천안시 서북구 두정동,경상사고,0,0,1,0,차대사람 - 기타,안전운전불이행,건조,맑음,교차로 - 교차로부근,승용,남,56세,상해없음,보행자,여,17세,경상
2014073100100180,2014년 7월 31일 09시,목요일,충청남도 천안시 서북구 성정동,중상사고,0,1,0,0,차대차 - 기타,신호위반,습기,비,교차로 - 교차로안,승용,여,53세,상해없음,이륜,남,21세,중상
2014073100100181,2014년 7월 31일 09시,목요일,충청남도 보령시 남곡동,경상사고,0,0,4,0,차량단독 - 전도전복,안전운전불이행,건조,맑음,단일로 - 기타,승용,남,15세,경상,,,,
2014073100100215,2014년 7월 31일 10시,목요일,충청남도 아산시 탕정면,경상사고,0,0,2,0,차대차 - 추돌 - 주정차중,안전운전불이행,건조,맑음,기타 - 기타,승용,남,56세,상해없음,승용,여,26세,경상
2014073100100245,2014년 7월 31일 11시,목요일,충청남도 부여군 부여읍,중상사고,0,1,0,0,차대차 - 기타,안전운전불이행,건조,맑음,교차로 - 교차로부근,승용,여,50세,상해없음,자전거,남,75세,중상
2014073100100277,2014년 7월 31일 12시,목요일,충청남도 논산시 취암동,경상사고,0,0,1,0,차대차 - 추돌 - 주정차중,기타,건조,맑음,단일로 - 기타,원동기,남,17세,경상,승용,여,43세,상해없음
2014073100100278,2014년 7월 31일 12시,목요일,충청남도 천안시 동남구 구성동,중상사고,0,1,0,0,차대사람 - 횡단중,보행자보호의무위반,건조,맑음,단일로 - 횡단보도상,승용,남,50세,상해없음,보행자,남,6세,중상
2014073100100308,2014년 7월 31일 13시,목요일,충청남도 홍성군 갈산면,중상사고,0,1,0,0,차대차 - 정면충돌,교차로운행방법위반,건조,맑음,단일로 - 기타,이륜,여,61세,중상,승용,남,68세,상해없음
2014073100100309,2014년 7월 31일 13시,목요일,충청남도 부여군 초촌면,중상사고,0,1,0,0,차대차 - 기타,직진우회전진행방해,건조,맑음,교차로 - 교차로안,이륜,여,74세,중상,승합,남,51세,상해없음
2014073100100356,2014년 7월 31일 14시,목요일,충청남도 서천군 마산면,사망사고,1,1,0,0,차대차 - 기타,중앙선침범,건조,맑음,단일로 - 기타,원동기,남,56세,사망,화물,남,39세,상해없음
2014073100100415,2014년 7월 31일 16시,목요일,충청남도 서산시 부석면,경상사고,0,0,5,0,차대차 - 측면직각충돌,신호위반,건조,맑음,교차로 - 교차로부근,승용,남,48세,상해없음,승용,남,39세,경상
2014073100100416,2014년 7월 31일 16시,목요일,충청남도 천안시 서북구 두정동,경상사고,0,0,1,0,차대차 - 기타,중앙선침범,건조,맑음,기타 - 기타,이륜,남,28세,경상,승용,남,51세,상해없음
2014073100100417,2014년 7월 31일 16시,목요일,충청남도 천안시 서북구 쌍용동,중상사고,0,1,0,0,차대사람 - 기타,안전운전불이행,건조,맑음,교차로 - 교차로부근,승용,남,69세,상해없음,보행자,여,7세,중상
2014073100100418,2014년 7월 31일 16시,목요일,충청남도 천안시 동남구 신방동,중상사고,0,4,1,1,차대차 - 측면직각충돌,안전운전불이행,건조,맑음,단일로 - 기타,승용,남,64세,부상신고,승용,여,35세,중상
2014073100100421,2014년 7월 31일 16시,목요일,충청남도 천안시 서북구 입장면,중상사고,0,1,2,0,차대차 - 추돌 - 진행중,안전운전불이행,습기,맑음,단일로 - 기타,화물,남,49세,상해없음,승용,남,56세,중상
2014073100100471,2014년 7월 31일 17시,목요일,충청남도 청양군 청양읍,중상사고,0,1,0,0,차대차 - 기타,안전운전불이행,건조,맑음,교차로 - 교차로안,화물,남,49세,상해없음,이륜,남,49세,중상
2014073100100509,2014년 7월 31일 18시,목요일,충청남도 태안군 태안읍,경상사고,0,0,2,0,차대차 - 기타,안전운전불이행,건조,맑음,단일로 - 기타,이륜,남,84세,경상,승용,여,53세,경상
2014073100100510,2014년 7월 31일 18시,목요일,충청남도 아산시 음봉면,경상사고,0,0,2,0,차대차 - 추돌 - 진행중,안전운전불이행,건조,맑음,기타 - 기타,승용,여,39세,상해없음,승용,여,33세,경상
2014073100100556,2014년 7월 31일 19시,목요일,충청남도 홍성군 홍성읍,경상사고,0,0,1,0,차대사람 - 횡단중,안전운전불이행,건조,맑음,교차로 - 교차로부근,승용,여,37세,상해없음,보행자,여,5세,경상
2014073100100588,2014년 7월 31일 20시,목요일,충청남도 천안시 서북구 성정동,중상사고,0,1,0,0,차대사람 - 기타,안전운전불이행,건조,맑음,교차로 - 교차로부근,승용,남,34세,상해없음,보행자,남,42세,중상
2014073100100589,2014년 7월 31일 20시,목요일,충청남도 논산시 연산면,중상사고,0,3,3,1,차대차 - 측면직각충돌,신호위반,습기,흐림,교차로 - 교차로안,화물,남,72세,부상신고,승용,여,42세,경상
2014073100100590,2014년 7월 31일 20시,목요일,충청남도 서천군 서천읍,경상사고,0,0,5,0,차대차 - 기타,안전거리미확보,건조,맑음,단일로 - 기타,승용,남,44세,상해없음,승용,여,52세,경상
2014073100100623,2014년 7월 31일 21시,목요일,충청남도 홍성군 홍성읍,중상사고,0,2,1,0,차대차 - 측면직각충돌,신호위반,건조,맑음,교차로 - 교차로안,승용,남,23세,중상,승용,여,41세,경상
2014073100100624,2014년 7월 31일 21시,목요일,충청남도 아산시 배방읍,경상사고,0,0,3,0,차대차 - 측면직각충돌,신호위반,건조,맑음,교차로 - 교차로안,승용,남,59세,상해없음,승용,남,40세,경상
2014073100100625,2014년 7월 31일 21시,목요일,충청남도 서천군 서천읍,중상사고,0,1,0,0,차대차 - 기타,안전운전불이행,건조,기타,단일로 - 기타,승용,남,63세,상해없음,승용,여,42세,중상
2014073100100626,2014년 7월 31일 21시,목요일,충청남도 보령시 화산동,중상사고,0,1,1,0,차대차 - 추돌 - 진행중,안전운전불이행,건조,맑음,교차로 - 교차로부근,승용,남,51세,상해없음,승용,여,47세,중상
2014073100100690,2014년 7월 31일 23시,목요일,충청남도 보령시 신흑동,경상사고,0,0,1,0,차대차 - 추돌 - 주정차중,안전운전불이행,건조,맑음,단일로 - 기타,이륜,남,26세,상해없음,승용,여,38세,기타불명
2014080100100071,2014년 8월 1일 04시,금요일,충청남도 보령시 신흑동,경상사고,0,0,1,0,차대차 - 추돌 - 진행중,차로위반,건조,맑음,단일로 - 기타,승용,남,15세,상해없음,승용,남,29세,경상
2014080100100076,2014년 8월 1일 05시,금요일,충청남도 예산군 신양면,사망사고,1,0,0,0,차량단독 - 공작물충돌,안전운전불이행,기타,안개,단일로 - 기타,원동기,남,57세,사망,,,,
2014080100100122,2014년 8월 1일 08시,금요일,충청남도 아산시 온천동,중상사고,0,1,0,0,차대사람 - 횡단중,보행자보호의무위반,건조,맑음,단일로 - 기타,승용,남,34세,상해없음,보행자,남,74세,중상
2014080100100123,2014년 8월 1일 08시,금요일,충청남도 천안시 동남구 오룡동,중상사고,0,1,0,0,차대사람 - 차도통행중,안전운전불이행,건조,맑음,교차로 - 교차로부근,승용,여,50세,상해없음,보행자,남,71세,중상
2014080100100169,2014년 8월 1일 10시,금요일,충청남도 서산시 해미면,중상사고,0,1,0,0,차대사람 - 기타,안전운전불이행,건조,맑음,기타 - 기타,승용,여,50세,상해없음,보행자,남,4세,중상
2014080100100170,2014년 8월 1일 10시,금요일,충청남도 홍성군 홍동면,경상사고,0,0,3,0,차대차 - 추돌 - 주정차중,안전운전불이행,건조,맑음,단일로 - 기타,화물,남,53세,상해없음,승용,남,65세,경상
2014080100100171,2014년 8월 1일 10시,금요일,충청남도 천안시 동남구 신방동,경상사고,0,0,1,0,차대사람 - 기타,안전운전불이행,건조,맑음,단일로 - 기타,승합,남,42세,상해없음,보행자,여,90세,경상
2014080100100240,2014년 8월 1일 12시,금요일,충청남도 서산시 읍내동,경상사고,0,0,1,0,차대차 - 측면직각충돌,안전운전불이행,건조,맑음,단일로 - 기타,승용,남,53세,상해없음,승용,여,31세,경상
2014080100100241,2014년 8월 1일 12시,금요일,충청남도 논산시 취암동,경상사고,0,0,1,0,차대차 - 추돌 - 진행중,안전운전불이행,건조,맑음,교차로 - 교차로부근,승용,여,38세,상해없음,승용,여,56세,경상
2014080100100278,2014년 8월 1일 13시,금요일,충청남도 천안시 서북구 직산읍,경상사고,0,0,1,0,차대사람 - 차도통행중,안전운전불이행,건조,맑음,단일로 - 기타,승용,남,42세,상해없음,보행자,여,33세,경상
2014080100100279,2014년 8월 1일 13시,금요일,충청남도 논산시 양촌면,중상사고,0,1,0,0,차대차 - 측면직각충돌,안전운전불이행,건조,맑음,교차로 - 교차로부근,승용,남,66세,상해없음,화물,남,49세,중상
2014080100100280,2014년 8월 1일 13시,금요일,충청남도 서천군 서천읍,경상사고,0,0,1,0,차대차 - 기타,안전운전불이행,건조,맑음,단일로 - 기타,화물,남,25세,상해없음,원동기,남,77세,경상
2014080100100281,2014년 8월 1일 13시,금요일,충청남도 서천군 종천면,중상사고,0,1,0,0,차대차 - 기타,기타,건조,맑음,교차로 - 교차로안,화물,남,61세,상해없음,승용,여,68세,중상
2014080100100307,2014년 8월 1일 14시,금요일,충청남도 금산군 금산읍,경상사고,0,0,3,0,차대차 - 정면충돌,중앙선침범,건조,맑음,단일로 - 기타,이륜,남,55세,경상,승합,남,43세,경상
2014080100100308,2014년 8월 1일 14시,금요일,충청남도 청양군 화성면,경상사고,0,0,1,0,차대차 - 추돌 - 주정차중,안전운전불이행,건조,맑음,교차로 - 교차로부근,화물,남,60세,상해없음,승용,여,57세,경상
2014080100100345,2014년 8월 1일 15시,금요일,충청남도 당진시 석문면,경상사고,0,0,1,0,차대차 - 기타,안전운전불이행,건조,맑음,단일로 - 기타,승합,남,46세,상해없음,이륜,남,71세,경상
2014080100100384,2014년 8월 1일 16시,금요일,충청남도 논산시 노성면,경상사고,0,0,1,0,차대사람 - 기타,중앙선침범,건조,맑음,단일로 - 기타,승용,남,55세,상해없음,보행자,남,39세,경상
2014080100100426,2014년 8월 1일 17시,금요일,충청남도 서산시 운산면,중상사고,0,3,1,0,차대차 - 추돌 - 진행중,안전운전불이행,건조,맑음,단일로 - 기타,승합,남,59세,경상,승합,남,56세,상해없음
2014080100100427,2014년 8월 1일 17시,금요일,충청남도 천안시 동남구 다가동,중상사고,0,1,0,0,차대사람 - 차도통행중,보행자보호의무위반,건조,맑음,단일로 - 기타,승용,남,56세,상해없음,보행자,남,18세,중상
2014080100100428,2014년 8월 1일 17시,금요일,충청남도 천안시 동남구 구성동,경상사고,0,0,2,0,차대차 - 기타,안전운전불이행,건조,맑음,단일로 - 기타,화물,남,43세,상해없음,승용,남,47세,상해없음
2014080100100459,2014년 8월 1일 18시,금요일,충청남도 태안군 소원면,경상사고,0,0,1,0,차대차 - 측면직각충돌,안전운전불이행,건조,맑음,교차로 - 교차로안,원동기,남,34세,경상,승용,남,51세,상해없음