사고번호,사고일시,요일,시군구,사고내용,사망자수,중상자수,경상자수,부상신고자수,사고유형,법규위반,노면상태,기상상태,도로형태,가해운전자 차종,가해운전자 성별,가해운전자 연령,가해운전자 상해정도,피해운전자 차종,피해운전자 성별,피해운전자 연령,피해운전자 상해정도
2014081200100013,2014년 8월 12일 00시,화요일,충청남도 천안시 서북구 성정동,경상사고,0,0,2,0,차대차 - 기타,안전운전불이행,건조,맑음,교차로 - 교차로부근,승용,남,32세,상해없음,승용,남,32세,경상
2014081200100014,2014년 8월 12일 00시,화요일,충청남도 아산시 신창면,중상사고,0,1,0,0,차량단독 - 공작물충돌,안전운전불이행,건조,맑음,기타 - 기타,승합,여,46세,중상,,,,
2014081200100033,2014년 8월 12일 01시,화요일,충청남도 당진시 수청리,경상사고,0,0,1,0,차대차 - 추돌 - 진행중,안전운전불이행,건조,맑음,단일로 - 기타,승용,남,24세,상해없음,승용,남,31세,경상
2014081200100102,2014년 8월 12일 07시,화요일,충청남도 천안시 서북구 백석동,경상사고,0,0,2,0,차대차 - 측면직각충돌,안전운전불이행,건조,맑음,교차로 - 교차로안,승용,남,37세,상해없음,승용,남,31세,경상
2014081200100173,2014년 8월 12일 09시,화요일,충청남도 서천군 서천읍,중상사고,0,1,0,0,차대사람 - 기타,안전운전불이행,건조,맑음,단일로 - 기타,승용,여,46세,상해없음,보행자,여,60세,중상
2014081200100176,2014년 8월 12일 09시,화요일,충청남도 금산군 제원면,중상사고,0,1,0,0,차대차 - 측면직각충돌,교차로운행방법위반,건조,맑음,교차로 - 교차로안,이륜,남,77세,중상,화물,남,73세,상해없음
2014081200100207,2014년 8월 12일 10시,화요일,충청남도 논산시 연무읍,중상사고,0,1,0,0,차대차 - 측면직각충돌,중앙선침범,건조,맑음,단일로 - 기타,승용,여,36세,상해없음,원동기,남,66세,중상
2014081200100208,2014년 8월 12일 10시,화요일,충청남도 서천군 장항읍,중상사고,0,2,1,0,차대차 - 기타,직진우회전진행방해,건조,맑음,교차로 - 교차로안,승용,남,51세,상해없음,승합,남,59세,상해없음
2014081200100209,2014년 8월 12일 10시,화요일,충청남도 예산군 응봉면,경상사고,0,0,2,0,차대차 - 기타,안전운전불이행,건조,맑음,단일로 - 기타,이륜,남,81세,경상,승용,남,46세,상해없음
2014081200100268,2014년 8월 12일 12시,화요일,충청남도 아산시 탕정면,경상사고,0,0,1,0,차대차 - 기타,안전운전불이행,건조,맑음,단일로 - 기타,승용,남,46세,상해없음,화물,남,32세,경상
2014081200100335,2014년 8월 12일 14시,화요일,충청남도 서산시 석림동,중상사고,0,2,0,0,차대차 - 측면직각충돌,안전운전불이행,건조,맑음,교차로 - 교차로안,승용,남,24세,상해없음,이륜,여,44세,중상
2014081200100360,2014년 8월 12일 15시,화요일,충청남도 천안시 서북구 성거읍,경상사고,0,0,1,0,차대차 - 기타,안전운전불이행,건조,맑음,단일로 - 기타,승용,남,62세,상해없음,승용,남,35세,경상
2014081200100392,2014년 8월 12일 16시,화요일,충청남도 서산시 읍내동,중상사고,0,1,0,0,차대사람 - 기타,안전운전불이행,건조,맑음,단일로 - 기타,화물,남,59세,상해없음,보행자,남,15세,중상
2014081200100393,2014년 8월 12일 16시,화요일,충청남도 논산시 강산동,경상사고,0,0,1,0,차대사람 - 기타,안전운전불이행,건조,맑음,교차로 - 교차로안,승합,남,59세,상해없음,보행자,여,18세,경상
2014081200100466,2014년 8월 12일 18시,화요일,충청남도 서산시 석남동,중상사고,0,1,0,0,차대차 - 측면직각충돌,직진우회전진행방해,건조,맑음,교차로 - 교차로안,승용,남,44세,상해없음,이륜,남,17세,중상
2014081200100467,2014년 8월 12일 18시,화요일,충청남도 보령시 동대동,경상사고,0,0,1,0,차대차 - 측면직각충돌,안전운전불이행,건조,맑음,교차로 - 교차로안,승용,남,61세,상해없음,이륜,남,18세,경상
2014081200100468,2014년 8월 12일 18시,화요일,충청남도 금산군 복수면,중상사고,0,3,1,0,차대차 - 정면충돌,교차로운행방법위반,건조,흐림,교차로 - 교차로안,승용,여,63세,중상,승용,남,40세,중상
2014081200100469,2014년 8월 12일 18시,화요일,충청남도 청양군 정산면,경상사고,0,0,1,0,차량단독 - 전도전복,안전운전불이행,건조,맑음,단일로 - 기타,이륜,남,52세,경상,,,,
2014081200100528,2014년 8월 12일 20시,화요일,충청남도 계룡시 엄사면,경상사고,0,0,1,0,차대차 - 기타,안전운전불이행,건조,맑음,단일로 - 기타,승용,남,60세,기타불명,화물,남,49세,경상
2014081200100560,2014년 8월 12일 21시,화요일,충청남도 공주시 계룡면,경상사고,0,0,1,0,차량단독 - 공작물충돌,안전운전불이행,건조,맑음,교차로 - 교차로부근,승용,남,43세,경상,,,,
2014081200100590,2014년 8월 12일 22시,화요일,충청남도 당진시 순성면,중상사고,0,1,1,0,차대차 - 기타,안전운전불이행,건조,맑음,단일로 - 기타,승용,남,26세,상해없음,승용,남,28세,경상
2014081300100017,2014년 8월 13일 00시,수요일,충청남도 천안시 서북구 성정동,중상사고,0,1,0,0,차대사람 - 횡단중,안전운전불이행,건조,맑음,단일로 - 기타,승용,남,23세,상해없음,보행자,여,50세,중상
2014081300100018,2014년 8월 13일 00시,수요일,충청남도 서천군 서면,중상사고,0,1,0,0,차대차 - 기타,안전운전불이행,건조,맑음,단일로 - 기타,화물,남,44세,중상,승용,남,48세,기타불명
2014081300100052,2014년 8월 13일 03시,수요일,충청남도 보령시 남포면,중상사고,0,2,4,0,차량단독 - 도로외이탈 - 추락,안전운전불이행,건조,흐림,교차로 - 교차로안,승용,남,28세,경상,,,,
2014081300100060,2014년 8월 13일 04시,수요일,충청남도 천안시 서북구 불당동,경상사고,0,0,1,0,차대차 - 기타,안전운전불이행,건조,맑음,단일로 - 기타,원동기,남,45세,경상,승용,남,34세,상해없음
2014081300100061,2014년 8월 13일 04시,수요일,충청남도 부여군 규암면,중상사고,0,2,0,0,차대차 - 추돌 - 진행중,안전운전불이행,기타,안개,단일로 - 기타,화물,남,38세,중상,농기계,남,54세,중상
2014081300100076,2014년 8월 13일 06시,수요일,충청남도 천안시 서북구 성환읍,경상사고,0,0,3,0,차대차 - 기타,신호위반,건조,맑음,교차로 - 교차로안,승용,남,70세,상해없음,화물,남,59세,경상
2014081300100077,2014년 8월 13일 06시,수요일,충청남도 공주시 의당면,중상사고,0,1,2,0,차대차 - 추돌 - 진행중,안전운전불이행,건조,맑음,단일로 - 기타,화물,남,48세,경상,화물,남,51세,중상
2014081300100097,2014년 8월 13일 07시,수요일,충청남도 홍성군 광천읍,중상사고,0,2,0,0,차대차 - 기타,교차로운행방법위반,건조,흐림,교차로 - 교차로안,원동기,남,78세,중상,화물,남,46세,상해없음
2014081300100122,2014년 8월 13일 08시,수요일,충청남도 예산군 예산읍,중상사고,0,1,0,0,차대차 - 기타,안전운전불이행,건조,맑음,단일로 - 기타,승용,남,79세,상해없음,이륜,남,72세,중상
2014081300100243,2014년 8월 13일 12시,수요일,충청남도 아산시 권곡동,중상사고,0,1,0,0,차대사람 - 횡단중,기타,건조,맑음,단일로 - 기타,화물,남,48세,상해없음,보행자,여,76세,중상
2014081300100244,2014년 8월 13일 12시,수요일,충청남도 천안시 동남구 안서동,중상사고,0,1,0,0,차대차 - 기타,중앙선침범,건조,맑음,단일로 - 기타,승용,남,31세,상해없음,이륜,남,50세,중상
2014081300100277,2014년 8월 13일 13시,수요일,충청남도 천안시 서북구 백석동,중상사고,0,1,0,0,차대차 - 기타,신호위반,습기,비,교차로 - 교차로안,건설기계,남,62세,상해없음,승용,남,33세,중상
2014081300100312,2014년 8월 13일 14시,수요일,충청남도 천안시 서북구 쌍용동,경상사고,0,0,1,0,차대차 - 추돌 - 주정차중,기타,습기,비,단일로 - 기타,승용,남,78세,상해없음,승용,여,30세,경상
2014081300100313,2014년 8월 13일 14시,수요일,충청남도 예산군 예산읍,경상사고,0,0,2,0,차대차 - 추돌 - 주정차중,안전운전불이행,습기,비,단일로 - 기타,화물,남,65세,상해없음,승용,여,37세,경상
2014081300100348,2014년 8월 13일 15시,수요일,충청남도 서산시 대산읍,부상신고사고,0,0,0,1,차대차 - 측면직각충돌,안전운전불이행,습기,흐림,교차로 - 교차로안,승용,남,63세,상해없음,승용,여,30세,부상신고
2014081300100351,2014년 8월 13일 15시,수요일,충청남도 부여군 부여읍,중상사고,0,1,0,0,차대사람 - 횡단중,보행자보호의무위반,습기,비,단일로 - 기타,승용,남,44세,상해없음,보행자,여,74세,중상
2014081300100352,2014년 8월 13일 15시,수요일,충청남도 당진시 신평면,중상사고,0,1,1,0,차대차 - 기타,신호위반,습기,비,교차로 - 교차로안,승용,남,60세,상해없음,승용,여,44세,상해없음
2014081300100353,2014년 8월 13일 15시,수요일,충청남도 천안시 동남구 봉명동,경상사고,0,0,1,0,차대차 - 기타,안전운전불이행,건조,맑음,교차로 - 교차로부근,승용,남,54세,상해없음,승용,남,40세,경상
2014081300100392,2014년 8월 13일 16시,수요일,충청남도 보령시 웅천읍,중상사고,0,1,0,0,차대사람 - 기타,안전운전불이행,습기,비,단일로 - 기타,승용,여,48세,상해없음,보행자,여,54세,중상
2014081300100426,2014년 8월 13일 17시,수요일,충청남도 태안군 근흥면,중상사고,0,1,0,0,차대차 - 정면충돌,중앙선침범,건조,맑음,단일로 - 기타,승용,남,46세,기타불명,승용,남,51세,중상
2014081300100427,2014년 8월 13일 17시,수요일,충청남도 서산시 인지면,중상사고,0,1,0,0,차대차 - 추돌 - 진행중,안전운전불이행,건조,맑음,교차로 - 교차로부근,승합,남,40세,상해없음,승용,남,66세,중상
2014081300100428,2014년 8월 13일 17시,수요일,충청남도 보령시 청소면,경상사고,0,0,1,0,차대차 - 측면직각충돌,불법유턴,습기,비,단일로 - 기타,승용,여,62세,기타불명,화물,남,62세,경상
2014081300100460,2014년 8월 13일 18시,수요일,충청남도 홍성군 홍북면,중상사고,0,3,0,0,차대차 - 추돌 - 진행중,안전운전불이행,습기,비,단일로 - 기타,화물,남,63세,상해없음,승용,남,53세,중상
2014081300100461,2014년 8월 13일 18시,수요일,충청남도 서천군 서천읍,부상신고사고,0,0,0,1,차량단독 - 기타,안전운전불이행,습기,비,기타 - 기타,원동기,남,72세,부상신고,,,,
2014081300100491,2014년 8월 13일 19시,수요일,충청남도 서산시 읍내동,경상사고,0,0,1,0,차대사람 - 길가장자리구역통행중,안전운전불이행,습기,비,단일로 - 기타,승용,여,46세,상해없음,보행자,남,49세,경상
2014081300100492,2014년 8월 13일 19시,수요일,충청남도 천안시 동남구 목천읍,중상사고,0,5,0,0,차대차 - 추돌 - 주정차중,안전운전불이행,습기,비,단일로 - 기타,승용,남,27세,상해없음,승용,여,27세,중상
2014081300100533,2014년 8월 13일 20시,수요일,충청남도 아산시 득산동,경상사고,0,0,1,0,차대사람 - 횡단중,보행자보호의무위반,습기,비,단일로 - 횡단보도상,승용,남,44세,상해없음,보행자,남,18세,경상
2014081300100534,2014년 8월 13일 20시,수요일,충청남도 보령시 동대동,경상사고,0,0,1,0,차대사람 - 기타,안전운전불이행,습기,비,교차로 - 교차로부근,기타불명,기타불명,기타불명,기타불명,보행자,남,36세,경상
2014081300100570,2014년 8월 13일 21시,수요일,충청남도 아산시 탕정면,경상사고,0,0,2,0,차대차 - 정면충돌,중앙선침범,습기,비,교차로 - 교차로부근,승용,남,58세,상해없음,승용,남,46세,경상
2014081300100571,2014년 8월 13일 21시,수요일,충청남도 당진시 원당리,중상사고,0,1,0,0,차대차 - 추돌 - 진행중,안전거리미확보,습기,비,단일로 - 기타,승용,남,38세,상해없음,승용,남,31세,중상
2014081300100572,2014년 8월 13일 21시,수요일,충청남도 천안시 동남구 신방동,경상사고,0,0,2,0,차대차 - 기타,안전운전불이행,건조,맑음,교차로 - 교차로부근,승용,남,36세,상해없음,승용,남,36세,경상
2014081300100598,2014년 8월 13일 22시,수요일,충청남도 천안시 서북구 성거읍,경상사고,0,0,1,1,차대차 - 추돌 - 주정차중,중앙선침범,습기,비,단일로 - 기타,승용,기타불명,기타불명,기타불명,승용,남,27세,상해없음
2014081300100599,2014년 8월 13일 22시,수요일,충청남도 천안시 서북구 두정동,경상사고,0,0,1,0,차대차 - 기타,안전운전불이행,습기,비,단일로 - 횡단보도상,승용,남,50세,상해없음,자전거,남,17세,경상
2014081300100600,2014년 8월 13일 22시,수요일,충청남도 아산시 남동,중상사고,0,1,0,0,차대사람 - 횡단중,보행자보호의무위반,습기,비,단일로 - 횡단보도상,승용,남,52세,상해없음,보행자,남,34세,중상
2014081300100633,2014년 8월 13일 23시,수요일,충청남도 천안시 서북구 성정동,경상사고,0,0,6,0,차대차 - 추돌 - 주정차중,안전운전불이행,습기,비,교차로 - 교차로부근,승용,남,46세,상해없음,승용,남,31세,경상
2014081400100017,2014년 8월 14일 00시,목요일,충청남도 서천군 마서면,경상사고,0,0,1,0,차대차 - 기타,교차로운행방법위반,습기,비,교차로 - 교차로안,승합,남,59세,기타불명,승용,남,57세,경상
2014081400100038,2014년 8월 14일 01시,목요일,충청남도 천안시 서북구 두정동,경상사고,0,0,1,0,차대차 - 측면직각충돌,신호위반,습기,비,교차로 - 교차로안,승용,남,54세,상해없음,화물,남,19세,상해없음
2014081400100170,2014년 8월 14일 09시,목요일,충청남도 공주시 산성동,경상사고,0,0,1,0,차대사람 - 기타,안전운전불이행,습기,비,기타 - 기타,화물,남,64세,기타불명,보행자,남,39세,경상
2014081400100171,2014년 8월 14일 09시,목요일,충청남도 천안시 동남구 오룡동,중상사고,0,1,0,0,차대사람 - 기타,안전운전불이행,습기,비,교차로 - 교차로안,화물,여,47세,상해없음,보행자,여,64세,중상
2014081400100220,2014년 8월 14일 11시,목요일,충청남도 서산시 동문동,중상사고,0,2,0,0,차대차 - 기타,교차로운행방법위반,건조,맑음,교차로 - 교차로안,승용,여,43세,상해없음,이륜,남,76세,중상
2014081400100264,2014년 8월 14일 12시,목요일,충청남도 보령시 남포면,중상사고,0,1,0,0,차대차 - 기타,안전운전불이행,습기,비,단일로 - 기타,승용,남,16세,기타불명,승용,남,56세,중상
2014081400100265,2014년 8월 14일 12시,목요일,충청남도 당진시 원당리,경상사고,0,0,2,0,차대차 - 측면직각충돌,신호위반,습기,비,교차로 - 교차로안,화물,남,34세,상해없음,승용,여,36세,경상
2014081400100266,2014년 8월 14일 12시,목요일,충청남도 청양군 정산면,중상사고,0,3,1,0,차대차 - 측면직각충돌,중앙선침범,습기,흐림,단일로 - 기타,화물,남,51세,경상,승용,남,63세,중상
2014081400100305,2014년 8월 14일 13시,목요일,충청남도 서천군 종천면,중상사고,0,1,0,0,차량단독 - 기타,안전운전불이행,습기,비,기타 - 기타,화물,남,69세,중상,,,,
2014081400100306,2014년 8월 14일 13시,목요일,충청남도 천안시 동남구 대흥동,중상사고,0,1,0,0,차대사람 - 횡단중,안전운전불이행,건조,맑음,단일로 - 기타,승합,남,51세,상해없음,보행자,여,45세,중상
2014081400100353,2014년 8월 14일 14시,목요일,충청남도 당진시 원당리,경상사고,0,0,1,0,차대차 - 측면직각충돌,교차로운행방법위반,습기,비,교차로 - 교차로안,승합,여,39세,상해없음,화물,남,45세,경상
2014081400100384,2014년 8월 14일 15시,목요일,충청남도 천안시 서북구 쌍용동,경상사고,0,0,1,0,차대차 - 기타,신호위반,건조,맑음,교차로 - 교차로안,승용,남,49세,상해없음,화물,남,42세,경상
2014081400100385,2014년 8월 14일 15시,목요일,충청남도 천안시 동남구 신부동,경상사고,0,0,1,0,차대차 - 추돌 - 진행중,안전운전불이행,건조,맑음,단일로 - 기타,승용,남,22세,상해없음,승용,여,33세,경상
2014081400100419,2014년 8월 14일 16시,목요일,충청남도 서천군 마서면,중상사고,0,1,0,0,차대사람 - 기타,안전운전불이행,건조,맑음,교차로 - 교차로안,화물,남,45세,상해없음,보행자,남,23세,중상
2014081400100420,2014년 8월 14일 16시,목요일,충청남도 천안시 동남구 봉명동,경상사고,0,0,1,0,차대사람 - 기타,중앙선침범,건조,맑음,단일로 - 기타,승용,남,21세,상해없음,보행자,여,82세,경상
2014081400100421,2014년 8월 14일 16시,목요일,충청남도 천안시 동남구 동면,중상사고,0,1,0,0,차대차 - 정면충돌,중앙선침범,습기,비,단일로 - 기타,승용,남,31세,상해없음,승용,남,44세,중상
2014081400100528,2014년 8월 14일 19시,목요일,충청남도 천안시 동남구 풍세면,경상사고,0,0,2,0,차대차 - 추돌 - 진행중,안전운전불이행,습기,비,단일로 - 기타,승용,기타불명,기타불명,기타불명,승용,남,63세,경상
2014081400100618,2014년 8월 14일 21시,목요일,충청남도 태안군 남면,부상신고사고,0,0,0,1,차량단독 - 기타,안전운전불이행,건조,맑음,기타 - 기타,화물,남,53세,부상신고,,,,
2014081400100620,2014년 8월 14일 21시,목요일,충청남도 당진시 읍내리,경상사고,0,0,1,0,차대차 - 측면직각충돌,안전운전불이행,건조,맑음,교차로 - 교차로부근,승용,남,55세,상해없음,승용,여,41세,상해없음
2014081400100621,2014년 8월 14일 21시,목요일,충청남도 천안시 서북구 성거읍,중상사고,0,2,0,0,차대차 - 기타,안전운전불이행,습기,비,단일로 - 기타,화물,남,42세,상해없음,승용,여,38세,중상
2014081400100657,2014년 8월 14일 22시,목요일,충청남도 태안군 안면읍,중상사고,0,1,2,0,차대차 - 기타,교차로운행방법위반,습기,흐림,교차로 - 교차로안,승용,남,40세,중상,승용,남,22세,경상
2014081400100658,2014년 8월 14일 22시,목요일,충청남도 청양군 청양읍,경상사고,0,0,1,0,차대차 - 측면직각충돌,신호위반,습기,비,교차로 - 교차로안,승용,여,43세,상해없음,승용,여,53세,경상
2014081400100700,2014년 8월 14일 23시,목요일,충청남도 예산군 예산읍,중상사고,0,1,0,0,차대차 - 측면직각충돌,중앙선침범,습기,흐림,교차로 - 교차로안,원동기,남,49세,중상,승용,남,66세,상해없음
2014081500100017,2014년 8월 15일 00시,금요일,충청남도 천안시 동남구 수신면,경상사고,0,0,7,0,차대차 - 추돌 - 진행중,안전거리미확보,건조,맑음,단일로 - 기타,화물,남,49세,상해없음,승합,남,49세,기타불명
2014081500100042,2014년 8월 15일 01시,금요일,충청남도 서산시 동문동,중상사고,0,1,1,0,차대차 - 기타,교차로운행방법위반,건조,맑음,교차로 - 교차로안,승용,남,60세,기타불명,승용,여,48세,중상
2014081500100043,2014년 8월 15일 01시,금요일,충청남도 천안시 서북구 백석동,중상사고,0,1,1,0,차대사람 - 횡단중,안전운전불이행,건조,맑음,단일로 - 기타,승용,남,62세,상해없음,보행자,남,31세,중상
2014081500100102,2014년 8월 15일 05시,금요일,충청남도 천안시 서북구 두정동,경상사고,0,0,1,0,차대사람 - 기타,안전운전불이행,건조,맑음,단일로 - 기타,승용,남,19세,기타불명,보행자,남,24세,경상
2014081500100103,2014년 8월 15일 05시,금요일,충청남도 홍성군 구항면,중상사고,0,2,0,0,차량단독 - 공작물충돌,안전운전불이행,습기,비,단일로 - 기타,화물,남,78세,중상,,,,
2014081500100104,2014년 8월 15일 05시,금요일,충청남도 예산군 예산읍,경상사고,0,0,1,0,차대차 - 기타,안전운전불이행,건조,맑음,단일로 - 기타,기타불명,기타불명,기타불명,기타불명,자전거,남,47세,경상
2014081500100121,2014년 8월 15일 06시,금요일,충청남도 태안군 남면,중상사고,0,1,0,0,차대사람 - 횡단중,안전운전불이행,건조,맑음,단일로 - 기타,화물,여,51세,상해없음,보행자,여,77세,중상
2014081500100139,2014년 8월 15일 07시,금요일,충청남도 당진시 순성면,중상사고,0,1,0,0,차대차 - 측면직각충돌,교차로운행방법위반,건조,맑음,교차로 - 교차로안,화물,남,66세,상해없음,이륜,남,72세,중상
2014081500100161,2014년 8월 15일 08시,금요일,충청남도 천안시 동남구 수신면,중상사고,0,1,0,0,차대차 - 기타,안전운전불이행,건조,맑음,단일로 - 기타,승합,남,62세,상해없음,화물,남,50세,중상
2014081500100206,2014년 8월 15일 10시,금요일,충청남도 당진시 원당리,중상사고,0,1,0,0,차대차 - 추돌 - 진행중,안전운전불이행,건조,맑음,단일로 - 기타,화물,남,62세,상해없음,이륜,남,73세,중상
2014081500100230,2014년 8월 15일 11시,금요일,충청남도 태안군 안면읍,경상사고,0,0,1,0,차대차 - 측면직각충돌,안전운전불이행,건조,맑음,단일로 - 기타,이륜,남,64세,경상,이륜,남,79세,상해없음
2014081500100231,2014년 8월 15일 11시,금요일,충청남도 천안시 서북구 성환읍,중상사고,0,1,0,0,차대차 - 기타,안전운전불이행,건조,맑음,교차로 - 교차로부근,원동기,남,59세,상해없음,자전거,남,79세,중상
2014081500100251,2014년 8월 15일 12시,금요일,충청남도 서산시 인지면,경상사고,0,0,3,0,차대차 - 추돌 - 진행중,안전거리미확보,건조,맑음,단일로 - 기타,건설기계,남,31세,상해없음,승용,남,22세,경상
2014081500100252,2014년 8월 15일 12시,금요일,충청남도 아산시 온천동,경상사고,0,0,1,0,차대차 - 기타,중앙선침범,건조,맑음,단일로 - 기타,화물,남,33세,상해없음,승합,남,45세,경상
2014081500100286,2014년 8월 15일 13시,금요일,충청남도 보령시 동대동,경상사고,0,0,3,0,차대차 - 정면충돌,신호위반,건조,맑음,교차로 - 교차로안,승용,여,47세,경상,승용,남,27세,경상
2014081500100288,2014년 8월 15일 13시,금요일,충청남도 금산군 추부면,중상사고,0,1,0,0,차대차 - 측면직각충돌,교차로운행방법위반,건조,맑음,교차로 - 교차로안,승용,여,43세,상해없음,자전거,남,54세,중상
2014081500100347,2014년 8월 15일 15시,금요일,충청남도 청양군 대치면,중상사고,0,3,0,0,차량단독 - 기타,안전운전불이행,건조,맑음,단일로 - 기타,승용,여,54세,상해없음,,,,
2014081500100348,2014년 8월 15일 15시,금요일,충청남도 공주시 금흥동,경상사고,0,0,3,0,차대차 - 기타,안전운전불이행,건조,맑음,단일로 - 기타,승합,남,40세,경상,화물,남,54세,경상
2014081500100389,2014년 8월 15일 16시,금요일,충청남도 부여군 부여읍,경상사고,0,0,1,0,차대차 - 기타,중앙선침범,건조,맑음,단일로 - 기타,자전거,남,23세,경상,승용,여,34세,상해없음
2014081500100390,2014년 8월 15일 16시,금요일,충청남도 당진시 원당리,경상사고,0,0,1,0,차대사람 - 기타,안전운전불이행,건조,맑음,단일로 - 기타,화물,남,48세,상해없음,보행자,남,39세,경상
2014081500100428,2014년 8월 15일 17시,금요일,충청남도 당진시 합덕읍,중상사고,0,1,0,0,차대사람 - 횡단중,안전운전불이행,건조,맑음,단일로 - 기타,승용,남,80세,기타불명,보행자,남,49세,중상
2014081500100470,2014년 8월 15일 18시,금요일,충청남도 당진시 신평면,경상사고,0,0,2,0,차대차 - 기타,안전운전불이행,건조,맑음,교차로 - 교차로안,승합,남,49세,상해없음,승용,여,34세,경상
2014081500100505,2014년 8월 15일 19시,금요일,충청남도 아산시 풍기동,경상사고,0,0,3,0,차대차 - 추돌 - 진행중,안전운전불이행,건조,맑음,교차로 - 교차로부근,화물,남,42세,상해없음,승용,남,34세,경상
2014081500100540,2014년 8월 15일 20시,금요일,충청남도 논산시 취암동,중상사고,0,1,0,0,차대차 - 측면직각충돌,중앙선침범,건조,맑음,단일로 - 기타,승용,남,25세,상해없음,자전거,남,16세,중상
2014081500100541,2014년 8월 15일 20시,금요일,충청남도 천안시 동남구 신부동,중상사고,0,1,1,0,차대차 - 기타,신호위반,건조,맑음,교차로 - 교차로안,이륜,남,67세,중상,승용,남,42세,경상
2014081500100542,2014년 8월 15일 20시,금요일,충청남도 천안시 동남구 다가동,사망사고,1,0,0,0,차대사람 - 기타,안전운전불이행,건조,맑음,단일로 - 기타,승용,남,37세,상해없음,보행자,남,58세,사망
2014081500100622,2014년 8월 15일 23시,금요일,충청남도 천안시 서북구 두정동,경상사고,0,0,1,0,차대차 - 기타,안전거리미확보,건조,맑음,기타 - 기타,이륜,남,19세,경상,승용,남,24세,상해없음
2014081500100623,2014년 8월 15일 23시,금요일,충청남도 서천군 서면,경상사고,0,0,3,0,차대차 - 기타,신호위반,건조,맑음,교차로 - 교차로안,승용,남,26세,경상,승용,남,29세,경상
2014081500100624,2014년 8월 15일 23시,금요일,충청남도 부여군 석성면,경상사고,0,0,1,0,차대차 - 기타,안전운전불이행,건조,맑음,단일로 - 기타,화물,남,56세,상해없음,자전거,남,38세,경상
2014081600100007,2014년 8월 16일 00시,토요일,충청남도 천안시 서북구 두정동,경상사고,0,0,1,0,차량단독 - 공작물충돌,안전운전불이행,건조,맑음,기타 - 기타,원동기,여,16세,상해없음,,,,
2014081600100008,2014년 8월 16일 00시,토요일,충청남도 아산시 용화동,경상사고,0,0,2,0,차대차 - 기타,안전운전불이행,건조,맑음,기타 - 기타,승용,남,45세,상해없음,승용,남,56세,경상
2014081600100102,2014년 8월 16일 07시,토요일,충청남도 당진시 읍내리,경상사고,0,0,4,0,차대차 - 기타,안전운전불이행,건조,맑음,교차로 - 교차로안,승용,남,31세,상해없음,승용,여,27세,경상
2014081600100148,2014년 8월 16일 09시,토요일,충청남도 보령시 내항동,중상사고,0,1,0,0,차량단독 - 기타,안전운전불이행,건조,맑음,단일로 - 기타,원동기,남,20세,중상,,,,
2014081600100149,2014년 8월 16일 09시,토요일,충청남도 예산군 고덕면,경상사고,0,0,1,0,차대차 - 측면직각충돌,직진우회전진행방해,건조,맑음,교차로 - 교차로안,승용,남,40세,상해없음,자전거,남,28세,경상
2014081600100173,2014년 8월 16일 10시,토요일,충청남도 당진시 석문면,경상사고,0,0,1,0,차대사람 - 기타,안전운전불이행,건조,맑음,단일로 - 횡단보도부근,승용,남,41세,상해없음,보행자,여,8세,경상
2014081600100174,2014년 8월 16일 10시,토요일,충청남도 천안시 서북구 성거읍,경상사고,0,0,2,0,차대차 - 추돌 - 진행중,차로위반,건조,맑음,단일로 - 기타,승용,여,42세,경상,승합,남,67세,상해없음
2014081600100199,2014년 8월 16일 11시,토요일,충청남도 공주시 신관동,경상사고,0,0,1,0,차대차 - 기타,신호위반,건조,맑음,교차로 - 교차로안,승용,남,76세,상해없음,승용,남,42세,상해없음
2014081600100234,2014년 8월 16일 12시,토요일,충청남도 예산군 삽교읍,중상사고,0,2,1,0,차대차 - 정면충돌,중앙선침범,건조,맑음,교차로 - 교차로부근,화물,남,53세,상해없음,승용,남,29세,중상
2014081600100235,2014년 8월 16일 12시,토요일,충청남도 천안시 동남구 광덕면,중상사고,0,1,0,0,차대차 - 기타,안전운전불이행,건조,맑음,교차로 - 교차로안,승용,여,69세,상해없음,자전거,남,40세,중상
2014081600100272,2014년 8월 16일 13시,토요일,충청남도 공주시 반포면,중상사고,0,1,2,0,차대차 - 기타,안전운전불이행,건조,맑음,교차로 - 교차로부근,승용,남,30세,상해없음,승용,남,54세,경상
2014081600100341,2014년 8월 16일 15시,토요일,충청남도 공주시 정안면,사망사고,2,0,0,0,차대사람 - 기타,안전운전불이행,건조,맑음,단일로 - 기타,승용,남,28세,기타불명,보행자,남,66세,사망
2014081600100414,2014년 8월 16일 17시,토요일,충청남도 서산시 석남동,경상사고,0,0,1,0,차대차 - 기타,안전운전불이행,건조,맑음,교차로 - 교차로안,승용,남,41세,상해없음,원동기,남,16세,경상
2014081600100415,2014년 8월 16일 17시,토요일,충청남도 천안시 서북구 두정동,경상사고,0,0,1,0,차대차 - 기타,교차로운행방법위반,건조,맑음,교차로 - 교차로부근,승용,남,45세,상해없음,원동기,남,34세,경상