사고번호,사고일시,요일,시군구,사고내용,사망자수,중상자수,경상자수,부상신고자수,사고유형,법규위반,노면상태,기상상태,도로형태,가해운전자 차종,가해운전자 성별,가해운전자 연령,가해운전자 상해정도,피해운전자 차종,피해운전자 성별,피해운전자 연령,피해운전자 상해정도
2014081600100416,2014년 8월 16일 17시,토요일,충청남도 보령시 남포면,경상사고,0,0,1,0,차대차 - 기타,안전운전불이행,건조,맑음,단일로 - 기타,승합,기타불명,기타불명,기타불명,자전거,남,72세,경상
2014081600100417,2014년 8월 16일 17시,토요일,충청남도 당진시 읍내리,중상사고,0,1,1,0,차대차 - 측면직각충돌,기타,건조,맑음,교차로 - 교차로안,이륜,남,17세,상해없음,승용,남,46세,중상
2014081600100452,2014년 8월 16일 18시,토요일,충청남도 천안시 서북구 직산읍,경상사고,0,0,1,0,차대사람 - 보도통행중,보행자보호의무위반,건조,맑음,단일로 - 횡단보도상,승용,남,54세,상해없음,보행자,여,25세,경상
2014081600100515,2014년 8월 16일 20시,토요일,충청남도 천안시 서북구 두정동,경상사고,0,0,2,0,차대차 - 기타,안전거리미확보,건조,맑음,단일로 - 기타,승용,남,25세,경상,승합,남,39세,상해없음
2014081600100516,2014년 8월 16일 20시,토요일,충청남도 아산시 온천동,중상사고,0,1,0,0,차대사람 - 횡단중,안전운전불이행,건조,맑음,교차로 - 교차로안,이륜,남,38세,상해없음,보행자,여,51세,중상
2014081600100517,2014년 8월 16일 20시,토요일,충청남도 서천군 서천읍,경상사고,0,0,1,0,차대차 - 기타,중앙선침범,건조,맑음,단일로 - 기타,원동기,남,67세,경상,승용,남,55세,상해없음
2014081600100540,2014년 8월 16일 21시,토요일,충청남도 서산시 읍내동,중상사고,0,2,1,0,차대차 - 측면직각충돌,신호위반,건조,맑음,교차로 - 교차로안,승용,남,50세,상해없음,승합,남,54세,중상
2014081600100541,2014년 8월 16일 21시,토요일,충청남도 아산시 둔포면,경상사고,0,0,2,0,차대차 - 추돌 - 주정차중,안전운전불이행,건조,맑음,교차로 - 교차로부근,승용,기타불명,기타불명,기타불명,승용,남,31세,경상
2014081600100581,2014년 8월 16일 22시,토요일,충청남도 서산시 인지면,중상사고,0,3,0,1,차량단독 - 도로외이탈 - 추락,안전운전불이행,건조,맑음,단일로 - 기타,승용,남,16세,부상신고,,,,
2014081600100582,2014년 8월 16일 22시,토요일,충청남도 서산시 예천동,중상사고,0,1,0,0,차대사람 - 길가장자리구역통행중,안전운전불이행,건조,맑음,단일로 - 기타,승용,남,65세,상해없음,보행자,여,51세,중상
2014081600100583,2014년 8월 16일 22시,토요일,충청남도 서산시 읍내동,경상사고,0,0,1,0,차대차 - 기타,안전운전불이행,건조,맑음,기타 - 기타,승용,남,45세,상해없음,자전거,남,21세,경상
2014081600100584,2014년 8월 16일 22시,토요일,충청남도 아산시 용화동,경상사고,0,0,1,0,차대사람 - 기타,안전운전불이행,건조,맑음,단일로 - 기타,승용,남,23세,상해없음,보행자,남,29세,경상
2014081600100585,2014년 8월 16일 22시,토요일,충청남도 보령시 신흑동,중상사고,0,1,0,0,차대차 - 기타,안전운전불이행,건조,맑음,단일로 - 기타,승용,남,23세,상해없음,자전거,남,16세,중상
2014081600100586,2014년 8월 16일 22시,토요일,충청남도 예산군 신양면,중상사고,0,3,2,0,차량단독 - 공작물충돌,안전운전불이행,건조,맑음,단일로 - 기타,승용,남,37세,중상,,,,
2014081600100611,2014년 8월 16일 23시,토요일,충청남도 천안시 동남구 신방동,경상사고,0,0,1,0,차대사람 - 길가장자리구역통행중,안전운전불이행,건조,맑음,단일로 - 기타,승용,남,22세,상해없음,보행자,여,23세,경상
2014081700100012,2014년 8월 17일 00시,일요일,충청남도 천안시 서북구 성정동,경상사고,0,0,2,0,차대차 - 기타,안전운전불이행,건조,맑음,교차로 - 교차로부근,승용,남,37세,상해없음,승용,남,28세,경상
2014081700100041,2014년 8월 17일 02시,일요일,충청남도 서산시 읍내동,경상사고,0,0,2,0,차대차 - 측면직각충돌,안전운전불이행,건조,맑음,교차로 - 교차로안,승용,여,29세,상해없음,승용,남,25세,경상
2014081700100042,2014년 8월 17일 02시,일요일,충청남도 당진시 읍내리,경상사고,0,0,3,0,차대차 - 측면직각충돌,안전거리미확보,건조,맑음,단일로 - 기타,승용,남,24세,상해없음,승용,남,37세,경상
2014081700100074,2014년 8월 17일 05시,일요일,충청남도 논산시 연산면,중상사고,0,2,0,0,차대차 - 기타,안전운전불이행,건조,맑음,단일로 - 기타,화물,남,30세,중상,원동기,남,56세,중상
2014081700100106,2014년 8월 17일 08시,일요일,충청남도 공주시 금학동,경상사고,0,0,1,0,차대차 - 측면직각충돌,안전운전불이행,건조,맑음,교차로 - 교차로부근,승합,남,15세,상해없음,승용,여,46세,경상
2014081700100140,2014년 8월 17일 10시,일요일,충청남도 천안시 동남구 구성동,중상사고,0,1,0,0,차대사람 - 횡단중,보행자보호의무위반,습기,비,교차로 - 교차로부근,승용,여,49세,상해없음,보행자,여,70세,중상
2014081700100181,2014년 8월 17일 12시,일요일,충청남도 태안군 태안읍,중상사고,0,1,0,0,차량단독 - 전도전복,안전운전불이행,습기,비,단일로 - 기타,이륜,남,33세,중상,,,,
2014081700100182,2014년 8월 17일 12시,일요일,충청남도 당진시 석문면,경상사고,0,0,1,0,차대차 - 측면직각충돌,교차로운행방법위반,건조,맑음,교차로 - 교차로안,승용,남,75세,상해없음,승용,남,33세,경상
2014081700100207,2014년 8월 17일 13시,일요일,충청남도 태안군 원북면,경상사고,0,0,1,0,차대차 - 측면직각충돌,중앙선침범,습기,비,단일로 - 기타,승용,남,45세,상해없음,승합,남,47세,상해없음
2014081700100231,2014년 8월 17일 14시,일요일,충청남도 천안시 동남구 병천면,경상사고,0,0,2,0,차대차 - 추돌 - 진행중,안전거리미확보,건조,맑음,단일로 - 기타,승용,여,24세,상해없음,승용,여,40세,경상
2014081700100261,2014년 8월 17일 15시,일요일,충청남도 논산시 연무읍,중상사고,0,2,0,0,차대차 - 추돌 - 주정차중,안전운전불이행,습기,비,교차로 - 교차로부근,승용,남,53세,상해없음,승용,여,41세,중상
2014081700100262,2014년 8월 17일 15시,일요일,충청남도 아산시 권곡동,중상사고,0,1,0,0,차대차 - 기타,안전운전불이행,습기,비,교차로 - 교차로안,승용,여,19세,상해없음,승용,남,55세,상해없음
2014081700100263,2014년 8월 17일 15시,일요일,충청남도 아산시 법곡동,중상사고,0,1,0,0,차대차 - 기타,안전운전불이행,습기,흐림,교차로 - 교차로안,승용,남,73세,상해없음,원동기,남,43세,중상
2014081700100264,2014년 8월 17일 15시,일요일,충청남도 보령시 미산면,중상사고,0,1,0,0,차량단독 - 공작물충돌,안전운전불이행,습기,비,단일로 - 기타,승용,남,49세,중상,,,,
2014081700100292,2014년 8월 17일 16시,일요일,충청남도 천안시 동남구 목천읍,경상사고,0,0,3,0,차대차 - 정면충돌,중앙선침범,습기,비,단일로 - 기타,화물,남,41세,상해없음,승용,여,34세,경상
2014081700100310,2014년 8월 17일 17시,일요일,충청남도 천안시 동남구 다가동,경상사고,0,0,2,0,차대차 - 측면직각충돌,안전운전불이행,건조,맑음,단일로 - 기타,승용,남,56세,상해없음,승용,남,33세,경상
2014081700100312,2014년 8월 17일 17시,일요일,충청남도 보령시 천북면,경상사고,0,0,4,0,차량단독 - 공작물충돌,안전운전불이행,건조,흐림,단일로 - 기타,승합,남,63세,경상,,,,
2014081700100337,2014년 8월 17일 18시,일요일,충청남도 보령시 신흑동,경상사고,0,0,2,0,차량단독 - 공작물충돌,중앙선침범,습기,비,교차로 - 교차로부근,승용,남,17세,상해없음,,,,
2014081700100338,2014년 8월 17일 18시,일요일,충청남도 청양군 장평면,경상사고,0,0,1,0,차대차 - 추돌 - 주정차중,안전운전불이행,습기,비,단일로 - 기타,화물,남,63세,경상,승용,남,50세,기타불명
2014081700100339,2014년 8월 17일 18시,일요일,충청남도 천안시 동남구 목천읍,경상사고,0,0,1,0,차대차 - 추돌 - 진행중,안전운전불이행,건조,맑음,교차로 - 교차로안,이륜,여,61세,경상,화물,남,43세,상해없음
2014081700100393,2014년 8월 17일 20시,일요일,충청남도 공주시 소학동,중상사고,0,1,7,0,차대차 - 추돌 - 진행중,안전운전불이행,습기,비,단일로 - 기타,승용,남,54세,상해없음,승용,남,25세,경상
2014081700100424,2014년 8월 17일 21시,일요일,충청남도 서산시 예천동,경상사고,0,0,1,0,차량단독 - 공작물충돌,안전운전불이행,건조,맑음,교차로 - 교차로부근,승용,남,27세,상해없음,,,,
2014081700100453,2014년 8월 17일 22시,일요일,충청남도 천안시 서북구 쌍용동,경상사고,0,0,1,0,차대차 - 추돌 - 진행중,안전운전불이행,건조,흐림,단일로 - 기타,승용,남,33세,상해없음,승용,여,50세,경상
2014081700100454,2014년 8월 17일 22시,일요일,충청남도 보령시 신흑동,중상사고,0,1,0,0,차대차 - 측면직각충돌,안전운전불이행,건조,맑음,단일로 - 기타,승용,남,20세,상해없음,이륜,남,20세,중상
2014081800100039,2014년 8월 18일 02시,월요일,충청남도 천안시 동남구 원성동,중상사고,0,1,0,0,차대차 - 추돌 - 주정차중,안전운전불이행,건조,맑음,단일로 - 기타,승용,남,39세,상해없음,승합,남,43세,상해없음
2014081800100063,2014년 8월 18일 05시,월요일,충청남도 아산시 온천동,중상사고,0,1,0,0,차대사람 - 횡단중,안전운전불이행,습기,비,교차로 - 교차로안,승용,남,20세,상해없음,보행자,여,56세,중상
2014081800100072,2014년 8월 18일 06시,월요일,충청남도 보령시 궁촌동,중상사고,0,1,0,0,차대차 - 측면직각충돌,신호위반,습기,흐림,교차로 - 교차로안,승용,남,16세,상해없음,승용,남,25세,중상
2014081800100123,2014년 8월 18일 08시,월요일,충청남도 천안시 서북구 쌍용동,중상사고,0,1,0,0,차대차 - 기타,교차로운행방법위반,건조,맑음,교차로 - 교차로안,승용,남,50세,상해없음,승용,여,33세,중상
2014081800100159,2014년 8월 18일 09시,월요일,충청남도 논산시 대교동,경상사고,0,0,2,0,차대차 - 측면직각충돌,안전거리미확보,건조,흐림,단일로 - 기타,승용,남,72세,경상,화물,남,35세,상해없음
2014081800100160,2014년 8월 18일 09시,월요일,충청남도 아산시 배방읍,사망사고,1,0,0,0,차대사람 - 횡단중,신호위반,습기,비,교차로 - 교차로부근,승합,남,52세,상해없음,보행자,남,94세,사망
2014081800100187,2014년 8월 18일 10시,월요일,충청남도 천안시 동남구 봉명동,경상사고,0,0,1,0,차대사람 - 기타,안전운전불이행,건조,맑음,단일로 - 기타,화물,남,73세,기타불명,보행자,여,28세,경상
2014081800100213,2014년 8월 18일 11시,월요일,충청남도 태안군 태안읍,경상사고,0,0,1,0,차대차 - 측면직각충돌,교차로운행방법위반,건조,맑음,교차로 - 교차로안,승용,여,37세,상해없음,승용,남,65세,상해없음
2014081800100214,2014년 8월 18일 11시,월요일,충청남도 당진시 합덕읍,경상사고,0,0,1,0,차량단독 - 도로외이탈 - 추락,안전운전불이행,건조,맑음,단일로 - 기타,화물,남,50세,상해없음,,,,
2014081800100215,2014년 8월 18일 11시,월요일,충청남도 청양군 운곡면,경상사고,0,0,1,0,차량단독 - 기타,안전운전불이행,건조,맑음,단일로 - 기타,원동기,남,64세,경상,,,,
2014081800100248,2014년 8월 18일 12시,월요일,충청남도 논산시 연무읍,경상사고,0,0,1,0,차대차 - 정면충돌,안전운전불이행,건조,흐림,단일로 - 기타,원동기,남,63세,경상,화물,남,39세,상해없음
2014081800100279,2014년 8월 18일 13시,월요일,충청남도 서산시 죽성동,중상사고,0,1,0,0,차대사람 - 횡단중,안전운전불이행,건조,맑음,단일로 - 기타,승용,여,57세,상해없음,보행자,남,8세,중상
2014081800100308,2014년 8월 18일 14시,월요일,충청남도 서산시 동문동,경상사고,0,0,1,0,차대차 - 측면직각충돌,교차로운행방법위반,건조,맑음,교차로 - 교차로안,승용,여,61세,상해없음,이륜,남,47세,경상
2014081800100309,2014년 8월 18일 14시,월요일,충청남도 태안군 소원면,경상사고,0,0,1,0,차대차 - 추돌 - 진행중,안전거리미확보,건조,맑음,교차로 - 교차로안,원동기,남,80세,경상,승합,남,51세,상해없음
2014081800100310,2014년 8월 18일 14시,월요일,충청남도 태안군 태안읍,경상사고,0,0,2,0,차대차 - 측면직각충돌,신호위반,건조,맑음,교차로 - 교차로안,승용,여,43세,상해없음,승용,여,34세,경상
2014081800100311,2014년 8월 18일 14시,월요일,충청남도 천안시 서북구 두정동,경상사고,0,0,1,0,차대차 - 기타,안전운전불이행,건조,맑음,기타 - 기타,승용,여,42세,상해없음,승용,여,54세,경상
2014081800100312,2014년 8월 18일 14시,월요일,충청남도 서천군 장항읍,부상신고사고,0,0,0,1,차량단독 - 기타,안전운전불이행,기타,비,단일로 - 기타,원동기,남,71세,부상신고,,,,
2014081800100341,2014년 8월 18일 15시,월요일,충청남도 천안시 서북구 두정동,경상사고,0,0,1,0,차대차 - 기타,교차로운행방법위반,건조,맑음,교차로 - 교차로안,승용,남,25세,상해없음,이륜,남,23세,경상
2014081800100342,2014년 8월 18일 15시,월요일,충청남도 천안시 서북구 입장면,중상사고,0,2,1,0,차대차 - 정면충돌,중앙선침범,건조,맑음,기타 - 기타,화물,남,67세,중상,건설기계,남,51세,경상
2014081800100343,2014년 8월 18일 15시,월요일,충청남도 천안시 서북구 성환읍,경상사고,0,0,1,0,차대차 - 기타,안전운전불이행,건조,맑음,기타 - 기타,화물,남,54세,상해없음,승용,여,49세,경상
2014081800100411,2014년 8월 18일 17시,월요일,충청남도 서산시 해미면,중상사고,0,1,0,0,차대차 - 측면직각충돌,안전운전불이행,건조,맑음,교차로 - 교차로안,승용,여,39세,상해없음,원동기,남,54세,중상
2014081800100438,2014년 8월 18일 18시,월요일,충청남도 당진시 읍내리,경상사고,0,0,1,0,차대차 - 기타,교차로운행방법위반,습기,맑음,교차로 - 교차로부근,화물,남,26세,상해없음,이륜,남,16세,경상
2014081800100475,2014년 8월 18일 19시,월요일,충청남도 천안시 서북구 두정동,경상사고,0,0,1,0,차대차 - 측면직각충돌,중앙선침범,습기,비,단일로 - 기타,화물,남,62세,상해없음,이륜,남,17세,경상
2014081800100476,2014년 8월 18일 19시,월요일,충청남도 천안시 동남구 다가동,부상신고사고,0,0,0,1,차대차 - 추돌 - 진행중,안전운전불이행,건조,맑음,교차로 - 교차로안,원동기,남,16세,부상신고,승용,남,45세,상해없음
2014081800100545,2014년 8월 18일 21시,월요일,충청남도 태안군 안면읍,경상사고,0,0,2,0,차대차 - 정면충돌,중앙선침범,습기,비,단일로 - 기타,승용,남,40세,경상,승용,여,68세,경상
2014081800100575,2014년 8월 18일 22시,월요일,충청남도 홍성군 홍성읍,경상사고,0,0,1,0,차대차 - 기타,신호위반,습기,비,교차로 - 교차로안,특수,남,26세,상해없음,승용,남,52세,경상
2014081800100607,2014년 8월 18일 23시,월요일,충청남도 아산시 배방읍,경상사고,0,0,1,0,차대차 - 측면직각충돌,기타,습기,비,교차로 - 교차로안,승용,남,29세,상해없음,승용,남,49세,경상
2014081800100608,2014년 8월 18일 23시,월요일,충청남도 공주시 신관동,경상사고,0,0,1,0,차대차 - 측면직각충돌,신호위반,습기,비,교차로 - 교차로안,화물,여,58세,상해없음,승용,여,50세,경상
2014081900100018,2014년 8월 19일 00시,화요일,충청남도 천안시 서북구 성정동,중상사고,0,1,0,0,차량단독 - 공작물충돌,안전운전불이행,습기,비,교차로 - 교차로부근,승용,남,53세,중상,,,,
2014081900100131,2014년 8월 19일 07시,화요일,충청남도 서산시 음암면,경상사고,0,0,2,0,차대차 - 측면직각충돌,신호위반,습기,비,교차로 - 교차로안,승용,여,45세,경상,승용,여,50세,경상
2014081900100169,2014년 8월 19일 08시,화요일,충청남도 홍성군 홍성읍,중상사고,0,1,0,0,차대차 - 기타,신호위반,습기,흐림,교차로 - 교차로안,원동기,남,16세,상해없음,승합,남,37세,상해없음
2014081900100170,2014년 8월 19일 08시,화요일,충청남도 예산군 예산읍,중상사고,0,2,0,0,차대차 - 측면직각충돌,신호위반,습기,비,교차로 - 교차로안,화물,남,42세,상해없음,승용,여,45세,중상
2014081900100171,2014년 8월 19일 08시,화요일,충청남도 금산군 금산읍,경상사고,0,0,2,0,차대차 - 측면직각충돌,신호위반,습기,흐림,교차로 - 교차로안,승용,여,56세,경상,승용,남,43세,경상
2014081900100227,2014년 8월 19일 10시,화요일,충청남도 천안시 서북구 성정동,중상사고,0,1,0,0,차대사람 - 차도통행중,안전운전불이행,습기,흐림,단일로 - 기타,화물,남,59세,상해없음,보행자,남,79세,중상
2014081900100228,2014년 8월 19일 10시,화요일,충청남도 서천군 한산면,중상사고,0,2,1,0,차대차 - 기타,안전운전불이행,건조,맑음,기타 - 기타,승용,여,52세,경상,승용,남,64세,중상
2014081900100229,2014년 8월 19일 10시,화요일,충청남도 보령시 동대동,중상사고,0,1,0,0,차대사람 - 기타,안전운전불이행,건조,맑음,단일로 - 기타,승용,여,67세,상해없음,보행자,여,77세,중상
2014081900100230,2014년 8월 19일 10시,화요일,충청남도 금산군 제원면,경상사고,0,0,1,0,차대차 - 추돌 - 진행중,중앙선침범,건조,흐림,단일로 - 기타,승용,남,36세,상해없음,승용,남,45세,경상
2014081900100286,2014년 8월 19일 12시,화요일,충청남도 천안시 서북구 성정동,경상사고,0,0,1,0,차대사람 - 기타,안전운전불이행,건조,맑음,기타 - 기타,화물,남,54세,상해없음,보행자,남,24세,경상
2014081900100383,2014년 8월 19일 15시,화요일,충청남도 공주시 반포면,경상사고,0,0,1,0,차대사람 - 기타,안전운전불이행,건조,흐림,단일로 - 기타,화물,남,36세,기타불명,보행자,여,77세,경상
2014081900100456,2014년 8월 19일 17시,화요일,충청남도 아산시 인주면,중상사고,0,1,0,0,차대차 - 정면충돌,중앙선침범,건조,맑음,기타 - 기타,승용,남,30세,상해없음,승용,여,52세,중상
2014081900100495,2014년 8월 19일 18시,화요일,충청남도 서천군 화양면,경상사고,0,0,2,0,차대사람 - 기타,안전운전불이행,건조,기타,단일로 - 기타,승용,남,59세,상해없음,보행자,남,2세,경상
2014081900100539,2014년 8월 19일 19시,화요일,충청남도 서산시 음암면,중상사고,0,1,0,0,차대사람 - 횡단중,안전운전불이행,건조,맑음,단일로 - 기타,화물,남,37세,상해없음,보행자,남,70세,중상
2014081900100540,2014년 8월 19일 19시,화요일,충청남도 보령시 동대동,중상사고,0,1,0,0,차대차 - 추돌 - 진행중,안전운전불이행,건조,맑음,교차로 - 교차로부근,승용,여,29세,상해없음,자전거,여,48세,중상
2014081900100606,2014년 8월 19일 21시,화요일,충청남도 태안군 안면읍,중상사고,0,1,0,0,차대차 - 측면직각충돌,신호위반,건조,맑음,교차로 - 교차로안,승용,남,53세,상해없음,승용,여,34세,중상
2014081900100607,2014년 8월 19일 21시,화요일,충청남도 천안시 동남구 목천읍,경상사고,0,0,3,0,차대차 - 추돌 - 진행중,신호위반,건조,맑음,교차로 - 교차로안,승합,남,40세,상해없음,승용,남,21세,경상
2014081900100608,2014년 8월 19일 21시,화요일,충청남도 천안시 동남구 원성동,경상사고,0,0,1,1,차대차 - 측면직각충돌,중앙선침범,건조,맑음,단일로 - 기타,승용,남,52세,부상신고,승용,남,33세,경상
2014081900100639,2014년 8월 19일 22시,화요일,충청남도 태안군 근흥면,중상사고,0,1,0,0,차량단독 - 공작물충돌,안전운전불이행,건조,맑음,단일로 - 기타,승용,남,32세,중상,,,,
2014081900100640,2014년 8월 19일 22시,화요일,충청남도 태안군 태안읍,중상사고,0,1,0,0,차량단독 - 공작물충돌,안전운전불이행,건조,맑음,단일로 - 기타,승용,남,40세,중상,,,,
2014081900100641,2014년 8월 19일 22시,화요일,충청남도 공주시 신관동,경상사고,0,0,2,0,차대차 - 기타,신호위반,건조,맑음,교차로 - 교차로안,승용,남,35세,기타불명,승용,여,27세,경상
2014082000100096,2014년 8월 20일 07시,수요일,충청남도 천안시 서북구 성성동,경상사고,0,0,1,0,차대차 - 기타,신호위반,건조,맑음,교차로 - 교차로안,승용,여,28세,상해없음,승용,남,34세,경상
2014082000100097,2014년 8월 20일 07시,수요일,충청남도 보령시 신흑동,경상사고,0,0,1,0,차대사람 - 기타,안전운전불이행,건조,맑음,교차로 - 교차로부근,승용,여,33세,상해없음,보행자,남,34세,경상
2014082000100124,2014년 8월 20일 08시,수요일,충청남도 천안시 동남구 수신면,중상사고,0,1,2,0,차대차 - 측면직각충돌,신호위반,건조,맑음,교차로 - 교차로안,승용,남,49세,상해없음,승용,여,45세,중상
2014082000100183,2014년 8월 20일 10시,수요일,충청남도 예산군 응봉면,경상사고,0,0,2,0,차대차 - 추돌 - 진행중,안전운전불이행,건조,맑음,교차로 - 교차로부근,화물,남,60세,상해없음,화물,남,59세,경상
2014082000100206,2014년 8월 20일 11시,수요일,충청남도 공주시 우성면,중상사고,0,1,0,0,차량단독 - 전도전복,안전운전불이행,건조,맑음,단일로 - 기타,화물,남,72세,상해없음,,,,
2014082000100270,2014년 8월 20일 13시,수요일,충청남도 부여군 규암면,경상사고,0,0,1,0,차대차 - 측면직각충돌,차로위반,건조,맑음,단일로 - 기타,원동기,남,71세,경상,승용,남,78세,상해없음
2014082000100300,2014년 8월 20일 14시,수요일,충청남도 홍성군 홍성읍,경상사고,0,0,1,0,차대차 - 측면직각충돌,안전운전불이행,건조,맑음,교차로 - 교차로부근,승용,남,37세,상해없음,승용,남,42세,경상
2014082000100337,2014년 8월 20일 15시,수요일,충청남도 홍성군 구항면,경상사고,0,0,1,0,차대차 - 측면직각충돌,차로위반,건조,맑음,단일로 - 기타,건설기계,남,39세,상해없음,승용,남,51세,경상
2014082000100338,2014년 8월 20일 15시,수요일,충청남도 아산시 염치읍,중상사고,0,1,1,0,차대차 - 기타,안전운전불이행,건조,맑음,단일로 - 기타,이륜,남,76세,중상,화물,남,63세,경상
2014082000100392,2014년 8월 20일 17시,수요일,충청남도 천안시 동남구 봉명동,경상사고,0,0,1,0,차대차 - 측면직각충돌,교차로운행방법위반,건조,흐림,교차로 - 교차로안,승용,여,40세,상해없음,이륜,남,59세,경상
2014082000100393,2014년 8월 20일 17시,수요일,충청남도 예산군 예산읍,경상사고,0,0,2,0,차대차 - 측면직각충돌,신호위반,건조,맑음,교차로 - 교차로안,승용,남,43세,기타불명,승용,남,68세,경상
2014082000100418,2014년 8월 20일 18시,수요일,충청남도 아산시 용화동,중상사고,0,1,0,0,차대차 - 기타,안전운전불이행,습기,비,단일로 - 기타,승용,여,51세,상해없음,자전거,남,71세,중상
2014082000100454,2014년 8월 20일 19시,수요일,충청남도 천안시 서북구 성정동,중상사고,0,1,0,0,차대차 - 정면충돌,중앙선침범,습기,비,단일로 - 기타,화물,남,45세,상해없음,이륜,남,39세,중상
2014082000100455,2014년 8월 20일 19시,수요일,충청남도 당진시 읍내리,중상사고,0,1,0,0,차대사람 - 차도통행중,안전운전불이행,건조,맑음,단일로 - 기타,승용,남,50세,상해없음,보행자,남,55세,중상
2014082000100502,2014년 8월 20일 20시,수요일,충청남도 천안시 서북구 성성동,경상사고,0,0,2,0,차대차 - 추돌 - 진행중,안전운전불이행,습기,비,단일로 - 기타,승용,남,31세,상해없음,원동기,여,26세,경상
2014082000100503,2014년 8월 20일 20시,수요일,충청남도 아산시 탕정면,경상사고,0,0,3,0,차대차 - 추돌 - 진행중,안전운전불이행,건조,맑음,단일로 - 기타,승용,남,41세,상해없음,승용,남,47세,경상
2014082000100544,2014년 8월 20일 21시,수요일,충청남도 서산시 인지면,중상사고,0,1,0,0,차대차 - 기타,중앙선침범,건조,맑음,단일로 - 기타,화물,남,54세,상해없음,이륜,남,41세,중상
2014082000100545,2014년 8월 20일 21시,수요일,충청남도 아산시 탕정면,경상사고,0,0,1,0,차대차 - 추돌 - 주정차중,안전운전불이행,건조,맑음,단일로 - 기타,승용,남,51세,상해없음,승용,남,28세,기타불명
2014082000100575,2014년 8월 20일 22시,수요일,충청남도 서천군 서천읍,중상사고,0,1,1,0,차대차 - 측면직각충돌,신호위반,습기,비,교차로 - 교차로안,승용,남,51세,경상,승용,남,53세,중상
2014082000100620,2014년 8월 20일 23시,수요일,충청남도 천안시 서북구 불당동,경상사고,0,0,1,0,차대차 - 기타,안전운전불이행,습기,비,단일로 - 기타,승용,여,43세,상해없음,승용,여,75세,경상
2014082000100621,2014년 8월 20일 23시,수요일,충청남도 천안시 서북구 성정동,경상사고,0,0,1,0,차대사람 - 횡단중,보행자보호의무위반,건조,맑음,교차로 - 교차로부근,기타불명,기타불명,기타불명,기타불명,보행자,여,21세,경상
2014082000100622,2014년 8월 20일 23시,수요일,충청남도 당진시 시곡리,경상사고,0,0,3,0,차대차 - 측면직각충돌,신호위반,건조,맑음,교차로 - 교차로안,승용,남,26세,상해없음,승용,여,52세,경상
2014082100100018,2014년 8월 21일 00시,목요일,충청남도 천안시 서북구 성정동,경상사고,0,0,1,0,차대사람 - 기타,교차로운행방법위반,건조,맑음,교차로 - 교차로안,승용,남,29세,상해없음,보행자,남,54세,경상
2014082100100019,2014년 8월 21일 00시,목요일,충청남도 논산시 내동,경상사고,0,0,4,0,차대차 - 측면직각충돌,신호위반,습기,비,교차로 - 교차로안,승용,남,21세,상해없음,승용,남,35세,경상
2014082100100040,2014년 8월 21일 01시,목요일,충청남도 보령시 동대동,경상사고,0,0,1,0,차대차 - 기타,중앙선침범,습기,비,단일로 - 기타,승용,여,41세,상해없음,승용,남,64세,경상
2014082100100062,2014년 8월 21일 02시,목요일,충청남도 천안시 서북구 두정동,경상사고,0,0,2,0,차대차 - 측면직각충돌,교차로운행방법위반,건조,맑음,교차로 - 교차로안,승용,여,38세,상해없음,승용,남,52세,상해없음
2014082100100123,2014년 8월 21일 06시,목요일,충청남도 홍성군 광천읍,경상사고,0,0,1,0,차대차 - 측면직각충돌,안전운전불이행,습기,비,단일로 - 기타,화물,남,69세,상해없음,화물,남,56세,경상
2014082100100170,2014년 8월 21일 08시,목요일,충청남도 예산군 예산읍,중상사고,0,1,0,0,차대차 - 측면직각충돌,안전운전불이행,습기,비,교차로 - 교차로안,승용,남,62세,기타불명,화물,남,51세,상해없음
2014082100100201,2014년 8월 21일 09시,목요일,충청남도 천안시 서북구 성성동,경상사고,0,0,1,0,차대차 - 정면충돌,신호위반,습기,비,교차로 - 교차로안,화물,남,49세,상해없음,화물,남,43세,경상
2014082100100202,2014년 8월 21일 09시,목요일,충청남도 청양군 화성면,중상사고,0,1,0,0,차대차 - 추돌 - 진행중,안전운전불이행,습기,비,단일로 - 기타,화물,남,59세,상해없음,화물,남,55세,상해없음
2014082100100226,2014년 8월 21일 10시,목요일,충청남도 예산군 예산읍,경상사고,0,0,1,0,차대차 - 측면직각충돌,신호위반,습기,비,교차로 - 교차로안,화물,여,38세,상해없음,승용,여,44세,경상
2014082100100251,2014년 8월 21일 11시,목요일,충청남도 천안시 동남구 원성동,경상사고,0,0,1,1,차대차 - 측면직각충돌,신호위반,습기,비,교차로 - 교차로안,승용,여,55세,부상신고,화물,남,47세,경상
2014082100100287,2014년 8월 21일 12시,목요일,충청남도 청양군 정산면,중상사고,0,1,1,0,차대차 - 측면직각충돌,신호위반,습기,비,교차로 - 교차로안,화물,여,45세,상해없음,승합,남,42세,상해없음
2014082100100323,2014년 8월 21일 13시,목요일,충청남도 당진시 읍내리,사망사고,1,0,0,0,차량단독 - 공작물충돌,안전운전불이행,습기,비,단일로 - 기타,승용,남,30세,상해없음,,,,