사고번호,사고일시,요일,시군구,사고내용,사망자수,중상자수,경상자수,부상신고자수,사고유형,법규위반,노면상태,기상상태,도로형태,가해운전자 차종,가해운전자 성별,가해운전자 연령,가해운전자 상해정도,피해운전자 차종,피해운전자 성별,피해운전자 연령,피해운전자 상해정도
2014082100100377,2014년 8월 21일 15시,목요일,충청남도 부여군 임천면,경상사고,0,0,1,0,차대차 - 기타,직진우회전진행방해,습기,비,교차로 - 교차로안,농기계,남,52세,경상,승용,남,64세,상해없음
2014082100100378,2014년 8월 21일 15시,목요일,충청남도 당진시 합덕읍,경상사고,0,0,1,0,차대차 - 기타,중앙선침범,습기,비,교차로 - 교차로안,승용,여,53세,상해없음,승용,남,32세,경상
2014082100100409,2014년 8월 21일 16시,목요일,충청남도 당진시 송악읍,경상사고,0,0,1,0,차대차 - 기타,교차로운행방법위반,건조,맑음,교차로 - 교차로안,화물,남,69세,상해없음,화물,여,56세,경상
2014082100100410,2014년 8월 21일 16시,목요일,충청남도 청양군 청양읍,중상사고,0,1,1,0,차대차 - 추돌 - 주정차중,안전운전불이행,습기,비,단일로 - 기타,승용,남,71세,상해없음,승용,여,54세,중상
2014082100100487,2014년 8월 21일 18시,목요일,충청남도 공주시 정안면,중상사고,0,2,0,0,차대차 - 기타,중앙선침범,습기,비,교차로 - 교차로부근,화물,여,54세,기타불명,승용,여,52세,중상
2014082100100488,2014년 8월 21일 18시,목요일,충청남도 예산군 예산읍,경상사고,0,0,4,0,차대차 - 추돌 - 주정차중,안전운전불이행,습기,비,교차로 - 교차로부근,승합,남,55세,상해없음,승용,남,58세,경상
2014082100100489,2014년 8월 21일 18시,목요일,충청남도 천안시 동남구 구성동,중상사고,0,1,0,0,차대차 - 측면직각충돌,교차로운행방법위반,습기,흐림,교차로 - 교차로안,화물,남,49세,상해없음,이륜,남,18세,중상
2014082100100566,2014년 8월 21일 20시,목요일,충청남도 논산시 은진면,중상사고,0,1,1,0,차대차 - 추돌 - 주정차중,안전운전불이행,습기,비,교차로 - 교차로부근,화물,남,59세,상해없음,승용,남,29세,중상
2014082100100597,2014년 8월 21일 21시,목요일,충청남도 논산시 강경읍,경상사고,0,0,1,0,차대사람 - 횡단중,안전운전불이행,건조,맑음,교차로 - 교차로안,기타불명,기타불명,기타불명,기타불명,보행자,남,16세,경상
2014082100100598,2014년 8월 21일 21시,목요일,충청남도 아산시 배방읍,경상사고,0,0,2,0,차대차 - 추돌 - 진행중,안전거리미확보,습기,비,단일로 - 기타,승용,남,41세,상해없음,승용,남,39세,경상
2014082100100599,2014년 8월 21일 21시,목요일,충청남도 천안시 동남구 삼룡동,경상사고,0,0,2,0,차대차 - 추돌 - 주정차중,안전운전불이행,습기,흐림,교차로 - 교차로안,승용,남,43세,상해없음,승용,남,66세,경상
2014082100100651,2014년 8월 21일 23시,목요일,충청남도 서산시 석남동,부상신고사고,0,0,0,1,차대차 - 측면직각충돌,안전운전불이행,건조,맑음,교차로 - 교차로안,승용,남,20세,상해없음,이륜,남,18세,부상신고
2014082200100019,2014년 8월 22일 00시,금요일,충청남도 보령시 신흑동,경상사고,0,0,1,0,차량단독 - 기타,안전운전불이행,습기,비,단일로 - 기타,이륜,남,17세,경상,,,,
2014082200100072,2014년 8월 22일 04시,금요일,충청남도 천안시 서북구 성정동,경상사고,0,0,3,0,차대차 - 정면충돌,안전운전불이행,건조,맑음,교차로 - 교차로안,승용,남,24세,상해없음,승용,남,54세,경상
2014082200100087,2014년 8월 22일 05시,금요일,충청남도 천안시 서북구 성성동,경상사고,0,0,1,0,차량단독 - 공작물충돌,안전운전불이행,건조,맑음,기타 - 기타,승용,남,20세,상해없음,,,,
2014082200100184,2014년 8월 22일 09시,금요일,충청남도 예산군 광시면,경상사고,0,0,1,0,차대차 - 기타,안전운전불이행,건조,맑음,단일로 - 기타,승용,여,24세,상해없음,자전거,남,77세,경상
2014082200100267,2014년 8월 22일 12시,금요일,충청남도 천안시 서북구 두정동,경상사고,0,0,1,0,차대차 - 기타,교차로운행방법위반,건조,맑음,교차로 - 교차로안,원동기,남,82세,상해없음,승용,남,31세,상해없음
2014082200100268,2014년 8월 22일 12시,금요일,충청남도 논산시 성동면,중상사고,0,2,0,0,차대차 - 정면충돌,안전운전불이행,건조,맑음,교차로 - 교차로안,화물,남,67세,상해없음,승용,남,64세,중상
2014082200100269,2014년 8월 22일 12시,금요일,충청남도 홍성군 홍성읍,경상사고,0,0,1,0,차대차 - 기타,안전운전불이행,건조,맑음,교차로 - 교차로안,승용,남,43세,상해없음,이륜,남,22세,경상
2014082200100296,2014년 8월 22일 13시,금요일,충청남도 서산시 온석동,중상사고,0,2,0,0,차대차 - 기타,기타,건조,맑음,교차로 - 교차로안,화물,남,34세,상해없음,승용,여,53세,중상
2014082200100297,2014년 8월 22일 13시,금요일,충청남도 논산시 연무읍,중상사고,0,1,0,0,차대차 - 측면직각충돌,중앙선침범,건조,맑음,단일로 - 기타,승합,남,56세,상해없음,이륜,남,82세,중상
2014082200100299,2014년 8월 22일 13시,금요일,충청남도 청양군 남양면,경상사고,0,0,6,0,차대차 - 측면직각충돌,직진우회전진행방해,건조,맑음,교차로 - 교차로안,화물,남,38세,상해없음,승용,남,69세,경상
2014082200100331,2014년 8월 22일 14시,금요일,충청남도 당진시 읍내리,중상사고,0,1,0,0,차대사람 - 기타,안전운전불이행,건조,맑음,기타 - 기타,승용,여,18세,상해없음,보행자,남,64세,중상
2014082200100332,2014년 8월 22일 14시,금요일,충청남도 공주시 검상동,경상사고,0,0,4,0,차대차 - 추돌 - 진행중,안전운전불이행,건조,맑음,단일로 - 기타,승용,남,22세,경상,승용,남,37세,경상
2014082200100369,2014년 8월 22일 15시,금요일,충청남도 서천군 서천읍,경상사고,0,0,1,0,차대사람 - 기타,안전운전불이행,건조,맑음,단일로 - 기타,승합,남,69세,상해없음,보행자,여,79세,경상
2014082200100407,2014년 8월 22일 16시,금요일,충청남도 아산시 용화동,중상사고,0,1,0,0,차대사람 - 기타,안전운전불이행,건조,맑음,단일로 - 기타,승용,여,42세,상해없음,보행자,남,8세,중상
2014082200100408,2014년 8월 22일 16시,금요일,충청남도 예산군 오가면,중상사고,0,3,0,0,차대차 - 기타,신호위반,건조,맑음,교차로 - 교차로안,화물,남,47세,상해없음,승용,남,37세,중상
2014082200100451,2014년 8월 22일 17시,금요일,충청남도 서천군 서천읍,경상사고,0,0,1,0,차대차 - 기타,안전운전불이행,건조,맑음,단일로 - 기타,건설기계,남,59세,상해없음,승용,여,34세,경상
2014082200100452,2014년 8월 22일 17시,금요일,충청남도 공주시 금흥동,중상사고,0,1,0,0,차대사람 - 기타,안전운전불이행,건조,맑음,단일로 - 기타,승용,여,31세,상해없음,보행자,여,9세,중상
2014082200100499,2014년 8월 22일 18시,금요일,충청남도 홍성군 홍성읍,중상사고,0,2,6,0,차대차 - 기타,신호위반,건조,맑음,교차로 - 교차로안,승용,여,54세,상해없음,승용,남,39세,중상
2014082200100540,2014년 8월 22일 19시,금요일,충청남도 태안군 안면읍,경상사고,0,0,1,0,차대차 - 기타,교차로운행방법위반,건조,맑음,교차로 - 교차로안,승용,남,51세,상해없음,승용,여,30세,경상
2014082200100620,2014년 8월 22일 21시,금요일,충청남도 보령시 신흑동,경상사고,0,0,1,0,차대사람 - 기타,안전운전불이행,건조,맑음,단일로 - 기타,승용,남,27세,기타불명,보행자,남,33세,경상
2014082200100621,2014년 8월 22일 21시,금요일,충청남도 당진시 석문면,경상사고,0,0,1,0,차대차 - 추돌 - 진행중,안전운전불이행,건조,맑음,교차로 - 교차로안,화물,남,54세,상해없음,승용,남,35세,경상
2014082200100660,2014년 8월 22일 22시,금요일,충청남도 천안시 서북구 쌍용동,중상사고,0,1,0,0,차대차 - 기타,안전운전불이행,건조,맑음,단일로 - 기타,승용,남,23세,상해없음,원동기,남,19세,중상
2014082200100661,2014년 8월 22일 22시,금요일,충청남도 부여군 부여읍,경상사고,0,0,1,0,차대차 - 측면직각충돌,직진우회전진행방해,건조,맑음,교차로 - 교차로안,이륜,남,38세,경상,승용,남,59세,상해없음
2014082300100040,2014년 8월 23일 01시,토요일,충청남도 천안시 서북구 쌍용동,경상사고,0,0,1,2,차대차 - 기타,안전운전불이행,건조,흐림,단일로 - 기타,승용,남,44세,상해없음,승용,남,57세,경상
2014082300100081,2014년 8월 23일 04시,토요일,충청남도 천안시 서북구 백석동,중상사고,0,1,0,0,차량단독 - 공작물충돌,안전운전불이행,건조,맑음,단일로 - 기타,승용,남,27세,상해없음,,,,
2014082300100101,2014년 8월 23일 05시,토요일,충청남도 천안시 서북구 백석동,경상사고,0,0,2,0,차대차 - 측면직각충돌,중앙선침범,건조,맑음,교차로 - 교차로안,승용,남,26세,상해없음,화물,남,54세,경상
2014082300100132,2014년 8월 23일 07시,토요일,충청남도 홍성군 홍성읍,경상사고,0,0,1,0,차대차 - 기타,안전운전불이행,건조,맑음,교차로 - 교차로안,승용,남,54세,상해없음,승용,남,32세,경상
2014082300100133,2014년 8월 23일 07시,토요일,충청남도 금산군 남일면,경상사고,0,0,7,0,차대차 - 측면직각충돌,신호위반,건조,맑음,교차로 - 교차로안,승합,남,71세,경상,승합,남,40세,경상
2014082300100155,2014년 8월 23일 08시,토요일,충청남도 홍성군 홍성읍,중상사고,0,2,0,0,차대차 - 기타,안전운전불이행,건조,맑음,단일로 - 기타,화물,남,30세,상해없음,승용,남,62세,중상
2014082300100186,2014년 8월 23일 09시,토요일,충청남도 천안시 동남구 원성동,경상사고,0,0,1,0,차대차 - 추돌 - 진행중,안전운전불이행,건조,맑음,단일로 - 기타,승용,남,34세,상해없음,화물,남,69세,경상
2014082300100205,2014년 8월 23일 10시,토요일,충청남도 서산시 예천동,경상사고,0,0,2,0,차대차 - 추돌 - 진행중,안전거리미확보,건조,맑음,단일로 - 기타,특수,남,40세,상해없음,승용,남,60세,경상
2014082300100206,2014년 8월 23일 10시,토요일,충청남도 홍성군 서부면,중상사고,0,1,1,0,차대차 - 기타,신호위반,건조,맑음,교차로 - 교차로안,화물,남,52세,상해없음,화물,남,44세,경상
2014082300100270,2014년 8월 23일 12시,토요일,충청남도 공주시 신관동,사망사고,1,0,0,0,차대사람 - 횡단중,안전운전불이행,건조,맑음,단일로 - 기타,승용,남,53세,상해없음,보행자,여,61세,사망
2014082300100332,2014년 8월 23일 14시,토요일,충청남도 당진시 송악읍,경상사고,0,0,2,0,차대차 - 추돌 - 주정차중,안전운전불이행,건조,맑음,단일로 - 기타,승용,여,34세,상해없음,승용,남,54세,상해없음
2014082300100333,2014년 8월 23일 14시,토요일,충청남도 서산시 운산면,경상사고,0,0,1,0,차대차 - 측면직각충돌,안전운전불이행,건조,맑음,미분류 - 미분류,승용,남,41세,경상,화물,남,65세,상해없음
2014082300100369,2014년 8월 23일 15시,토요일,충청남도 서천군 장항읍,경상사고,0,0,1,0,차대차 - 측면직각충돌,과속,건조,맑음,교차로 - 교차로안,화물,남,30세,상해없음,승용,여,49세,경상
2014082300100371,2014년 8월 23일 15시,토요일,충청남도 당진시 면천면,부상신고사고,0,0,0,1,차대차 - 추돌 - 진행중,안전운전불이행,건조,맑음,단일로 - 기타,승용,남,31세,상해없음,승용,남,32세,상해없음
2014082300100404,2014년 8월 23일 16시,토요일,충청남도 보령시 미산면,중상사고,0,1,3,0,차대차 - 정면충돌,직진우회전진행방해,건조,맑음,교차로 - 교차로안,승용,여,45세,경상,이륜,남,46세,중상
2014082300100469,2014년 8월 23일 18시,토요일,충청남도 논산시 광석면,중상사고,0,1,1,0,차대사람 - 횡단중,안전운전불이행,건조,맑음,단일로 - 기타,이륜,남,64세,경상,보행자,남,46세,중상
2014082300100470,2014년 8월 23일 18시,토요일,충청남도 보령시 동대동,중상사고,0,1,0,0,차대사람 - 횡단중,안전운전불이행,건조,맑음,단일로 - 기타,승용,남,42세,상해없음,보행자,여,59세,중상
2014082300100471,2014년 8월 23일 18시,토요일,충청남도 천안시 동남구 성남면,사망사고,1,0,6,0,차대차 - 기타,안전거리미확보,건조,맑음,단일로 - 기타,화물,남,56세,사망,승용,남,43세,상해없음
2014082300100519,2014년 8월 23일 19시,토요일,충청남도 아산시 장존동,사망사고,1,0,0,0,차대차 - 기타,안전운전불이행,건조,맑음,기타 - 기타,화물,여,46세,상해없음,농기계,남,75세,사망
2014082300100520,2014년 8월 23일 19시,토요일,충청남도 당진시 읍내리,중상사고,0,1,0,0,차대사람 - 기타,안전운전불이행,건조,맑음,교차로 - 교차로부근,승용,남,48세,상해없음,보행자,여,52세,중상
2014082300100521,2014년 8월 23일 19시,토요일,충청남도 청양군 남양면,중상사고,0,1,1,0,차대차 - 기타,안전운전불이행,건조,맑음,단일로 - 기타,화물,남,66세,상해없음,승용,여,46세,중상
2014082400100014,2014년 8월 24일 00시,일요일,충청남도 천안시 서북구 성정동,중상사고,0,1,1,0,차대차 - 측면직각충돌,교차로운행방법위반,건조,맑음,교차로 - 교차로안,승용,여,48세,상해없음,승용,남,26세,중상
2014082400100041,2014년 8월 24일 02시,일요일,충청남도 당진시 신평면,중상사고,0,2,0,0,차대차 - 측면직각충돌,안전운전불이행,건조,맑음,단일로 - 기타,승용,남,29세,상해없음,승용,남,47세,중상
2014082400100074,2014년 8월 24일 05시,일요일,충청남도 태안군 태안읍,중상사고,0,1,1,0,차대차 - 측면직각충돌,직진우회전진행방해,건조,맑음,교차로 - 교차로안,승용,남,70세,경상,승용,남,53세,중상
2014082400100145,2014년 8월 24일 10시,일요일,충청남도 서산시 고북면,중상사고,0,1,0,0,차대차 - 측면직각충돌,신호위반,건조,맑음,교차로 - 교차로안,승용,남,46세,상해없음,자전거,남,67세,중상
2014082400100146,2014년 8월 24일 10시,일요일,충청남도 아산시 신인동,경상사고,0,0,1,0,차대차 - 측면직각충돌,중앙선침범,건조,맑음,단일로 - 기타,화물,남,64세,기타불명,승용,남,57세,경상
2014082400100224,2014년 8월 24일 13시,일요일,충청남도 태안군 소원면,중상사고,0,1,0,0,차량단독 - 공작물충돌,안전운전불이행,건조,맑음,단일로 - 기타,승용,남,31세,상해없음,,,,
2014082400100225,2014년 8월 24일 13시,일요일,충청남도 태안군 태안읍,경상사고,0,0,1,0,차대차 - 측면직각충돌,안전거리미확보,건조,맑음,단일로 - 기타,승용,남,37세,상해없음,승용,남,25세,상해없음
2014082400100226,2014년 8월 24일 13시,일요일,충청남도 공주시 반포면,경상사고,0,0,2,0,차대차 - 추돌 - 진행중,안전운전불이행,건조,맑음,단일로 - 기타,승용,남,53세,상해없음,승용,남,30세,상해없음
2014082400100227,2014년 8월 24일 13시,일요일,충청남도 청양군 운곡면,사망사고,1,0,0,0,차량단독 - 전도전복,안전운전불이행,건조,맑음,단일로 - 기타,이륜,남,58세,사망,,,,
2014082400100252,2014년 8월 24일 14시,일요일,충청남도 홍성군 장곡면,중상사고,0,3,0,0,차대차 - 측면직각충돌,중앙선침범,건조,흐림,단일로 - 기타,화물,남,35세,중상,승용,남,54세,중상
2014082400100279,2014년 8월 24일 15시,일요일,충청남도 금산군 제원면,중상사고,0,1,1,0,차대차 - 추돌 - 진행중,안전운전불이행,건조,맑음,단일로 - 기타,승용,남,29세,상해없음,승용,남,28세,경상
2014082400100310,2014년 8월 24일 16시,일요일,충청남도 천안시 서북구 성환읍,중상사고,0,1,0,0,차대사람 - 횡단중,보행자보호의무위반,건조,맑음,교차로 - 교차로부근,승합,남,52세,상해없음,보행자,남,72세,중상
2014082400100311,2014년 8월 24일 16시,일요일,충청남도 천안시 동남구 원성동,경상사고,0,0,1,0,차대사람 - 기타,안전운전불이행,건조,맑음,단일로 - 기타,승용,남,33세,상해없음,보행자,남,53세,경상
2014082400100341,2014년 8월 24일 17시,일요일,충청남도 아산시 탕정면,경상사고,0,0,1,0,차대차 - 측면직각충돌,안전운전불이행,건조,맑음,단일로 - 기타,승용,여,46세,상해없음,승용,남,29세,경상
2014082400100368,2014년 8월 24일 18시,일요일,충청남도 당진시 송악읍,경상사고,0,0,1,0,차대차 - 측면직각충돌,안전운전불이행,건조,흐림,단일로 - 기타,화물,기타불명,기타불명,기타불명,화물,남,61세,경상
2014082400100369,2014년 8월 24일 18시,일요일,충청남도 서산시 운산면,중상사고,0,1,2,0,차대차 - 추돌 - 진행중,차로위반,건조,맑음,단일로 - 기타,화물,남,28세,상해없음,승용,남,44세,경상
2014082400100402,2014년 8월 24일 19시,일요일,충청남도 서산시 동문동,부상신고사고,0,0,0,1,차대차 - 정면충돌,신호위반,습기,비,교차로 - 교차로안,이륜,남,59세,부상신고,승용,남,43세,상해없음
2014082400100403,2014년 8월 24일 19시,일요일,충청남도 공주시 우성면,경상사고,0,0,3,0,차대차 - 기타,안전운전불이행,습기,비,교차로 - 교차로부근,승용,여,44세,기타불명,승용,여,48세,경상
2014082400100452,2014년 8월 24일 20시,일요일,충청남도 부여군 규암면,경상사고,0,0,1,0,차대차 - 기타,안전거리미확보,습기,비,단일로 - 기타,승용,남,27세,상해없음,승용,남,28세,경상
2014082400100480,2014년 8월 24일 21시,일요일,충청남도 서산시 읍내동,경상사고,0,0,1,0,차대사람 - 횡단중,안전운전불이행,습기,비,단일로 - 기타,이륜,남,20세,상해없음,보행자,남,55세,경상
2014082400100481,2014년 8월 24일 21시,일요일,충청남도 천안시 서북구 성정동,경상사고,0,0,1,0,차대차 - 추돌 - 주정차중,안전운전불이행,건조,맑음,교차로 - 교차로부근,화물,남,47세,상해없음,승용,남,23세,경상
2014082400100482,2014년 8월 24일 21시,일요일,충청남도 천안시 동남구 구성동,중상사고,0,1,0,0,차대사람 - 기타,안전운전불이행,건조,맑음,단일로 - 기타,승용,남,52세,상해없음,보행자,남,53세,중상
2014082400100500,2014년 8월 24일 22시,일요일,충청남도 천안시 동남구 신부동,부상신고사고,0,0,0,1,차대차 - 기타,안전운전불이행,습기,비,교차로 - 교차로안,기타불명,기타불명,기타불명,기타불명,이륜,남,48세,부상신고
2014082400100501,2014년 8월 24일 22시,일요일,충청남도 서천군 종천면,중상사고,0,2,0,0,차량단독 - 공작물충돌,안전운전불이행,습기,흐림,단일로 - 기타,승용,여,18세,상해없음,,,,
2014082500100050,2014년 8월 25일 05시,월요일,충청남도 천안시 서북구 성거읍,중상사고,0,1,0,0,차대사람 - 횡단중,안전운전불이행,건조,맑음,교차로 - 교차로안,승용,남,52세,상해없음,보행자,여,73세,중상
2014082500100158,2014년 8월 25일 09시,월요일,충청남도 아산시 풍기동,경상사고,0,0,2,0,차대차 - 기타,안전운전불이행,습기,비,교차로 - 교차로안,승용,여,38세,상해없음,승합,남,44세,경상
2014082500100184,2014년 8월 25일 10시,월요일,충청남도 천안시 서북구 쌍용동,경상사고,0,0,1,0,차대사람 - 보도통행중,신호위반,건조,맑음,단일로 - 횡단보도상,승합,남,36세,상해없음,보행자,여,48세,경상
2014082500100185,2014년 8월 25일 10시,월요일,충청남도 예산군 고덕면,중상사고,0,1,0,0,차대사람 - 횡단중,안전운전불이행,건조,맑음,교차로 - 교차로부근,승용,여,49세,상해없음,보행자,여,76세,중상
2014082500100186,2014년 8월 25일 10시,월요일,충청남도 천안시 동남구 신부동,경상사고,0,0,2,0,차대차 - 추돌 - 주정차중,안전운전불이행,건조,맑음,단일로 - 교량,승용,남,46세,상해없음,승용,남,57세,상해없음
2014082500100213,2014년 8월 25일 11시,월요일,충청남도 홍성군 홍성읍,중상사고,0,1,0,0,차대차 - 측면직각충돌,교차로운행방법위반,습기,비,교차로 - 교차로안,화물,남,53세,상해없음,승용,여,54세,중상
2014082500100214,2014년 8월 25일 11시,월요일,충청남도 홍성군 광천읍,경상사고,0,0,1,0,차대차 - 추돌 - 주정차중,안전거리미확보,습기,비,단일로 - 기타,승용,남,69세,상해없음,승용,여,44세,경상
2014082500100244,2014년 8월 25일 12시,월요일,충청남도 천안시 동남구 영성동,경상사고,0,0,1,0,차대사람 - 기타,안전운전불이행,건조,맑음,단일로 - 기타,승용,남,56세,상해없음,보행자,남,46세,경상
2014082500100275,2014년 8월 25일 13시,월요일,충청남도 홍성군 갈산면,중상사고,0,1,1,0,차대차 - 추돌 - 주정차중,안전거리미확보,습기,비,교차로 - 교차로부근,승용,남,22세,상해없음,승용,남,39세,경상
2014082500100276,2014년 8월 25일 13시,월요일,충청남도 당진시 읍내리,경상사고,0,0,1,0,차대차 - 추돌 - 진행중,교차로운행방법위반,건조,맑음,교차로 - 교차로안,승합,남,61세,상해없음,이륜,남,83세,경상
2014082500100332,2014년 8월 25일 15시,월요일,충청남도 천안시 서북구 쌍용동,경상사고,0,0,2,0,차대차 - 기타,신호위반,건조,맑음,교차로 - 교차로안,화물,남,62세,경상,승합,남,54세,경상
2014082500100333,2014년 8월 25일 15시,월요일,충청남도 천안시 동남구 원성동,중상사고,0,1,0,0,차대차 - 기타,안전운전불이행,건조,맑음,교차로 - 교차로안,승용,남,53세,상해없음,승용,여,30세,중상
2014082500100373,2014년 8월 25일 16시,월요일,충청남도 공주시 옥룡동,중상사고,0,1,0,0,차대차 - 기타,중앙선침범,건조,맑음,단일로 - 기타,승용,여,46세,상해없음,이륜,남,73세,중상
2014082500100415,2014년 8월 25일 17시,월요일,충청남도 천안시 동남구 영성동,중상사고,0,1,3,0,차대차 - 기타,안전운전불이행,건조,맑음,단일로 - 기타,화물,남,63세,상해없음,화물,남,57세,경상
2014082500100450,2014년 8월 25일 18시,월요일,충청남도 천안시 서북구 성환읍,중상사고,0,1,0,0,차대차 - 기타,안전운전불이행,건조,맑음,교차로 - 교차로안,특수,남,44세,상해없음,화물,남,52세,중상
2014082500100451,2014년 8월 25일 18시,월요일,충청남도 천안시 서북구 성환읍,경상사고,0,0,1,0,차대차 - 기타,안전운전불이행,건조,흐림,교차로 - 교차로안,화물,남,69세,상해없음,승용,여,59세,경상
2014082500100484,2014년 8월 25일 19시,월요일,충청남도 서산시 예천동,경상사고,0,0,1,0,차대차 - 측면직각충돌,안전운전불이행,건조,맑음,기타 - 기타,승용,여,58세,상해없음,자전거,여,41세,경상
2014082500100485,2014년 8월 25일 19시,월요일,충청남도 홍성군 광천읍,사망사고,1,0,0,0,차대사람 - 기타,안전운전불이행,건조,맑음,단일로 - 기타,화물,남,60세,상해없음,보행자,여,72세,사망
2014082500100525,2014년 8월 25일 20시,월요일,충청남도 금산군 추부면,경상사고,0,0,1,0,차대차 - 추돌 - 진행중,안전운전불이행,습기,흐림,교차로 - 교차로안,화물,남,62세,상해없음,승용,남,55세,경상
2014082500100591,2014년 8월 25일 22시,월요일,충청남도 논산시 연무읍,사망사고,3,3,3,0,차대차 - 추돌 - 주정차중,안전운전불이행,건조,맑음,교차로 - 교차로부근,화물,남,53세,상해없음,승용,남,61세,중상
2014082500100592,2014년 8월 25일 22시,월요일,충청남도 천안시 동남구 병천면,경상사고,0,0,1,0,차대차 - 기타,안전운전불이행,건조,맑음,단일로 - 기타,승용,남,37세,상해없음,승용,남,30세,경상
2014082600100008,2014년 8월 26일 00시,화요일,충청남도 천안시 서북구 신당동,사망사고,2,0,0,0,차대사람 - 기타,안전운전불이행,건조,맑음,교차로 - 교차로부근,승용,남,19세,상해없음,보행자,남,31세,사망
2014082600100127,2014년 8월 26일 08시,화요일,충청남도 예산군 예산읍,중상사고,0,1,0,0,차대차 - 기타,신호위반,건조,맑음,교차로 - 교차로안,화물,남,51세,기타불명,승용,여,58세,중상
2014082600100128,2014년 8월 26일 08시,화요일,충청남도 천안시 동남구 목천읍,중상사고,0,2,2,0,차대차 - 기타,안전운전불이행,건조,맑음,단일로 - 기타,승용,여,27세,중상,승합,남,25세,중상
2014082600100166,2014년 8월 26일 09시,화요일,충청남도 보령시 오천면,중상사고,0,1,0,0,차량단독 - 기타,안전운전불이행,건조,맑음,단일로 - 기타,원동기,남,43세,중상,,,,
2014082600100219,2014년 8월 26일 11시,화요일,충청남도 논산시 연무읍,경상사고,0,0,1,0,차대차 - 정면충돌,안전운전불이행,건조,맑음,단일로 - 기타,이륜,남,61세,경상,승용,여,30세,상해없음
2014082600100220,2014년 8월 26일 11시,화요일,충청남도 홍성군 홍성읍,경상사고,0,0,1,0,차대사람 - 기타,안전운전불이행,건조,맑음,교차로 - 교차로안,승용,여,40세,상해없음,보행자,여,67세,경상
2014082600100221,2014년 8월 26일 11시,화요일,충청남도 금산군 남일면,중상사고,0,1,0,0,차대차 - 측면직각충돌,교차로운행방법위반,건조,맑음,교차로 - 교차로안,원동기,남,84세,중상,건설기계,남,41세,상해없음
2014082600100271,2014년 8월 26일 13시,화요일,충청남도 공주시 정안면,경상사고,0,0,1,0,차대차 - 측면직각충돌,안전운전불이행,건조,맑음,단일로 - 기타,승합,남,44세,상해없음,화물,남,56세,경상
2014082600100311,2014년 8월 26일 14시,화요일,충청남도 청양군 청양읍,경상사고,0,0,1,0,차대차 - 측면직각충돌,직진우회전진행방해,건조,맑음,교차로 - 교차로안,이륜,남,80세,경상,화물,남,57세,상해없음
2014082600100341,2014년 8월 26일 15시,화요일,충청남도 천안시 서북구 불당동,경상사고,0,0,1,0,차대사람 - 횡단중,보행자보호의무위반,건조,맑음,단일로 - 횡단보도상,승용,남,47세,상해없음,보행자,여,1세,경상
2014082600100342,2014년 8월 26일 15시,화요일,충청남도 천안시 서북구 성환읍,경상사고,0,0,2,0,차대차 - 추돌 - 주정차중,안전운전불이행,건조,맑음,단일로 - 기타,승용,남,29세,상해없음,승용,남,63세,경상
2014082600100343,2014년 8월 26일 15시,화요일,충청남도 보령시 명천동,경상사고,0,0,1,0,차대사람 - 횡단중,보행자보호의무위반,건조,맑음,단일로 - 기타,승용,남,34세,상해없음,보행자,남,8세,경상
2014082600100391,2014년 8월 26일 16시,화요일,충청남도 천안시 서북구 두정동,경상사고,0,0,1,0,차대차 - 측면직각충돌,교차로운행방법위반,건조,맑음,교차로 - 교차로안,승용,남,19세,상해없음,승용,남,28세,경상
2014082600100392,2014년 8월 26일 16시,화요일,충청남도 보령시 대천동,경상사고,0,0,2,0,차대차 - 기타,안전운전불이행,건조,맑음,교차로 - 교차로안,승용,남,52세,상해없음,승용,남,31세,경상
2014082600100393,2014년 8월 26일 16시,화요일,충청남도 금산군 금산읍,경상사고,0,0,1,0,차대사람 - 기타,안전운전불이행,건조,맑음,단일로 - 기타,승용,남,48세,상해없음,보행자,여,13세,경상
2014082600100394,2014년 8월 26일 16시,화요일,충청남도 천안시 동남구 문화동,중상사고,0,1,0,0,차대사람 - 차도통행중,안전운전불이행,건조,맑음,단일로 - 기타,승용,남,54세,상해없음,보행자,여,68세,중상
2014082600100395,2014년 8월 26일 16시,화요일,충청남도 천안시 서북구 입장면,중상사고,0,3,1,0,차대차 - 기타,기타,건조,맑음,단일로 - 기타,승합,남,40세,상해없음,승용,여,31세,중상
2014082600100437,2014년 8월 26일 17시,화요일,충청남도 서산시 예천동,경상사고,0,0,1,0,차대차 - 측면직각충돌,교차로운행방법위반,건조,맑음,교차로 - 교차로안,원동기,남,17세,경상,승용,여,51세,상해없음
2014082600100438,2014년 8월 26일 17시,화요일,충청남도 천안시 서북구 쌍용동,경상사고,0,0,1,0,차대차 - 추돌 - 주정차중,안전운전불이행,건조,맑음,단일로 - 기타,승용,여,43세,상해없음,승용,여,33세,경상
2014082600100439,2014년 8월 26일 17시,화요일,충청남도 천안시 서북구 쌍용동,중상사고,0,1,0,0,차대사람 - 횡단중,안전운전불이행,건조,맑음,단일로 - 기타,승용,남,26세,상해없음,보행자,여,7세,중상