사고번호,사고일시,요일,시군구,사고내용,사망자수,중상자수,경상자수,부상신고자수,사고유형,법규위반,노면상태,기상상태,도로형태,가해운전자 차종,가해운전자 성별,가해운전자 연령,가해운전자 상해정도,피해운전자 차종,피해운전자 성별,피해운전자 연령,피해운전자 상해정도
2014083000100647,2014년 8월 30일 20시,토요일,충청남도 천안시 서북구 성거읍,중상사고,0,1,0,0,차대사람 - 횡단중,안전운전불이행,건조,맑음,단일로 - 기타,원동기,남,18세,상해없음,보행자,남,48세,중상
2014083000100648,2014년 8월 30일 20시,토요일,충청남도 홍성군 홍성읍,중상사고,0,1,4,0,차대차 - 측면직각충돌,교차로운행방법위반,건조,맑음,교차로 - 교차로안,승용,남,48세,경상,승용,남,49세,중상
2014083000100679,2014년 8월 30일 21시,토요일,충청남도 태안군 태안읍,중상사고,0,1,0,0,차대사람 - 횡단중,보행자보호의무위반,건조,맑음,기타 - 기타,승용,남,63세,상해없음,보행자,남,55세,중상
2014083000100680,2014년 8월 30일 21시,토요일,충청남도 천안시 서북구 성거읍,경상사고,0,0,5,0,차대차 - 추돌 - 주정차중,안전운전불이행,건조,맑음,교차로 - 교차로부근,승용,남,31세,상해없음,승용,남,37세,경상
2014083000100713,2014년 8월 30일 22시,토요일,충청남도 태안군 태안읍,경상사고,0,0,1,0,차대차 - 기타,안전운전불이행,건조,맑음,기타 - 기타,승용,남,42세,상해없음,이륜,남,25세,경상
2014083000100714,2014년 8월 30일 22시,토요일,충청남도 보령시 내항동,중상사고,0,1,1,0,차대차 - 추돌 - 주정차중,안전거리미확보,건조,맑음,교차로 - 교차로부근,승용,남,24세,상해없음,승용,남,23세,경상
2014083100100010,2014년 8월 31일 00시,일요일,충청남도 논산시 광석면,사망사고,1,0,0,0,차량단독 - 전도전복,안전운전불이행,건조,맑음,단일로 - 기타,이륜,남,36세,사망,,,,
2014083100100079,2014년 8월 31일 05시,일요일,충청남도 서산시 읍내동,경상사고,0,0,2,0,차대차 - 추돌 - 주정차중,안전운전불이행,건조,맑음,기타 - 기타,승용,남,36세,상해없음,승용,남,51세,경상
2014083100100090,2014년 8월 31일 06시,일요일,충청남도 태안군 소원면,부상신고사고,0,0,0,1,차량단독 - 공작물충돌,안전운전불이행,건조,맑음,기타 - 기타,화물,남,38세,부상신고,,,,
2014083100100137,2014년 8월 31일 09시,일요일,충청남도 천안시 서북구 쌍용동,경상사고,0,0,3,0,차대차 - 기타,안전거리미확보,건조,맑음,단일로 - 기타,승용,남,43세,경상,화물,남,58세,경상
2014083100100138,2014년 8월 31일 09시,일요일,충청남도 천안시 서북구 성정동,경상사고,0,0,2,0,차대차 - 기타,안전운전불이행,건조,맑음,단일로 - 기타,승용,여,29세,상해없음,승용,남,24세,경상
2014083100100154,2014년 8월 31일 10시,일요일,충청남도 태안군 남면,경상사고,0,0,1,0,차대차 - 측면직각충돌,기타,건조,맑음,교차로 - 교차로안,승용,남,48세,상해없음,화물,남,55세,경상
2014083100100155,2014년 8월 31일 10시,일요일,충청남도 천안시 서북구 성정동,중상사고,0,1,0,0,차대차 - 기타,중앙선침범,건조,맑음,단일로 - 기타,원동기,남,51세,상해없음,원동기,남,36세,중상
2014083100100183,2014년 8월 31일 11시,일요일,충청남도 태안군 소원면,부상신고사고,0,0,0,1,차대차 - 추돌 - 주정차중,안전운전불이행,건조,맑음,교차로 - 교차로부근,화물,남,41세,부상신고,화물,남,54세,상해없음
2014083100100184,2014년 8월 31일 11시,일요일,충청남도 서산시 음암면,경상사고,0,0,2,0,차대차 - 추돌 - 주정차중,안전거리미확보,건조,맑음,단일로 - 기타,승용,여,36세,경상,승용,남,35세,경상
2014083100100185,2014년 8월 31일 11시,일요일,충청남도 공주시 쌍신동,중상사고,0,1,6,0,차대차 - 기타,안전운전불이행,건조,맑음,단일로 - 터널,승용,여,31세,기타불명,승용,남,62세,경상
2014083100100210,2014년 8월 31일 12시,일요일,충청남도 보령시 명천동,경상사고,0,0,1,0,차대차 - 측면직각충돌,불법유턴,건조,맑음,단일로 - 기타,승용,남,53세,상해없음,화물,남,57세,경상
2014083100100253,2014년 8월 31일 13시,일요일,충청남도 천안시 동남구 영성동,경상사고,0,0,1,0,차대차 - 기타,안전운전불이행,건조,맑음,교차로 - 교차로부근,승합,남,42세,상해없음,승합,남,49세,경상
2014083100100287,2014년 8월 31일 14시,일요일,충청남도 천안시 서북구 성거읍,경상사고,0,0,2,0,차대차 - 추돌 - 진행중,안전거리미확보,건조,맑음,단일로 - 기타,화물,남,58세,상해없음,승용,남,33세,경상
2014083100100315,2014년 8월 31일 15시,일요일,충청남도 서산시 부석면,경상사고,0,0,1,0,차대차 - 추돌 - 진행중,안전거리미확보,건조,맑음,단일로 - 기타,승용,남,65세,상해없음,농기계,남,74세,경상
2014083100100316,2014년 8월 31일 15시,일요일,충청남도 공주시 정안면,사망사고,1,0,0,0,차대사람 - 보도통행중,과속,건조,맑음,단일로 - 횡단보도상,승용,남,54세,상해없음,보행자,여,81세,사망
2014083100100344,2014년 8월 31일 16시,일요일,충청남도 홍성군 홍성읍,경상사고,0,0,1,0,차대차 - 추돌 - 주정차중,안전운전불이행,건조,맑음,교차로 - 교차로부근,승용,남,45세,상해없음,승용,여,25세,경상
2014083100100345,2014년 8월 31일 16시,일요일,충청남도 당진시 읍내리,경상사고,0,0,1,0,차대차 - 정면충돌,교차로운행방법위반,건조,맑음,교차로 - 교차로안,승용,남,25세,상해없음,자전거,남,16세,경상
2014083100100384,2014년 8월 31일 17시,일요일,충청남도 아산시 권곡동,경상사고,0,0,1,0,차대차 - 기타,안전운전불이행,건조,맑음,교차로 - 교차로안,화물,남,42세,상해없음,승용,남,37세,경상
2014083100100411,2014년 8월 31일 18시,일요일,충청남도 천안시 서북구 두정동,경상사고,0,0,1,0,차대사람 - 기타,안전운전불이행,건조,맑음,교차로 - 교차로부근,화물,남,60세,상해없음,보행자,남,31세,경상
2014083100100441,2014년 8월 31일 19시,일요일,충청남도 천안시 서북구 성환읍,중상사고,0,1,0,0,차대차 - 기타,안전운전불이행,건조,맑음,단일로 - 교량,자전거,남,85세,중상,승용,남,24세,상해없음
2014083100100442,2014년 8월 31일 19시,일요일,충청남도 천안시 서북구 두정동,중상사고,0,1,0,0,차대차 - 기타,안전운전불이행,건조,맑음,단일로 - 기타,원동기,남,44세,중상,승용,남,33세,상해없음
2014083100100443,2014년 8월 31일 19시,일요일,충청남도 당진시 석문면,사망사고,1,0,0,0,차대사람 - 횡단중,안전운전불이행,건조,맑음,교차로 - 교차로부근,승합,남,52세,상해없음,보행자,여,75세,사망
2014083100100444,2014년 8월 31일 19시,일요일,충청남도 천안시 서북구 입장면,경상사고,0,0,7,0,차대차 - 추돌 - 주정차중,안전운전불이행,건조,맑음,단일로 - 기타,승용,여,39세,경상,승용,남,33세,경상
2014083100100486,2014년 8월 31일 20시,일요일,충청남도 당진시 신평면,중상사고,0,1,1,0,차대차 - 추돌 - 진행중,기타,건조,맑음,단일로 - 기타,승용,남,58세,중상,농기계,남,42세,경상
2014083100100506,2014년 8월 31일 21시,일요일,충청남도 부여군 부여읍,중상사고,0,1,0,0,차대차 - 기타,직진우회전진행방해,건조,기타,교차로 - 교차로안,승용,남,71세,상해없음,승합,여,46세,중상
2014083100100526,2014년 8월 31일 22시,일요일,충청남도 서산시 동문동,경상사고,0,0,1,0,차대차 - 측면직각충돌,신호위반,건조,맑음,교차로 - 교차로안,승용,여,51세,상해없음,승용,여,47세,경상
2014083100100527,2014년 8월 31일 22시,일요일,충청남도 서산시 석림동,경상사고,0,0,2,0,차대차 - 추돌 - 주정차중,안전거리미확보,건조,맑음,교차로 - 교차로부근,승용,남,54세,상해없음,승용,여,54세,경상
2014083100100547,2014년 8월 31일 23시,일요일,충청남도 보령시 내항동,중상사고,0,1,1,0,차량단독 - 도로외이탈 - 추락,안전운전불이행,건조,맑음,단일로 - 기타,승용,여,19세,경상,,,,
2014090100100030,2014년 9월 1일 02시,월요일,충청남도 천안시 동남구 신방동,경상사고,0,0,1,0,차대차 - 측면직각충돌,중앙선침범,건조,맑음,단일로 - 기타,원동기,남,16세,기타불명,원동기,남,59세,경상
2014090100100065,2014년 9월 1일 06시,월요일,충청남도 아산시 탕정면,사망사고,1,0,0,0,차량단독 - 공작물충돌,안전운전불이행,건조,맑음,기타 - 기타,승용,남,31세,사망,,,,
2014090100100066,2014년 9월 1일 06시,월요일,충청남도 천안시 동남구 동면,중상사고,0,1,0,0,차대사람 - 기타,안전운전불이행,건조,맑음,기타 - 기타,화물,남,51세,상해없음,보행자,남,26세,중상
2014090100100067,2014년 9월 1일 06시,월요일,충청남도 천안시 동남구 풍세면,중상사고,0,2,0,0,차대차 - 기타,교차로운행방법위반,건조,맑음,교차로 - 교차로안,화물,남,67세,상해없음,이륜,여,63세,중상
2014090100100078,2014년 9월 1일 07시,월요일,충청남도 천안시 서북구 성환읍,중상사고,0,1,0,0,차대사람 - 기타,안전운전불이행,건조,맑음,단일로 - 기타,원동기,남,78세,상해없음,보행자,남,86세,중상
2014090100100079,2014년 9월 1일 07시,월요일,충청남도 천안시 동남구 청당동,경상사고,0,0,1,0,차대차 - 기타,안전운전불이행,건조,맑음,교차로 - 교차로안,승용,남,49세,상해없음,승용,여,26세,경상
2014090100100125,2014년 9월 1일 08시,월요일,충청남도 당진시 합덕읍,중상사고,0,1,0,0,차대차 - 추돌 - 진행중,안전운전불이행,건조,맑음,단일로 - 기타,승용,남,56세,상해없음,자전거,남,79세,중상
2014090100100167,2014년 9월 1일 09시,월요일,충청남도 논산시 성동면,경상사고,0,0,1,0,차대사람 - 기타,기타,건조,맑음,교차로 - 교차로부근,화물,남,39세,상해없음,보행자,여,63세,경상
2014090100100201,2014년 9월 1일 10시,월요일,충청남도 서산시 지곡면,경상사고,0,0,1,0,차대차 - 측면직각충돌,신호위반,건조,맑음,교차로 - 교차로안,승용,남,41세,경상,특수,남,40세,상해없음
2014090100100202,2014년 9월 1일 10시,월요일,충청남도 논산시 연무읍,중상사고,0,1,0,0,차대사람 - 횡단중,안전운전불이행,건조,맑음,교차로 - 교차로안,화물,남,50세,상해없음,보행자,남,83세,중상
2014090100100203,2014년 9월 1일 10시,월요일,충청남도 논산시 연무읍,중상사고,0,1,0,0,차대차 - 측면직각충돌,중앙선침범,건조,맑음,단일로 - 기타,화물,남,59세,상해없음,승용,남,38세,중상
2014090100100236,2014년 9월 1일 11시,월요일,충청남도 홍성군 홍성읍,중상사고,0,1,1,0,차대차 - 기타,교차로운행방법위반,건조,맑음,교차로 - 교차로안,승용,여,40세,중상,화물,남,59세,상해없음
2014090100100293,2014년 9월 1일 13시,월요일,충청남도 홍성군 홍성읍,경상사고,0,0,1,0,차대차 - 기타,안전운전불이행,건조,맑음,단일로 - 기타,승용,여,37세,상해없음,승용,남,34세,경상
2014090100100294,2014년 9월 1일 13시,월요일,충청남도 청양군 남양면,경상사고,0,0,1,0,차량단독 - 전도전복,안전운전불이행,건조,맑음,단일로 - 기타,화물,남,70세,경상,,,,
2014090100100330,2014년 9월 1일 14시,월요일,충청남도 보령시 명천동,중상사고,0,1,0,0,차대차 - 측면직각충돌,신호위반,건조,맑음,교차로 - 교차로안,원동기,남,77세,중상,승용,남,39세,상해없음
2014090100100331,2014년 9월 1일 14시,월요일,충청남도 보령시 궁촌동,경상사고,0,0,2,0,차대차 - 측면직각충돌,신호위반,건조,맑음,교차로 - 교차로안,화물,남,75세,경상,승용,남,56세,경상
2014090100100415,2014년 9월 1일 16시,월요일,충청남도 서산시 읍내동,경상사고,0,0,1,0,차대사람 - 길가장자리구역통행중,안전운전불이행,건조,맑음,단일로 - 기타,승용,여,21세,상해없음,보행자,여,47세,경상
2014090100100416,2014년 9월 1일 16시,월요일,충청남도 보령시 웅천읍,사망사고,1,1,0,0,차대차 - 측면직각충돌,안전운전불이행,건조,맑음,단일로 - 기타,원동기,남,66세,사망,자전거,여,71세,중상
2014090100100464,2014년 9월 1일 17시,월요일,충청남도 공주시 신관동,중상사고,0,1,0,0,차대차 - 추돌 - 주정차중,안전운전불이행,건조,맑음,교차로 - 교차로부근,화물,남,40세,상해없음,승용,여,61세,중상
2014090100100465,2014년 9월 1일 17시,월요일,충청남도 당진시 신평면,경상사고,0,0,1,0,차대사람 - 기타,안전운전불이행,건조,맑음,기타 - 기타,승용,여,39세,상해없음,보행자,여,13세,경상
2014090100100523,2014년 9월 1일 18시,월요일,충청남도 태안군 태안읍,경상사고,0,0,1,0,차대차 - 측면직각충돌,중앙선침범,건조,맑음,단일로 - 기타,승용,남,50세,상해없음,승용,남,50세,경상
2014090100100524,2014년 9월 1일 18시,월요일,충청남도 서천군 기산면,사망사고,1,0,0,0,차대차 - 기타,중앙선침범,건조,맑음,교차로 - 교차로부근,원동기,남,63세,사망,승용,남,64세,상해없음
2014090100100581,2014년 9월 1일 19시,월요일,충청남도 보령시 신흑동,중상사고,0,1,0,0,차대사람 - 횡단중,보행자보호의무위반,건조,맑음,단일로 - 기타,승용,남,56세,상해없음,보행자,남,23세,중상
2014090100100627,2014년 9월 1일 20시,월요일,충청남도 천안시 서북구 백석동,중상사고,0,2,0,0,차대차 - 측면직각충돌,교차로운행방법위반,건조,맑음,교차로 - 교차로안,승용,남,58세,상해없음,이륜,남,22세,중상
2014090100100628,2014년 9월 1일 20시,월요일,충청남도 천안시 동남구 동면,경상사고,0,0,2,0,차대차 - 정면충돌,안전운전불이행,건조,맑음,교차로 - 교차로안,승용,남,26세,상해없음,화물,남,37세,경상
2014090100100660,2014년 9월 1일 21시,월요일,충청남도 논산시 광석면,경상사고,0,0,4,0,차대차 - 측면직각충돌,중앙선침범,건조,맑음,단일로 - 기타,화물,남,39세,경상,승용,남,38세,경상
2014090100100661,2014년 9월 1일 21시,월요일,충청남도 금산군 금산읍,경상사고,0,0,3,0,차대차 - 추돌 - 주정차중,안전운전불이행,건조,맑음,단일로 - 기타,승용,여,42세,경상,승용,남,20세,기타불명
2014090100100689,2014년 9월 1일 22시,월요일,충청남도 천안시 동남구 원성동,경상사고,0,0,1,0,차대차 - 추돌 - 주정차중,안전운전불이행,건조,맑음,교차로 - 교차로부근,승용,남,48세,상해없음,승용,남,72세,경상
2014090100100706,2014년 9월 1일 23시,월요일,충청남도 태안군 이원면,중상사고,0,1,1,0,차량단독 - 도로외이탈 - 추락,안전운전불이행,건조,맑음,단일로 - 기타,승용,여,55세,중상,,,,
2014090200100038,2014년 9월 2일 03시,화요일,충청남도 서천군 종천면,사망사고,1,1,1,0,차대차 - 기타,안전운전불이행,건조,맑음,단일로 - 기타,화물,남,29세,상해없음,승용,남,31세,사망
2014090200100060,2014년 9월 2일 05시,화요일,충청남도 공주시 반포면,중상사고,0,1,3,0,차대차 - 측면직각충돌,중앙선침범,건조,맑음,단일로 - 기타,승용,남,18세,경상,승용,여,34세,경상
2014090200100069,2014년 9월 2일 06시,화요일,충청남도 천안시 서북구 성거읍,경상사고,0,0,1,0,차대차 - 측면직각충돌,신호위반,건조,맑음,교차로 - 교차로안,승용,남,54세,상해없음,승용,남,58세,경상
2014090200100093,2014년 9월 2일 07시,화요일,충청남도 아산시 영인면,중상사고,0,1,0,0,차대차 - 정면충돌,안전운전불이행,건조,맑음,교차로 - 교차로부근,승용,여,52세,상해없음,이륜,남,73세,중상
2014090200100203,2014년 9월 2일 10시,화요일,충청남도 부여군 홍산면,중상사고,0,1,1,0,차대차 - 기타,안전운전불이행,건조,맑음,교차로 - 교차로안,화물,남,73세,상해없음,원동기,남,78세,경상
2014090200100242,2014년 9월 2일 11시,화요일,충청남도 계룡시 엄사면,경상사고,0,0,1,0,차대사람 - 차도통행중,안전운전불이행,건조,맑음,단일로 - 기타,승용,여,58세,상해없음,보행자,여,77세,경상
2014090200100298,2014년 9월 2일 13시,화요일,충청남도 천안시 동남구 성황동,중상사고,0,1,1,0,차대사람 - 기타,신호위반,습기,비,교차로 - 교차로안,이륜,남,17세,상해없음,보행자,남,50세,중상
2014090200100335,2014년 9월 2일 14시,화요일,충청남도 당진시 읍내리,중상사고,0,1,0,0,차대차 - 기타,안전운전불이행,건조,맑음,단일로 - 기타,승합,남,54세,상해없음,원동기,남,77세,중상
2014090200100371,2014년 9월 2일 15시,화요일,충청남도 서산시 음암면,경상사고,0,0,2,0,차대차 - 기타,안전운전불이행,건조,맑음,단일로 - 기타,화물,남,66세,상해없음,승합,남,52세,상해없음
2014090200100373,2014년 9월 2일 15시,화요일,충청남도 논산시 가야곡면,중상사고,0,1,1,0,차대차 - 추돌 - 진행중,안전운전불이행,건조,흐림,단일로 - 기타,화물,남,45세,상해없음,승용,여,42세,경상
2014090200100416,2014년 9월 2일 16시,화요일,충청남도 청양군 청양읍,부상신고사고,0,0,0,1,차대차 - 측면직각충돌,안전운전불이행,습기,흐림,교차로 - 교차로부근,승용,남,20세,상해없음,자전거,남,12세,부상신고
2014090200100452,2014년 9월 2일 17시,화요일,충청남도 태안군 안면읍,중상사고,0,4,0,0,차대차 - 측면직각충돌,안전운전불이행,건조,맑음,교차로 - 교차로부근,승합,남,36세,기타불명,농기계,남,72세,중상
2014090200100453,2014년 9월 2일 17시,화요일,충청남도 계룡시 엄사면,중상사고,0,1,0,0,차대차 - 측면직각충돌,교차로운행방법위반,습기,비,교차로 - 교차로안,승용,여,43세,상해없음,이륜,남,22세,중상
2014090200100575,2014년 9월 2일 19시,화요일,충청남도 서산시 예천동,경상사고,0,0,1,0,차대차 - 추돌 - 진행중,안전운전불이행,건조,맑음,교차로 - 교차로안,화물,남,41세,상해없음,승용,남,30세,경상
2014090200100576,2014년 9월 2일 19시,화요일,충청남도 천안시 서북구 입장면,중상사고,0,1,0,0,차대사람 - 기타,안전운전불이행,습기,비,단일로 - 기타,승용,남,57세,상해없음,보행자,여,66세,중상
2014090200100577,2014년 9월 2일 19시,화요일,충청남도 아산시 탕정면,중상사고,0,1,1,0,차대차 - 측면직각충돌,안전운전불이행,습기,비,단일로 - 기타,화물,남,70세,상해없음,승용,여,49세,중상
2014090200100578,2014년 9월 2일 19시,화요일,충청남도 천안시 동남구 목천읍,경상사고,0,0,2,0,차대차 - 기타,안전운전불이행,습기,비,단일로 - 기타,승합,남,53세,상해없음,승용,여,50세,경상
2014090200100579,2014년 9월 2일 19시,화요일,충청남도 논산시 연무읍,경상사고,0,0,1,0,차대차 - 기타,안전운전불이행,습기,비,단일로 - 기타,승용,남,55세,상해없음,승용,남,34세,경상
2014090200100642,2014년 9월 2일 20시,화요일,충청남도 보령시 주교면,경상사고,0,0,1,0,차대차 - 기타,안전운전불이행,습기,비,단일로 - 기타,승용,남,61세,상해없음,승용,여,46세,경상
2014090200100643,2014년 9월 2일 20시,화요일,충청남도 천안시 동남구 삼룡동,경상사고,0,0,1,0,차대차 - 기타,안전거리미확보,습기,비,교차로 - 교차로부근,승용,남,53세,상해없음,승용,남,38세,경상
2014090200100696,2014년 9월 2일 21시,화요일,충청남도 서산시 동문동,중상사고,0,1,1,0,차대차 - 추돌 - 진행중,안전운전불이행,습기,비,단일로 - 기타,승용,여,39세,기타불명,승용,여,21세,경상
2014090200100697,2014년 9월 2일 21시,화요일,충청남도 홍성군 홍성읍,경상사고,0,0,1,0,차대차 - 측면직각충돌,신호위반,습기,비,교차로 - 교차로안,화물,남,51세,상해없음,승용,여,44세,경상
2014090200100698,2014년 9월 2일 21시,화요일,충청남도 아산시 온천동,경상사고,0,0,1,0,차대사람 - 기타,안전운전불이행,습기,비,교차로 - 교차로안,승용,남,43세,기타불명,보행자,남,49세,경상
2014090200100751,2014년 9월 2일 22시,화요일,충청남도 서산시 읍내동,경상사고,0,0,2,0,차대차 - 추돌 - 진행중,안전운전불이행,습기,비,단일로 - 기타,승용,남,30세,기타불명,승용,남,39세,상해없음
2014090200100752,2014년 9월 2일 22시,화요일,충청남도 천안시 서북구 성환읍,중상사고,0,1,0,0,차대사람 - 차도통행중,안전운전불이행,습기,비,기타 - 기타,승용,남,41세,상해없음,보행자,남,24세,중상
2014090200100753,2014년 9월 2일 22시,화요일,충청남도 홍성군 홍북면,중상사고,0,1,1,0,차대차 - 측면직각충돌,안전운전불이행,습기,비,단일로 - 기타,승용,남,34세,상해없음,승용,남,54세,중상
2014090200100754,2014년 9월 2일 22시,화요일,충청남도 아산시 배방읍,중상사고,0,1,1,0,차대차 - 기타,안전운전불이행,습기,비,단일로 - 기타,승용,여,38세,상해없음,승용,여,43세,중상
2014090200100755,2014년 9월 2일 22시,화요일,충청남도 아산시 음봉면,경상사고,0,0,1,0,차대차 - 측면직각충돌,안전운전불이행,습기,비,교차로 - 교차로부근,승용,여,35세,기타불명,승용,남,35세,경상
2014090200100756,2014년 9월 2일 22시,화요일,충청남도 부여군 장암면,중상사고,0,1,1,0,차대사람 - 기타,안전운전불이행,습기,비,단일로 - 기타,승용,남,49세,상해없음,보행자,여,62세,중상
2014090200100810,2014년 9월 2일 23시,화요일,충청남도 논산시 취암동,경상사고,0,0,1,0,차대차 - 정면충돌,중앙선침범,건조,맑음,단일로 - 기타,승용,여,31세,기타불명,승용,남,31세,경상
2014090200100811,2014년 9월 2일 23시,화요일,충청남도 천안시 동남구 원성동,경상사고,0,0,2,0,차대차 - 기타,안전운전불이행,습기,비,교차로 - 교차로부근,승용,남,55세,상해없음,승용,남,25세,경상
2014090300100034,2014년 9월 3일 00시,수요일,충청남도 천안시 서북구 직산읍,경상사고,0,0,1,0,차량단독 - 공작물충돌,안전운전불이행,습기,비,교차로 - 교차로부근,승용,남,27세,경상,,,,
2014090300100066,2014년 9월 3일 01시,수요일,충청남도 아산시 배방읍,경상사고,0,0,2,0,차대차 - 추돌 - 주정차중,안전운전불이행,습기,비,단일로 - 기타,승용,남,52세,상해없음,승용,여,49세,경상
2014090300100093,2014년 9월 3일 02시,수요일,충청남도 아산시 신창면,경상사고,0,0,2,0,차대차 - 추돌 - 주정차중,중앙선침범,습기,비,교차로 - 교차로안,승용,남,47세,기타불명,승용,여,29세,경상
2014090300100148,2014년 9월 3일 06시,수요일,충청남도 당진시 송악읍,경상사고,0,0,2,0,차대차 - 추돌 - 주정차중,안전운전불이행,건조,흐림,교차로 - 교차로부근,화물,남,64세,상해없음,승용,남,37세,경상
2014090300100209,2014년 9월 3일 08시,수요일,충청남도 천안시 서북구 성거읍,경상사고,0,0,3,0,차대차 - 추돌 - 주정차중,안전거리미확보,건조,맑음,단일로 - 기타,승용,여,24세,경상,승용,남,21세,상해없음
2014090300100210,2014년 9월 3일 08시,수요일,충청남도 당진시 송악읍,경상사고,0,0,1,0,차대차 - 기타,교차로운행방법위반,습기,비,교차로 - 교차로안,승용,남,30세,상해없음,승용,여,51세,경상
2014090300100264,2014년 9월 3일 10시,수요일,충청남도 홍성군 갈산면,경상사고,0,0,1,0,차대사람 - 기타,안전운전불이행,습기,비,단일로 - 기타,승용,남,66세,상해없음,보행자,여,27세,경상
2014090300100320,2014년 9월 3일 12시,수요일,충청남도 서천군 서천읍,경상사고,0,0,3,0,차대차 - 기타,직진우회전진행방해,습기,흐림,교차로 - 교차로안,승용,남,60세,경상,승용,여,41세,경상
2014090300100321,2014년 9월 3일 12시,수요일,충청남도 보령시 대천동,경상사고,0,0,1,0,차대차 - 기타,안전운전불이행,습기,비,교차로 - 교차로안,화물,남,54세,상해없음,승용,남,53세,경상
2014090300100322,2014년 9월 3일 12시,수요일,충청남도 당진시 합덕읍,경상사고,0,0,1,0,차대차 - 측면직각충돌,교차로운행방법위반,습기,흐림,교차로 - 교차로안,화물,남,55세,상해없음,승용,남,75세,경상
2014090300100355,2014년 9월 3일 13시,수요일,충청남도 논산시 연산면,사망사고,1,0,0,0,차대차 - 측면직각충돌,과속,건조,흐림,교차로 - 교차로안,건설기계,남,42세,상해없음,원동기,남,77세,사망
2014090300100389,2014년 9월 3일 14시,수요일,충청남도 아산시 방축동,경상사고,0,0,1,0,차대차 - 추돌 - 진행중,안전운전불이행,습기,비,교차로 - 교차로부근,화물,남,56세,상해없음,승용,여,47세,경상
2014090300100390,2014년 9월 3일 14시,수요일,충청남도 공주시 의당면,경상사고,0,0,1,0,차대차 - 기타,중앙선침범,습기,비,단일로 - 기타,승용,남,53세,기타불명,승용,여,58세,경상
2014090300100391,2014년 9월 3일 14시,수요일,충청남도 예산군 예산읍,경상사고,0,0,1,0,차대사람 - 기타,안전운전불이행,습기,비,단일로 - 기타,화물,남,63세,상해없음,보행자,여,48세,경상
2014090300100435,2014년 9월 3일 15시,수요일,충청남도 보령시 웅천읍,중상사고,0,1,0,0,차대차 - 기타,직진우회전진행방해,건조,맑음,교차로 - 교차로안,화물,남,48세,상해없음,원동기,남,72세,중상
2014090300100470,2014년 9월 3일 16시,수요일,충청남도 당진시 송악읍,중상사고,0,1,0,0,차대차 - 정면충돌,안전운전불이행,건조,맑음,단일로 - 기타,승용,남,45세,상해없음,승합,남,67세,중상
2014090300100471,2014년 9월 3일 16시,수요일,충청남도 천안시 동남구 구룡동,경상사고,0,0,1,0,차대차 - 추돌 - 주정차중,안전운전불이행,건조,맑음,단일로 - 기타,승용,남,29세,상해없음,승용,남,36세,경상
2014090300100506,2014년 9월 3일 17시,수요일,충청남도 서천군 서천읍,경상사고,0,0,1,0,차대차 - 기타,직진우회전진행방해,습기,비,교차로 - 교차로안,승합,여,51세,상해없음,승합,남,21세,경상
2014090300100582,2014년 9월 3일 19시,수요일,충청남도 예산군 예산읍,중상사고,0,1,0,0,차대사람 - 횡단중,보행자보호의무위반,습기,흐림,단일로 - 횡단보도상,원동기,남,72세,상해없음,보행자,여,92세,중상
2014090300100621,2014년 9월 3일 20시,수요일,충청남도 서산시 석남동,경상사고,0,0,1,0,차대차 - 측면직각충돌,안전운전불이행,건조,맑음,교차로 - 교차로부근,승용,남,54세,상해없음,이륜,남,17세,경상
2014090300100657,2014년 9월 3일 21시,수요일,충청남도 천안시 동남구 쌍용동,중상사고,0,2,3,0,차대차 - 기타,중앙선침범,건조,맑음,단일로 - 기타,승용,남,42세,상해없음,승용,남,38세,중상
2014090300100658,2014년 9월 3일 21시,수요일,충청남도 홍성군 금마면,중상사고,0,1,0,0,차대차 - 기타,신호위반,건조,맑음,교차로 - 교차로안,이륜,남,20세,중상,승용,남,30세,상해없음
2014090300100659,2014년 9월 3일 21시,수요일,충청남도 당진시 채운동,중상사고,0,2,0,0,차대사람 - 횡단중,기타,건조,맑음,교차로 - 교차로안,승용,남,34세,상해없음,보행자,여,64세,중상
2014090300100660,2014년 9월 3일 21시,수요일,충청남도 천안시 동남구 삼룡동,경상사고,0,0,2,0,차대차 - 기타,안전운전불이행,건조,흐림,단일로 - 기타,승용,남,40세,상해없음,승용,여,44세,경상
2014090300100702,2014년 9월 3일 22시,수요일,충청남도 천안시 서북구 입장면,중상사고,0,1,0,0,차대사람 - 기타,안전운전불이행,건조,흐림,단일로 - 기타,화물,남,51세,기타불명,보행자,남,62세,중상
2014090300100703,2014년 9월 3일 22시,수요일,충청남도 계룡시 금암동,경상사고,0,0,1,0,차대사람 - 기타,안전운전불이행,건조,맑음,교차로 - 교차로부근,승용,남,35세,상해없음,보행자,여,65세,경상
2014090300100704,2014년 9월 3일 22시,수요일,충청남도 아산시 둔포면,경상사고,0,0,1,0,차대차 - 측면직각충돌,중앙선침범,건조,맑음,단일로 - 기타,승용,남,48세,상해없음,원동기,남,18세,경상
2014090300100706,2014년 9월 3일 22시,수요일,충청남도 당진시 석문면,경상사고,0,0,1,0,차대사람 - 기타,안전운전불이행,건조,맑음,단일로 - 기타,승용,남,47세,상해없음,보행자,여,35세,경상