사고번호,사고일시,요일,시군구,사고내용,사망자수,중상자수,경상자수,부상신고자수,사고유형,법규위반,노면상태,기상상태,도로형태,가해운전자 차종,가해운전자 성별,가해운전자 연령,가해운전자 상해정도,피해운전자 차종,피해운전자 성별,피해운전자 연령,피해운전자 상해정도
2014090300100735,2014년 9월 3일 23시,수요일,충청남도 당진시 신평면,중상사고,0,2,1,0,차대사람 - 기타,안전운전불이행,건조,맑음,기타 - 기타,승용,남,52세,상해없음,보행자,남,40세,경상
2014090400100014,2014년 9월 4일 00시,목요일,충청남도 서산시 대산읍,경상사고,0,0,1,0,차대차 - 추돌 - 주정차중,안전운전불이행,건조,맑음,단일로 - 기타,화물,남,20세,경상,특수,남,31세,기타불명
2014090400100015,2014년 9월 4일 00시,목요일,충청남도 천안시 서북구 두정동,경상사고,0,0,1,0,차대차 - 기타,신호위반,건조,맑음,교차로 - 교차로안,승합,남,51세,상해없음,이륜,남,25세,경상
2014090400100037,2014년 9월 4일 01시,목요일,충청남도 공주시 쌍신동,중상사고,0,2,0,0,차대차 - 기타,안전운전불이행,건조,맑음,교차로 - 교차로부근,승용,남,19세,기타불명,승용,여,46세,중상
2014090400100059,2014년 9월 4일 04시,목요일,충청남도 천안시 서북구 두정동,경상사고,0,0,1,0,차대차 - 측면직각충돌,신호위반,건조,맑음,교차로 - 교차로안,화물,남,53세,상해없음,승용,남,65세,경상
2014090400100070,2014년 9월 4일 05시,목요일,충청남도 논산시 채운면,중상사고,0,1,1,0,차대차 - 정면충돌,중앙선침범,건조,맑음,미분류 - 미분류,승용,남,32세,중상,화물,남,33세,경상
2014090400100071,2014년 9월 4일 05시,목요일,충청남도 공주시 신관동,중상사고,0,1,0,0,차대사람 - 횡단중,안전운전불이행,건조,맑음,교차로 - 교차로안,승용,여,39세,기타불명,보행자,여,69세,중상
2014090400100083,2014년 9월 4일 06시,목요일,충청남도 당진시 석문면,중상사고,0,1,0,0,차대차 - 정면충돌,중앙선침범,건조,맑음,단일로 - 기타,특수,남,52세,상해없음,화물,남,56세,중상
2014090400100106,2014년 9월 4일 07시,목요일,충청남도 천안시 동남구 풍세면,중상사고,0,1,0,0,차대차 - 정면충돌,중앙선침범,습기,흐림,단일로 - 기타,승용,남,24세,상해없음,승용,남,43세,중상
2014090400100152,2014년 9월 4일 08시,목요일,충청남도 서산시 수석동,중상사고,0,1,1,0,차대차 - 측면직각충돌,직진우회전진행방해,건조,맑음,교차로 - 교차로안,승용,여,66세,중상,승용,남,39세,경상
2014090400100153,2014년 9월 4일 08시,목요일,충청남도 당진시 석문면,경상사고,0,0,1,0,차대차 - 측면직각충돌,교차로운행방법위반,건조,맑음,교차로 - 교차로안,승용,남,27세,상해없음,화물,남,46세,경상
2014090400100154,2014년 9월 4일 08시,목요일,충청남도 천안시 동남구 청당동,경상사고,0,0,1,1,차대차 - 측면직각충돌,불법유턴,건조,맑음,단일로 - 기타,승용,남,39세,부상신고,승용,남,47세,경상
2014090400100190,2014년 9월 4일 09시,목요일,충청남도 청양군 정산면,중상사고,0,1,0,0,차대차 - 정면충돌,교차로운행방법위반,건조,맑음,교차로 - 교차로부근,이륜,남,82세,중상,승용,남,52세,상해없음
2014090400100215,2014년 9월 4일 10시,목요일,충청남도 천안시 서북구 백석동,경상사고,0,0,2,0,차대차 - 추돌 - 진행중,안전거리미확보,건조,맑음,교차로 - 교차로부근,화물,남,46세,상해없음,승용,여,56세,경상
2014090400100216,2014년 9월 4일 10시,목요일,충청남도 공주시 웅진동,중상사고,0,1,0,0,차대차 - 측면직각충돌,안전운전불이행,건조,맑음,교차로 - 교차로안,화물,남,58세,상해없음,이륜,남,64세,중상
2014090400100217,2014년 9월 4일 10시,목요일,충청남도 부여군 부여읍,중상사고,0,1,0,0,차대사람 - 기타,안전운전불이행,건조,맑음,교차로 - 교차로부근,특수,남,38세,상해없음,보행자,여,76세,중상
2014090400100251,2014년 9월 4일 11시,목요일,충청남도 서산시 읍내동,경상사고,0,0,1,0,차대차 - 기타,교차로운행방법위반,건조,맑음,교차로 - 교차로안,승용,남,42세,상해없음,승용,여,36세,경상
2014090400100252,2014년 9월 4일 11시,목요일,충청남도 서천군 종천면,경상사고,0,0,1,0,차량단독 - 기타,안전운전불이행,건조,맑음,단일로 - 기타,원동기,여,49세,경상,,,,
2014090400100281,2014년 9월 4일 12시,목요일,충청남도 천안시 서북구 두정동,경상사고,0,0,1,0,차대차 - 측면직각충돌,차로위반,건조,맑음,단일로 - 기타,승용,여,55세,상해없음,이륜,남,33세,경상
2014090400100321,2014년 9월 4일 13시,목요일,충청남도 계룡시 엄사면,경상사고,0,0,2,0,차대차 - 측면직각충돌,교차로운행방법위반,건조,맑음,교차로 - 교차로안,승용,남,35세,경상,승용,여,47세,경상
2014090400100322,2014년 9월 4일 13시,목요일,충청남도 천안시 동남구 다가동,부상신고사고,0,0,0,1,차대차 - 추돌 - 진행중,차로위반,건조,맑음,단일로 - 기타,이륜,남,28세,부상신고,승합,남,47세,상해없음
2014090400100348,2014년 9월 4일 14시,목요일,충청남도 천안시 서북구 신당동,중상사고,0,1,0,0,차대사람 - 횡단중,안전운전불이행,건조,맑음,단일로 - 기타,승용,남,24세,상해없음,보행자,여,55세,중상
2014090400100385,2014년 9월 4일 15시,목요일,충청남도 논산시 강산동,중상사고,0,1,0,0,차대차 - 측면직각충돌,신호위반,건조,맑음,교차로 - 교차로안,승합,남,33세,상해없음,승용,남,61세,중상
2014090400100386,2014년 9월 4일 15시,목요일,충청남도 논산시 은진면,중상사고,0,1,0,0,차대사람 - 횡단중,안전운전불이행,건조,맑음,교차로 - 교차로안,승용,남,33세,상해없음,보행자,여,48세,중상
2014090400100387,2014년 9월 4일 15시,목요일,충청남도 홍성군 홍성읍,경상사고,0,0,1,0,차대사람 - 기타,안전운전불이행,건조,맑음,기타 - 기타,승용,남,43세,상해없음,보행자,남,43세,경상
2014090400100388,2014년 9월 4일 15시,목요일,충청남도 서천군 판교면,중상사고,0,1,0,0,차대차 - 측면직각충돌,중앙선침범,건조,맑음,단일로 - 기타,승용,남,39세,상해없음,원동기,남,71세,중상
2014090400100435,2014년 9월 4일 16시,목요일,충청남도 홍성군 광천읍,중상사고,0,1,0,0,차대차 - 기타,안전운전불이행,건조,맑음,교차로 - 교차로안,승용,남,52세,상해없음,승용,여,66세,중상
2014090400100436,2014년 9월 4일 16시,목요일,충청남도 부여군 세도면,경상사고,0,0,1,0,차대차 - 기타,안전운전불이행,건조,맑음,교차로 - 교차로안,승용,남,62세,상해없음,자전거,남,39세,경상
2014090400100437,2014년 9월 4일 16시,목요일,충청남도 금산군 금산읍,사망사고,1,0,0,0,차대사람 - 횡단중,안전운전불이행,건조,맑음,단일로 - 기타,승용,여,51세,상해없음,보행자,여,85세,사망
2014090400100438,2014년 9월 4일 16시,목요일,충청남도 청양군 목면,중상사고,0,1,0,0,차대사람 - 기타,안전운전불이행,건조,맑음,교차로 - 교차로부근,화물,여,56세,상해없음,보행자,여,78세,중상
2014090400100482,2014년 9월 4일 17시,목요일,충청남도 예산군 예산읍,경상사고,0,0,1,0,차대차 - 기타,안전운전불이행,건조,맑음,기타 - 기타,승합,기타불명,기타불명,기타불명,자전거,여,9세,경상
2014090400100541,2014년 9월 4일 18시,목요일,충청남도 홍성군 홍성읍,경상사고,0,0,1,0,차대차 - 기타,신호위반,건조,맑음,교차로 - 교차로안,승용,여,67세,상해없음,승용,남,26세,경상
2014090400100542,2014년 9월 4일 18시,목요일,충청남도 아산시 좌부동,경상사고,0,0,1,0,차대차 - 측면직각충돌,교차로운행방법위반,건조,맑음,교차로 - 교차로안,승용,남,53세,상해없음,승용,여,31세,경상
2014090400100543,2014년 9월 4일 18시,목요일,충청남도 보령시 죽정동,중상사고,0,1,0,0,차대차 - 추돌 - 진행중,중앙선침범,건조,맑음,교차로 - 교차로부근,승합,남,69세,상해없음,이륜,남,53세,중상
2014090400100544,2014년 9월 4일 18시,목요일,충청남도 보령시 청소면,중상사고,0,1,0,0,차대사람 - 길가장자리구역통행중,안전운전불이행,건조,맑음,단일로 - 기타,승용,남,72세,상해없음,보행자,여,82세,중상
2014090400100545,2014년 9월 4일 18시,목요일,충청남도 부여군 외산면,사망사고,1,0,0,0,차대차 - 측면직각충돌,안전운전불이행,건조,맑음,단일로 - 기타,이륜,남,70세,사망,화물,남,56세,상해없음
2014090400100546,2014년 9월 4일 18시,목요일,충청남도 금산군 금산읍,중상사고,0,1,0,0,차대차 - 측면직각충돌,안전운전불이행,건조,맑음,단일로 - 기타,승용,남,72세,상해없음,이륜,여,58세,중상
2014090400100592,2014년 9월 4일 19시,목요일,충청남도 홍성군 홍성읍,경상사고,0,0,1,0,차대사람 - 기타,안전운전불이행,건조,맑음,단일로 - 기타,원동기,남,17세,상해없음,보행자,남,11세,경상
2014090400100697,2014년 9월 4일 22시,목요일,충청남도 천안시 서북구 두정동,경상사고,0,0,1,0,차대차 - 측면직각충돌,안전운전불이행,건조,맑음,단일로 - 기타,승용,여,34세,상해없음,승용,남,24세,경상
2014090400100731,2014년 9월 4일 23시,목요일,충청남도 당진시 면천면,중상사고,0,1,0,0,차대차 - 기타,중앙선침범,건조,기타,단일로 - 기타,화물,남,47세,상해없음,승용,남,32세,중상
2014090500100012,2014년 9월 5일 00시,금요일,충청남도 천안시 서북구 성환읍,경상사고,0,0,1,0,차대차 - 측면직각충돌,신호위반,건조,맑음,교차로 - 교차로안,승용,남,44세,상해없음,승용,남,30세,경상
2014090500100013,2014년 9월 5일 00시,금요일,충청남도 아산시 음봉면,중상사고,0,1,0,0,차대차 - 측면직각충돌,신호위반,건조,맑음,교차로 - 교차로안,승용,남,24세,상해없음,승용,남,47세,중상
2014090500100040,2014년 9월 5일 02시,금요일,충청남도 예산군 덕산면,중상사고,0,1,1,0,차대차 - 정면충돌,중앙선침범,건조,맑음,단일로 - 기타,승용,남,30세,경상,승용,여,47세,중상
2014090500100053,2014년 9월 5일 03시,금요일,충청남도 서산시 인지면,중상사고,0,1,0,0,차대사람 - 길가장자리구역통행중,안전운전불이행,건조,맑음,단일로 - 기타,승용,남,38세,기타불명,보행자,남,19세,중상
2014090500100084,2014년 9월 5일 05시,금요일,충청남도 천안시 서북구 두정동,중상사고,0,1,0,0,차량단독 - 전도전복,안전운전불이행,건조,맑음,단일로 - 기타,원동기,남,23세,상해없음,,,,
2014090500100094,2014년 9월 5일 06시,금요일,충청남도 태안군 원북면,사망사고,1,0,0,0,차대차 - 측면직각충돌,안전운전불이행,건조,맑음,단일로 - 기타,원동기,남,67세,사망,승용,남,44세,상해없음
2014090500100095,2014년 9월 5일 06시,금요일,충청남도 천안시 서북구 차암동,경상사고,0,0,1,0,차대차 - 측면직각충돌,안전운전불이행,건조,맑음,단일로 - 기타,승용,남,35세,상해없음,승용,남,30세,경상
2014090500100112,2014년 9월 5일 07시,금요일,충청남도 논산시 취암동,경상사고,0,0,1,0,차대사람 - 횡단중,보행자보호의무위반,건조,맑음,교차로 - 교차로부근,기타불명,기타불명,기타불명,기타불명,보행자,여,64세,경상
2014090500100113,2014년 9월 5일 07시,금요일,충청남도 홍성군 구항면,경상사고,0,0,1,0,차대차 - 기타,교차로운행방법위반,건조,맑음,교차로 - 교차로안,승용,남,58세,상해없음,화물,여,55세,상해없음
2014090500100114,2014년 9월 5일 07시,금요일,충청남도 당진시 송산면,중상사고,0,1,0,0,차대차 - 측면직각충돌,교차로운행방법위반,건조,기타,교차로 - 교차로안,화물,남,42세,상해없음,화물,남,55세,중상
2014090500100155,2014년 9월 5일 08시,금요일,충청남도 아산시 용화동,경상사고,0,0,1,0,차대사람 - 기타,안전운전불이행,건조,맑음,단일로 - 기타,승용,기타불명,기타불명,기타불명,보행자,남,12세,경상
2014090500100156,2014년 9월 5일 08시,금요일,충청남도 아산시 모종동,중상사고,0,1,0,0,차대사람 - 횡단중,안전운전불이행,건조,맑음,교차로 - 교차로안,승합,남,52세,상해없음,보행자,여,12세,중상
2014090500100157,2014년 9월 5일 08시,금요일,충청남도 보령시 대천동,경상사고,0,0,1,0,차대사람 - 기타,안전운전불이행,건조,맑음,단일로 - 기타,승합,남,45세,상해없음,보행자,여,66세,경상
2014090500100204,2014년 9월 5일 09시,금요일,충청남도 태안군 소원면,중상사고,0,1,0,0,차대차 - 측면직각충돌,안전운전불이행,건조,맑음,교차로 - 교차로안,승용,남,30세,상해없음,이륜,남,72세,중상
2014090500100205,2014년 9월 5일 09시,금요일,충청남도 천안시 서북구 성정동,부상신고사고,0,0,0,1,차대사람 - 기타,안전운전불이행,건조,맑음,교차로 - 교차로안,승용,여,40세,상해없음,보행자,남,47세,부상신고
2014090500100206,2014년 9월 5일 09시,금요일,충청남도 공주시 의당면,중상사고,0,1,0,0,차대차 - 기타,안전운전불이행,건조,맑음,단일로 - 기타,승용,여,51세,상해없음,이륜,남,72세,중상
2014090500100207,2014년 9월 5일 09시,금요일,충청남도 천안시 동남구 원성동,중상사고,0,1,0,0,차대차 - 측면직각충돌,안전운전불이행,건조,맑음,교차로 - 교차로부근,원동기,여,68세,중상,승용,여,33세,상해없음
2014090500100251,2014년 9월 5일 10시,금요일,충청남도 천안시 서북구 입장면,부상신고사고,0,0,0,2,차대차 - 기타,안전운전불이행,건조,맑음,교차로 - 교차로부근,화물,남,69세,상해없음,화물,남,30세,부상신고
2014090500100252,2014년 9월 5일 10시,금요일,충청남도 보령시 동대동,중상사고,0,1,1,0,차대차 - 측면직각충돌,불법유턴,건조,맑음,단일로 - 기타,승용,남,75세,상해없음,승합,남,59세,경상
2014090500100253,2014년 9월 5일 10시,금요일,충청남도 부여군 부여읍,경상사고,0,0,1,0,차대사람 - 기타,안전운전불이행,건조,맑음,교차로 - 교차로부근,승용,여,48세,상해없음,보행자,남,21세,경상
2014090500100254,2014년 9월 5일 10시,금요일,충청남도 부여군 구룡면,중상사고,0,1,0,0,차대차 - 기타,안전운전불이행,건조,맑음,단일로 - 기타,화물,남,60세,상해없음,자전거,남,71세,중상
2014090500100335,2014년 9월 5일 12시,금요일,충청남도 예산군 삽교읍,사망사고,1,0,0,0,차대사람 - 기타,안전운전불이행,건조,맑음,기타 - 기타,화물,남,73세,상해없음,보행자,여,66세,사망
2014090500100379,2014년 9월 5일 13시,금요일,충청남도 부여군 규암면,중상사고,0,2,0,0,차대차 - 기타,직진우회전진행방해,건조,맑음,교차로 - 교차로안,승용,남,59세,상해없음,승용,여,38세,중상
2014090500100421,2014년 9월 5일 14시,금요일,충청남도 예산군 예산읍,경상사고,0,0,1,0,차대차 - 기타,안전운전불이행,건조,맑음,단일로 - 기타,승용,여,50세,상해없음,자전거,남,57세,경상
2014090500100522,2014년 9월 5일 16시,금요일,충청남도 당진시 읍내리,경상사고,0,0,1,0,차대차 - 측면직각충돌,교차로운행방법위반,건조,맑음,교차로 - 교차로안,화물,남,33세,상해없음,승용,여,50세,경상
2014090500100686,2014년 9월 5일 19시,금요일,충청남도 천안시 서북구 성환읍,경상사고,0,0,2,0,차대차 - 측면직각충돌,안전운전불이행,건조,맑음,단일로 - 기타,화물,남,51세,상해없음,승용,남,31세,경상
2014090500100687,2014년 9월 5일 19시,금요일,충청남도 논산시 부적면,경상사고,0,0,1,0,차대차 - 측면직각충돌,안전운전불이행,건조,맑음,단일로 - 기타,승용,남,29세,상해없음,원동기,남,54세,경상
2014090500100688,2014년 9월 5일 19시,금요일,충청남도 당진시 채운동,경상사고,0,0,1,0,차대차 - 기타,신호위반,건조,맑음,교차로 - 교차로안,승용,여,48세,상해없음,이륜,남,17세,경상
2014090500100689,2014년 9월 5일 19시,금요일,충청남도 금산군 금산읍,경상사고,0,0,1,0,차대사람 - 횡단중,안전운전불이행,건조,맑음,교차로 - 교차로안,승용,남,42세,상해없음,보행자,여,44세,경상
2014090500100753,2014년 9월 5일 20시,금요일,충청남도 서산시 석남동,중상사고,0,2,0,0,차대차 - 추돌 - 주정차중,안전운전불이행,건조,맑음,단일로 - 기타,화물,남,71세,상해없음,승용,여,37세,중상
2014090500100754,2014년 9월 5일 20시,금요일,충청남도 논산시 취암동,중상사고,0,1,0,0,차대차 - 측면직각충돌,중앙선침범,건조,맑음,단일로 - 기타,승용,남,65세,상해없음,이륜,남,31세,중상
2014090500100794,2014년 9월 5일 21시,금요일,충청남도 천안시 동남구 신방동,경상사고,0,0,1,0,차대사람 - 기타,안전운전불이행,건조,맑음,교차로 - 교차로안,화물,남,49세,상해없음,보행자,남,27세,경상
2014090500100829,2014년 9월 5일 22시,금요일,충청남도 천안시 서북구 성정동,중상사고,0,1,0,0,차대차 - 추돌 - 진행중,안전운전불이행,건조,맑음,교차로 - 교차로부근,승용,남,18세,상해없음,승용,남,57세,중상
2014090500100830,2014년 9월 5일 22시,금요일,충청남도 천안시 서북구 성거읍,중상사고,0,1,0,0,차대차 - 측면직각충돌,안전운전불이행,건조,맑음,교차로 - 교차로안,승용,남,69세,상해없음,승용,남,46세,중상
2014090500100855,2014년 9월 5일 23시,금요일,충청남도 천안시 동남구 청당동,경상사고,0,0,1,0,차대차 - 측면직각충돌,중앙선침범,건조,맑음,단일로 - 기타,승용,남,23세,상해없음,승용,남,62세,경상
2014090600100031,2014년 9월 6일 01시,토요일,충청남도 아산시 온천동,경상사고,0,0,3,0,차대차 - 측면직각충돌,안전운전불이행,건조,맑음,단일로 - 기타,승용,남,33세,상해없음,승용,남,56세,경상
2014090600100049,2014년 9월 6일 02시,토요일,충청남도 천안시 서북구 성정동,경상사고,0,0,3,0,차대차 - 기타,기타,건조,맑음,교차로 - 교차로부근,승용,남,58세,경상,승용,남,29세,경상
2014090600100068,2014년 9월 6일 03시,토요일,충청남도 천안시 서북구 성정동,경상사고,0,0,1,0,차대차 - 기타,교차로운행방법위반,건조,맑음,교차로 - 교차로안,승용,여,28세,상해없음,승용,남,65세,상해없음
2014090600100069,2014년 9월 6일 03시,토요일,충청남도 보령시 동대동,경상사고,0,0,1,0,차대차 - 기타,안전운전불이행,건조,맑음,단일로 - 기타,승용,남,25세,상해없음,승용,여,35세,경상
2014090600100085,2014년 9월 6일 04시,토요일,충청남도 천안시 서북구 성정동,경상사고,0,0,4,0,차대차 - 기타,안전운전불이행,건조,맑음,단일로 - 기타,승용,남,26세,경상,승용,남,36세,경상
2014090600100100,2014년 9월 6일 05시,토요일,충청남도 아산시 음봉면,중상사고,0,1,0,0,차대차 - 정면충돌,중앙선침범,건조,맑음,단일로 - 기타,승용,남,24세,상해없음,승용,남,45세,중상
2014090600100131,2014년 9월 6일 07시,토요일,충청남도 예산군 예산읍,중상사고,0,1,4,0,차대차 - 추돌 - 주정차중,안전운전불이행,기타,안개,단일로 - 기타,건설기계,남,52세,상해없음,화물,남,53세,중상
2014090600100132,2014년 9월 6일 07시,토요일,충청남도 천안시 동남구 삼룡동,경상사고,0,0,1,0,차대차 - 측면직각충돌,안전운전불이행,건조,맑음,교차로 - 교차로안,화물,남,47세,상해없음,승용,남,46세,경상
2014090600100178,2014년 9월 6일 09시,토요일,충청남도 서산시 운산면,경상사고,0,0,1,0,차대차 - 추돌 - 주정차중,안전운전불이행,건조,맑음,단일로 - 기타,자전거,남,65세,경상,승용,남,49세,상해없음
2014090600100245,2014년 9월 6일 11시,토요일,충청남도 서산시 동문동,경상사고,0,0,1,0,차대차 - 측면직각충돌,안전운전불이행,건조,맑음,교차로 - 교차로안,승용,남,50세,상해없음,이륜,남,76세,경상
2014090600100246,2014년 9월 6일 11시,토요일,충청남도 홍성군 홍성읍,경상사고,0,0,1,0,차대차 - 기타,안전운전불이행,건조,맑음,단일로 - 기타,화물,남,60세,상해없음,이륜,남,64세,경상
2014090600100317,2014년 9월 6일 13시,토요일,충청남도 서천군 장항읍,경상사고,0,0,1,0,차대사람 - 기타,안전운전불이행,건조,맑음,단일로 - 기타,승용,여,38세,상해없음,보행자,남,77세,경상
2014090600100318,2014년 9월 6일 13시,토요일,충청남도 천안시 동남구 북면,부상신고사고,0,0,0,1,차대차 - 추돌 - 진행중,교차로운행방법위반,건조,맑음,교차로 - 교차로안,승용,남,26세,부상신고,화물,남,57세,상해없음
2014090600100319,2014년 9월 6일 13시,토요일,충청남도 천안시 동남구 신부동,경상사고,0,0,1,0,차대사람 - 횡단중,안전운전불이행,건조,맑음,단일로 - 기타,승용,여,53세,상해없음,보행자,여,47세,경상
2014090600100441,2014년 9월 6일 16시,토요일,충청남도 서산시 인지면,경상사고,0,0,1,0,차대차 - 측면직각충돌,안전운전불이행,건조,맑음,교차로 - 교차로안,화물,남,62세,경상,화물,남,45세,상해없음
2014090600100442,2014년 9월 6일 16시,토요일,충청남도 태안군 태안읍,경상사고,0,0,1,0,차대차 - 추돌 - 주정차중,안전운전불이행,건조,맑음,교차로 - 교차로부근,화물,남,35세,상해없음,승용,남,33세,상해없음
2014090600100479,2014년 9월 6일 17시,토요일,충청남도 서천군 판교면,중상사고,0,1,4,0,차대차 - 기타,직진우회전진행방해,건조,맑음,교차로 - 교차로안,승용,남,42세,경상,승용,남,51세,중상
2014090600100507,2014년 9월 6일 18시,토요일,충청남도 태안군 고남면,중상사고,0,1,2,0,차대사람 - 길가장자리구역통행중,안전운전불이행,건조,맑음,단일로 - 기타,화물,남,45세,상해없음,보행자,남,58세,중상
2014090600100509,2014년 9월 6일 18시,토요일,충청남도 당진시 읍내리,경상사고,0,0,1,0,차대사람 - 차도통행중,안전운전불이행,건조,맑음,교차로 - 교차로안,승용,여,64세,상해없음,보행자,남,56세,경상
2014090600100510,2014년 9월 6일 18시,토요일,충청남도 청양군 장평면,경상사고,0,0,1,0,차대차 - 기타,안전운전불이행,건조,맑음,단일로 - 기타,화물,남,69세,상해없음,승용,여,47세,경상
2014090600100511,2014년 9월 6일 18시,토요일,충청남도 천안시 동남구 풍세면,경상사고,0,0,2,0,차대차 - 추돌 - 주정차중,안전운전불이행,건조,맑음,단일로 - 기타,승용,남,56세,상해없음,승용,남,48세,경상
2014090600100573,2014년 9월 6일 20시,토요일,충청남도 천안시 서북구 직산읍,중상사고,0,1,4,0,차대차 - 기타,신호위반,건조,맑음,교차로 - 교차로안,승용,남,37세,경상,승용,남,41세,중상
2014090600100574,2014년 9월 6일 20시,토요일,충청남도 천안시 서북구 직산읍,경상사고,0,0,2,1,차대차 - 기타,신호위반,건조,맑음,교차로 - 교차로안,승용,남,27세,상해없음,승용,남,28세,경상
2014090600100575,2014년 9월 6일 20시,토요일,충청남도 아산시 염치읍,중상사고,0,1,1,0,차대차 - 추돌 - 진행중,안전운전불이행,건조,맑음,교차로 - 교차로부근,승용,남,56세,상해없음,승합,여,63세,중상
2014090600100576,2014년 9월 6일 20시,토요일,충청남도 천안시 동남구 신방동,경상사고,0,0,1,0,차대차 - 측면직각충돌,교차로운행방법위반,건조,맑음,교차로 - 교차로안,승용,남,34세,상해없음,이륜,남,34세,경상
2014090600100611,2014년 9월 6일 21시,토요일,충청남도 금산군 금산읍,경상사고,0,0,1,0,차대차 - 측면직각충돌,교차로운행방법위반,건조,맑음,교차로 - 교차로안,승용,남,45세,상해없음,이륜,남,19세,경상
2014090600100641,2014년 9월 6일 22시,토요일,충청남도 공주시 옥룡동,경상사고,0,0,1,0,차대차 - 추돌 - 진행중,안전운전불이행,건조,맑음,교차로 - 교차로부근,승용,남,36세,상해없음,승용,남,37세,경상
2014090700100009,2014년 9월 7일 00시,일요일,충청남도 서산시 성연면,중상사고,0,1,0,0,차량단독 - 공작물충돌,안전운전불이행,건조,맑음,교차로 - 교차로부근,승용,남,40세,중상,,,,
2014090700100010,2014년 9월 7일 00시,일요일,충청남도 논산시 연산면,중상사고,0,1,0,0,차대차 - 측면직각충돌,교차로운행방법위반,건조,맑음,교차로 - 교차로안,승용,여,53세,상해없음,이륜,남,49세,중상
2014090700100024,2014년 9월 7일 01시,일요일,충청남도 서산시 해미면,경상사고,0,0,1,0,차대사람 - 기타,안전운전불이행,건조,맑음,교차로 - 교차로부근,화물,남,43세,상해없음,보행자,남,37세,경상
2014090700100041,2014년 9월 7일 02시,일요일,충청남도 천안시 동남구 안서동,사망사고,1,0,0,0,차대사람 - 횡단중,보행자보호의무위반,건조,맑음,교차로 - 교차로부근,승용,남,42세,상해없음,보행자,남,24세,사망
2014090700100058,2014년 9월 7일 03시,일요일,충청남도 천안시 서북구 두정동,경상사고,0,0,2,0,차대사람 - 기타,안전운전불이행,건조,맑음,단일로 - 기타,승용,남,23세,기타불명,보행자,남,18세,경상
2014090700100089,2014년 9월 7일 05시,일요일,충청남도 아산시 온천동,경상사고,0,0,1,0,차대차 - 추돌 - 주정차중,안전운전불이행,건조,맑음,단일로 - 횡단보도부근,승용,남,29세,상해없음,승용,남,27세,경상
2014090700100097,2014년 9월 7일 06시,일요일,충청남도 천안시 서북구 쌍용동,사망사고,1,0,0,0,차대차 - 기타,안전운전불이행,건조,맑음,단일로 - 기타,승용,남,26세,상해없음,자전거,남,64세,사망
2014090700100181,2014년 9월 7일 11시,일요일,충청남도 서산시 해미면,중상사고,0,1,0,0,차대차 - 기타,기타,건조,맑음,기타 - 기타,승합,남,43세,상해없음,자전거,남,85세,중상
2014090700100233,2014년 9월 7일 13시,일요일,충청남도 천안시 동남구 봉명동,경상사고,0,0,1,0,차대사람 - 기타,안전운전불이행,건조,맑음,교차로 - 교차로안,승합,여,57세,상해없음,보행자,남,82세,경상
2014090700100257,2014년 9월 7일 14시,일요일,충청남도 보령시 주산면,경상사고,0,0,1,0,차대사람 - 횡단중,안전운전불이행,건조,맑음,단일로 - 기타,승용,남,57세,상해없음,보행자,남,10세,경상
2014090700100258,2014년 9월 7일 14시,일요일,충청남도 예산군 덕산면,경상사고,0,0,1,0,차대사람 - 기타,안전운전불이행,건조,맑음,교차로 - 교차로안,승용,여,59세,상해없음,보행자,남,82세,경상
2014090700100259,2014년 9월 7일 14시,일요일,충청남도 부여군 부여읍,경상사고,0,0,1,0,차대차 - 기타,안전운전불이행,건조,맑음,교차로 - 교차로안,승용,남,53세,상해없음,승용,남,45세,경상
2014090700100282,2014년 9월 7일 15시,일요일,충청남도 천안시 서북구 성환읍,경상사고,0,0,1,0,차대차 - 추돌 - 주정차중,안전운전불이행,건조,맑음,단일로 - 기타,화물,남,70세,기타불명,승용,남,43세,기타불명
2014090700100306,2014년 9월 7일 16시,일요일,충청남도 논산시 강산동,경상사고,0,0,1,0,차대차 - 추돌 - 주정차중,안전운전불이행,건조,맑음,단일로 - 기타,승용,남,43세,경상,화물,남,45세,상해없음
2014090700100308,2014년 9월 7일 16시,일요일,충청남도 예산군 봉산면,중상사고,0,1,0,0,차대차 - 정면충돌,직진우회전진행방해,건조,맑음,교차로 - 교차로안,승용,남,76세,상해없음,이륜,남,24세,중상
2014090700100309,2014년 9월 7일 16시,일요일,충청남도 천안시 동남구 다가동,중상사고,0,1,1,0,차대차 - 측면직각충돌,교차로운행방법위반,건조,맑음,교차로 - 교차로안,화물,여,71세,경상,승용,여,62세,중상
2014090700100416,2014년 9월 7일 20시,일요일,충청남도 공주시 반포면,중상사고,0,1,0,0,차대사람 - 길가장자리구역통행중,안전운전불이행,건조,흐림,단일로 - 기타,원동기,여,21세,상해없음,보행자,남,50세,중상
2014090700100451,2014년 9월 7일 22시,일요일,충청남도 청양군 대치면,경상사고,0,0,3,1,차대차 - 정면충돌,중앙선침범,건조,맑음,단일로 - 기타,승용,여,37세,부상신고,승용,여,53세,경상
2014090800100042,2014년 9월 8일 05시,월요일,충청남도 서산시 해미면,중상사고,0,3,1,0,차대차 - 정면충돌,중앙선침범,건조,맑음,교차로 - 교차로부근,승용,여,33세,상해없음,승용,남,48세,중상