사고번호,사고일시,요일,시군구,사고내용,사망자수,중상자수,경상자수,부상신고자수,사고유형,법규위반,노면상태,기상상태,도로형태,가해운전자 차종,가해운전자 성별,가해운전자 연령,가해운전자 상해정도,피해운전자 차종,피해운전자 성별,피해운전자 연령,피해운전자 상해정도
2014091800100611,2014년 9월 18일 22시,목요일,충청남도 부여군 부여읍,경상사고,0,0,1,0,차대차 - 기타,안전운전불이행,건조,맑음,단일로 - 교량,승용,남,26세,경상,화물,남,53세,기타불명
2014091800100636,2014년 9월 18일 23시,목요일,충청남도 서산시 대산읍,경상사고,0,0,1,0,차대차 - 추돌 - 주정차중,안전운전불이행,건조,맑음,단일로 - 기타,승용,남,36세,상해없음,승용,남,29세,경상
2014091900100022,2014년 9월 19일 00시,금요일,충청남도 천안시 서북구 성정동,경상사고,0,0,3,0,차대차 - 기타,중앙선침범,건조,맑음,단일로 - 기타,승용,남,36세,상해없음,승용,남,35세,경상
2014091900100039,2014년 9월 19일 01시,금요일,충청남도 천안시 동남구 목천읍,경상사고,0,0,2,0,차대차 - 추돌 - 주정차중,안전운전불이행,건조,맑음,교차로 - 교차로안,승용,남,52세,상해없음,승용,남,43세,경상
2014091900100071,2014년 9월 19일 05시,금요일,충청남도 서산시 예천동,경상사고,0,0,2,0,차대차 - 측면직각충돌,신호위반,건조,맑음,교차로 - 교차로안,승용,남,48세,상해없음,승용,여,30세,경상
2014091900100118,2014년 9월 19일 07시,금요일,충청남도 예산군 삽교읍,중상사고,0,1,0,0,차대차 - 기타,중앙선침범,기타,안개,교차로 - 교차로부근,승용,남,27세,기타불명,승용,남,32세,중상
2014091900100167,2014년 9월 19일 08시,금요일,충청남도 서산시 읍내동,중상사고,0,1,0,0,차대차 - 기타,안전운전불이행,건조,맑음,교차로 - 교차로안,이륜,남,63세,중상,승용,남,31세,상해없음
2014091900100198,2014년 9월 19일 09시,금요일,충청남도 천안시 서북구 백석동,경상사고,0,0,1,0,차대차 - 측면직각충돌,신호위반,건조,맑음,교차로 - 교차로안,승용,여,33세,상해없음,승용,여,56세,경상
2014091900100199,2014년 9월 19일 09시,금요일,충청남도 논산시 강경읍,중상사고,0,1,0,0,차대차 - 측면직각충돌,교차로운행방법위반,건조,맑음,교차로 - 교차로안,승용,남,44세,상해없음,이륜,남,64세,중상
2014091900100200,2014년 9월 19일 09시,금요일,충청남도 공주시 중동,경상사고,0,0,1,0,차대차 - 기타,교차로운행방법위반,건조,맑음,교차로 - 교차로안,화물,남,56세,상해없음,자전거,남,88세,경상
2014091900100233,2014년 9월 19일 10시,금요일,충청남도 천안시 서북구 백석동,부상신고사고,0,0,0,1,차대차 - 기타,안전운전불이행,건조,맑음,교차로 - 교차로부근,원동기,남,74세,부상신고,승용,여,39세,상해없음
2014091900100284,2014년 9월 19일 12시,금요일,충청남도 태안군 태안읍,중상사고,0,1,0,0,차대차 - 측면직각충돌,교차로운행방법위반,건조,맑음,교차로 - 교차로안,승용,남,46세,상해없음,이륜,남,77세,중상
2014091900100285,2014년 9월 19일 12시,금요일,충청남도 천안시 서북구 성정동,경상사고,0,0,1,0,차대차 - 기타,안전운전불이행,건조,맑음,단일로 - 기타,원동기,남,43세,상해없음,승용,남,32세,경상
2014091900100318,2014년 9월 19일 13시,금요일,충청남도 청양군 정산면,경상사고,0,0,2,0,차대차 - 측면직각충돌,직진우회전진행방해,건조,맑음,교차로 - 교차로안,승용,남,63세,상해없음,승용,남,26세,경상
2014091900100319,2014년 9월 19일 13시,금요일,충청남도 천안시 동남구 목천읍,중상사고,0,1,0,0,차대차 - 측면직각충돌,신호위반,건조,맑음,교차로 - 교차로안,승용,남,53세,상해없음,화물,여,43세,중상
2014091900100344,2014년 9월 19일 14시,금요일,충청남도 서산시 동문동,경상사고,0,0,1,0,차대차 - 추돌 - 진행중,안전운전불이행,건조,맑음,단일로 - 기타,승용,남,45세,상해없음,승용,여,43세,경상
2014091900100345,2014년 9월 19일 14시,금요일,충청남도 서산시 잠홍동,경상사고,0,0,1,0,차대차 - 측면직각충돌,안전운전불이행,건조,맑음,기타 - 기타,승용,남,24세,상해없음,승용,여,50세,경상
2014091900100382,2014년 9월 19일 15시,금요일,충청남도 공주시 이인면,중상사고,0,1,0,0,차대차 - 기타,안전운전불이행,건조,맑음,기타 - 기타,기타불명,기타불명,기타불명,기타불명,승용,남,36세,중상
2014091900100416,2014년 9월 19일 16시,금요일,충청남도 당진시 송악읍,경상사고,0,0,1,0,차대차 - 추돌 - 진행중,안전거리미확보,건조,맑음,단일로 - 기타,화물,남,46세,상해없음,승합,여,43세,경상
2014091900100417,2014년 9월 19일 16시,금요일,충청남도 천안시 동남구 광덕면,경상사고,0,0,1,0,차대차 - 추돌 - 진행중,안전거리미확보,건조,맑음,단일로 - 터널,승용,여,39세,상해없음,승용,남,31세,경상
2014091900100464,2014년 9월 19일 17시,금요일,충청남도 천안시 서북구 불당동,경상사고,0,0,2,0,차대차 - 추돌 - 주정차중,안전운전불이행,건조,맑음,단일로 - 기타,승용,남,24세,상해없음,승용,남,48세,상해없음
2014091900100465,2014년 9월 19일 17시,금요일,충청남도 논산시 양촌면,중상사고,0,1,0,0,차대차 - 측면직각충돌,불법유턴,건조,맑음,단일로 - 기타,자전거,여,75세,중상,승용,남,56세,상해없음
2014091900100466,2014년 9월 19일 17시,금요일,충청남도 논산시 성동면,경상사고,0,0,1,0,차대차 - 측면직각충돌,안전운전불이행,건조,맑음,단일로 - 기타,승용,여,44세,상해없음,자전거,여,60세,경상
2014091900100467,2014년 9월 19일 17시,금요일,충청남도 아산시 배방읍,중상사고,0,1,0,0,차대차 - 추돌 - 주정차중,안전운전불이행,건조,맑음,단일로 - 기타,화물,남,31세,상해없음,승용,남,60세,중상
2014091900100562,2014년 9월 19일 19시,금요일,충청남도 천안시 서북구 성성동,경상사고,0,0,1,0,차대차 - 측면직각충돌,안전운전불이행,건조,맑음,단일로 - 기타,승용,남,47세,상해없음,승용,여,37세,경상
2014091900100563,2014년 9월 19일 19시,금요일,충청남도 아산시 배방읍,중상사고,0,1,0,0,차대사람 - 횡단중,안전운전불이행,건조,맑음,교차로 - 교차로안,승용,여,35세,상해없음,보행자,여,75세,중상
2014091900100611,2014년 9월 19일 20시,금요일,충청남도 천안시 서북구 입장면,경상사고,0,0,1,0,차대차 - 측면직각충돌,중앙선침범,건조,맑음,단일로 - 기타,화물,남,54세,상해없음,승용,여,28세,경상
2014091900100612,2014년 9월 19일 20시,금요일,충청남도 논산시 강경읍,중상사고,0,1,0,0,차대차 - 정면충돌,안전운전불이행,건조,맑음,교차로 - 교차로부근,승용,남,51세,상해없음,자전거,여,77세,중상
2014091900100655,2014년 9월 19일 21시,금요일,충청남도 천안시 서북구 성정동,경상사고,0,0,1,0,차대차 - 기타,안전운전불이행,건조,맑음,교차로 - 교차로안,승용,남,41세,상해없음,승용,남,33세,경상
2014091900100656,2014년 9월 19일 21시,금요일,충청남도 논산시 강산동,사망사고,1,0,0,0,차대사람 - 기타,안전운전불이행,건조,맑음,단일로 - 기타,자전거,남,15세,상해없음,보행자,남,66세,사망
2014091900100693,2014년 9월 19일 22시,금요일,충청남도 아산시 신창면,경상사고,0,0,6,0,차대차 - 추돌 - 주정차중,안전운전불이행,건조,맑음,단일로 - 기타,승용,남,44세,상해없음,승합,남,46세,경상
2014091900100728,2014년 9월 19일 23시,금요일,충청남도 청양군 정산면,경상사고,0,0,1,0,차량단독 - 공작물충돌,안전운전불이행,건조,맑음,단일로 - 기타,승용,여,52세,상해없음,,,,
2014092000100059,2014년 9월 20일 02시,토요일,충청남도 서산시 읍내동,중상사고,0,1,3,0,차대차 - 기타,교차로운행방법위반,건조,맑음,교차로 - 교차로안,승용,여,19세,경상,승용,남,55세,중상
2014092000100060,2014년 9월 20일 02시,토요일,충청남도 아산시 인주면,중상사고,0,3,2,0,차대차 - 추돌 - 주정차중,안전운전불이행,건조,맑음,단일로 - 기타,승용,남,59세,상해없음,승용,남,34세,경상
2014092000100080,2014년 9월 20일 03시,토요일,충청남도 홍성군 홍성읍,경상사고,0,0,1,0,차대사람 - 횡단중,안전운전불이행,건조,맑음,단일로 - 기타,승용,여,48세,상해없음,보행자,남,23세,경상
2014092000100081,2014년 9월 20일 03시,토요일,충청남도 예산군 신암면,경상사고,0,0,1,0,차량단독 - 공작물충돌,안전운전불이행,기타,안개,단일로 - 기타,승용,남,27세,경상,,,,
2014092000100127,2014년 9월 20일 06시,토요일,충청남도 서산시 대산읍,경상사고,0,0,1,0,차대차 - 추돌 - 진행중,안전운전불이행,건조,맑음,기타 - 기타,승용,남,39세,상해없음,승용,남,72세,경상
2014092000100128,2014년 9월 20일 06시,토요일,충청남도 예산군 삽교읍,중상사고,0,1,1,0,차대차 - 측면직각충돌,직진우회전진행방해,기타,안개,교차로 - 교차로안,화물,남,26세,경상,화물,남,50세,중상
2014092000100129,2014년 9월 20일 06시,토요일,충청남도 청양군 비봉면,중상사고,0,1,0,0,차대차 - 측면직각충돌,중앙선침범,습기,안개,단일로 - 기타,승용,남,37세,상해없음,이륜,남,46세,중상
2014092000100157,2014년 9월 20일 07시,토요일,충청남도 아산시 배방읍,중상사고,0,2,2,0,차대차 - 정면충돌,신호위반,건조,맑음,단일로 - 기타,승용,남,22세,상해없음,승용,남,41세,중상
2014092000100210,2014년 9월 20일 09시,토요일,충청남도 천안시 서북구 성거읍,경상사고,0,0,3,0,차대차 - 기타,안전운전불이행,건조,맑음,단일로 - 기타,승용,남,53세,상해없음,승용,남,51세,상해없음
2014092000100238,2014년 9월 20일 10시,토요일,충청남도 보령시 화산동,경상사고,0,0,4,0,차대차 - 추돌 - 진행중,안전운전불이행,건조,맑음,단일로 - 기타,승용,남,46세,상해없음,승용,남,41세,경상
2014092000100267,2014년 9월 20일 11시,토요일,충청남도 천안시 서북구 직산읍,경상사고,0,0,1,0,차대차 - 추돌 - 진행중,안전운전불이행,건조,맑음,단일로 - 기타,승용,여,48세,상해없음,승용,여,46세,경상
2014092000100268,2014년 9월 20일 11시,토요일,충청남도 부여군 부여읍,중상사고,0,2,0,0,차대차 - 측면직각충돌,중앙선침범,건조,맑음,단일로 - 기타,화물,남,32세,상해없음,원동기,남,76세,중상
2014092000100344,2014년 9월 20일 13시,토요일,충청남도 서산시 음암면,경상사고,0,0,1,0,차대차 - 정면충돌,중앙선침범,건조,맑음,단일로 - 기타,화물,남,43세,상해없음,승합,남,47세,경상
2014092000100345,2014년 9월 20일 13시,토요일,충청남도 아산시 배방읍,중상사고,0,1,2,0,차대차 - 추돌 - 주정차중,안전운전불이행,건조,맑음,기타 - 기타,화물,남,41세,상해없음,승용,여,33세,중상
2014092000100389,2014년 9월 20일 14시,토요일,충청남도 천안시 서북구 입장면,중상사고,0,1,0,0,차대차 - 측면직각충돌,신호위반,건조,맑음,교차로 - 교차로부근,화물,남,47세,상해없음,화물,남,27세,중상
2014092000100443,2014년 9월 20일 15시,토요일,충청남도 천안시 서북구 성거읍,중상사고,0,1,0,0,차대차 - 기타,교차로운행방법위반,건조,맑음,교차로 - 교차로안,승용,남,63세,상해없음,승용,여,48세,중상
2014092000100478,2014년 9월 20일 16시,토요일,충청남도 천안시 서북구 성환읍,부상신고사고,0,0,0,1,차대차 - 기타,안전운전불이행,건조,맑음,단일로 - 기타,승용,남,65세,상해없음,승용,여,41세,부상신고
2014092000100516,2014년 9월 20일 17시,토요일,충청남도 예산군 봉산면,경상사고,0,0,4,0,차대차 - 추돌 - 주정차중,안전거리미확보,건조,맑음,단일로 - 기타,특수,남,33세,상해없음,화물,남,55세,경상
2014092000100560,2014년 9월 20일 18시,토요일,충청남도 금산군 추부면,중상사고,0,1,0,0,차량단독 - 전도전복,안전운전불이행,건조,맑음,교차로 - 교차로부근,이륜,남,79세,중상,,,,
2014092000100561,2014년 9월 20일 18시,토요일,충청남도 천안시 동남구 목천읍,경상사고,0,0,3,0,차대차 - 기타,안전거리미확보,건조,맑음,단일로 - 기타,승용,남,22세,상해없음,승합,남,49세,경상
2014092000100607,2014년 9월 20일 19시,토요일,충청남도 아산시 송악면,경상사고,0,0,1,0,차대차 - 추돌 - 주정차중,기타,건조,맑음,교차로 - 교차로안,승용,남,55세,상해없음,승용,여,41세,경상
2014092000100608,2014년 9월 20일 19시,토요일,충청남도 당진시 신평면,중상사고,0,1,0,0,차대사람 - 길가장자리구역통행중,안전운전불이행,건조,흐림,단일로 - 기타,승용,남,57세,상해없음,보행자,남,23세,중상
2014092000100644,2014년 9월 20일 20시,토요일,충청남도 태안군 태안읍,경상사고,0,0,1,0,차대차 - 측면직각충돌,중앙선침범,건조,맑음,교차로 - 교차로부근,승용,남,71세,상해없음,화물,남,40세,기타불명
2014092000100645,2014년 9월 20일 20시,토요일,충청남도 천안시 동남구 구성동,중상사고,0,1,0,0,차대사람 - 기타,안전운전불이행,건조,맑음,기타 - 기타,승용,남,28세,상해없음,보행자,여,72세,중상
2014092000100677,2014년 9월 20일 21시,토요일,충청남도 서산시 예천동,경상사고,0,0,1,0,차대차 - 측면직각충돌,안전운전불이행,건조,맑음,단일로 - 기타,승용,남,28세,상해없음,이륜,남,18세,경상
2014092000100678,2014년 9월 20일 21시,토요일,충청남도 천안시 서북구 성거읍,중상사고,0,1,1,0,차대차 - 기타,신호위반,건조,맑음,교차로 - 교차로안,화물,남,33세,경상,화물,남,39세,중상
2014092000100679,2014년 9월 20일 21시,토요일,충청남도 아산시 인주면,경상사고,0,0,2,0,차대차 - 추돌 - 주정차중,안전운전불이행,건조,맑음,교차로 - 교차로부근,승용,여,54세,상해없음,승용,남,30세,경상
2014092000100680,2014년 9월 20일 21시,토요일,충청남도 천안시 동남구 신방동,경상사고,0,0,2,0,차대차 - 기타,안전운전불이행,건조,맑음,교차로 - 교차로부근,승용,남,39세,상해없음,승용,여,34세,경상
2014092000100681,2014년 9월 20일 21시,토요일,충청남도 천안시 동남구 병천면,부상신고사고,0,0,0,1,차대사람 - 기타,안전운전불이행,건조,맑음,기타 - 기타,승용,여,26세,상해없음,보행자,남,43세,부상신고
2014092000100748,2014년 9월 20일 23시,토요일,충청남도 보령시 신흑동,경상사고,0,0,2,0,차대차 - 측면직각충돌,직진우회전진행방해,건조,맑음,단일로 - 기타,승용,여,21세,상해없음,승용,여,42세,상해없음
2014092000100749,2014년 9월 20일 23시,토요일,충청남도 당진시 시곡리,경상사고,0,0,1,0,차대차 - 기타,안전운전불이행,건조,맑음,단일로 - 기타,승합,남,55세,상해없음,승용,남,33세,경상
2014092100100092,2014년 9월 21일 06시,일요일,충청남도 서산시 대산읍,경상사고,0,0,1,0,차대차 - 측면직각충돌,안전운전불이행,건조,맑음,단일로 - 기타,승용,남,34세,상해없음,화물,여,47세,기타불명
2014092100100093,2014년 9월 21일 06시,일요일,충청남도 서산시 석남동,중상사고,0,1,0,0,차대차 - 추돌 - 주정차중,안전운전불이행,건조,맑음,단일로 - 기타,승용,남,62세,중상,승용,남,37세,기타불명
2014092100100130,2014년 9월 21일 08시,일요일,충청남도 서산시 동문동,경상사고,0,0,1,0,차대차 - 기타,교차로운행방법위반,건조,맑음,교차로 - 교차로안,승용,남,72세,상해없음,승용,남,36세,경상
2014092100100131,2014년 9월 21일 08시,일요일,충청남도 천안시 서북구 업성동,중상사고,0,1,1,0,차대차 - 측면직각충돌,안전운전불이행,건조,맑음,교차로 - 교차로안,승용,남,26세,상해없음,승용,남,61세,경상
2014092100100132,2014년 9월 21일 08시,일요일,충청남도 청양군 청남면,중상사고,0,1,2,0,차대차 - 정면충돌,안전운전불이행,건조,맑음,단일로 - 기타,화물,남,51세,중상,화물,남,61세,경상
2014092100100170,2014년 9월 21일 10시,일요일,충청남도 천안시 서북구 성환읍,경상사고,0,0,1,0,차대사람 - 기타,안전운전불이행,건조,맑음,단일로 - 기타,화물,남,52세,상해없음,보행자,남,34세,경상
2014092100100234,2014년 9월 21일 13시,일요일,충청남도 천안시 서북구 두정동,경상사고,0,0,3,0,차대차 - 기타,중앙선침범,건조,맑음,단일로 - 기타,승용,남,71세,상해없음,승합,남,48세,경상
2014092100100235,2014년 9월 21일 13시,일요일,충청남도 천안시 서북구 성정동,부상신고사고,0,0,0,1,차대차 - 기타,안전운전불이행,건조,맑음,교차로 - 교차로안,승용,남,26세,부상신고,승용,남,57세,상해없음
2014092100100236,2014년 9월 21일 13시,일요일,충청남도 당진시 석문면,경상사고,0,0,2,0,차대차 - 추돌 - 진행중,안전운전불이행,건조,맑음,단일로 - 기타,승합,남,40세,상해없음,승용,남,27세,경상
2014092100100285,2014년 9월 21일 14시,일요일,충청남도 천안시 서북구 입장면,사망사고,1,0,0,0,차량단독 - 도로외이탈 - 추락,안전운전불이행,건조,맑음,단일로 - 기타,이륜,남,30세,사망,,,,
2014092100100313,2014년 9월 21일 15시,일요일,충청남도 예산군 신양면,중상사고,0,1,0,0,차량단독 - 전도전복,안전운전불이행,건조,맑음,단일로 - 기타,승용,남,43세,중상,,,,
2014092100100346,2014년 9월 21일 16시,일요일,충청남도 홍성군 갈산면,중상사고,0,4,4,0,차대차 - 추돌 - 진행중,안전운전불이행,건조,맑음,단일로 - 기타,화물,남,43세,상해없음,승용,남,47세,중상
2014092100100374,2014년 9월 21일 17시,일요일,충청남도 서천군 종천면,경상사고,0,0,1,0,차대차 - 기타,안전운전불이행,건조,맑음,교차로 - 교차로부근,승용,남,61세,상해없음,승합,남,36세,경상
2014092100100396,2014년 9월 21일 18시,일요일,충청남도 예산군 고덕면,경상사고,0,0,2,0,차대차 - 기타,중앙선침범,건조,맑음,단일로 - 기타,승용,남,33세,상해없음,승용,남,53세,경상
2014092100100397,2014년 9월 21일 18시,일요일,충청남도 천안시 동남구 사직동,중상사고,0,1,0,0,차대사람 - 기타,안전운전불이행,건조,맑음,단일로 - 기타,이륜,남,74세,상해없음,보행자,여,45세,중상
2014092100100437,2014년 9월 21일 19시,일요일,충청남도 홍성군 홍성읍,경상사고,0,0,1,0,차대사람 - 기타,보행자보호의무위반,건조,맑음,단일로 - 횡단보도상,화물,남,44세,상해없음,보행자,남,65세,경상
2014092100100438,2014년 9월 21일 19시,일요일,충청남도 공주시 신관동,경상사고,0,0,2,0,차대차 - 추돌 - 주정차중,안전운전불이행,건조,맑음,기타 - 기타,기타불명,기타불명,기타불명,기타불명,승용,남,50세,경상
2014092100100477,2014년 9월 21일 20시,일요일,충청남도 서천군 종천면,경상사고,0,0,1,0,차대차 - 기타,중앙선침범,건조,맑음,단일로 - 기타,승합,남,52세,상해없음,화물,남,64세,경상
2014092100100478,2014년 9월 21일 20시,일요일,충청남도 천안시 동남구 신방동,경상사고,0,0,1,0,차대차 - 기타,안전운전불이행,건조,맑음,단일로 - 기타,화물,남,49세,상해없음,화물,남,41세,경상
2014092100100479,2014년 9월 21일 20시,일요일,충청남도 논산시 연무읍,중상사고,0,1,2,0,차량단독 - 전도전복,안전운전불이행,건조,맑음,단일로 - 기타,화물,남,57세,중상,,,,
2014092100100512,2014년 9월 21일 21시,일요일,충청남도 논산시 연산면,경상사고,0,0,7,0,차대차 - 추돌 - 주정차중,안전운전불이행,건조,맑음,교차로 - 교차로부근,승용,여,31세,상해없음,승용,남,39세,경상
2014092100100536,2014년 9월 21일 22시,일요일,충청남도 공주시 우성면,중상사고,0,1,1,0,차대차 - 측면직각충돌,안전운전불이행,건조,맑음,단일로 - 기타,화물,남,59세,중상,화물,남,47세,경상
2014092100100568,2014년 9월 21일 23시,일요일,충청남도 태안군 근흥면,중상사고,0,2,1,0,차대차 - 추돌 - 진행중,안전운전불이행,건조,맑음,단일로 - 기타,승용,남,30세,경상,승용,여,47세,중상
2014092100100569,2014년 9월 21일 23시,일요일,충청남도 천안시 서북구 쌍용동,경상사고,0,0,2,0,차대차 - 기타,신호위반,건조,맑음,교차로 - 교차로안,승용,남,63세,상해없음,승용,남,59세,경상
2014092200100020,2014년 9월 22일 03시,월요일,충청남도 천안시 서북구 성정동,경상사고,0,0,3,0,차대차 - 측면직각충돌,신호위반,건조,맑음,교차로 - 교차로안,승용,남,30세,상해없음,승용,남,30세,경상
2014092200100034,2014년 9월 22일 05시,월요일,충청남도 논산시 강산동,경상사고,0,0,1,0,차대차 - 측면직각충돌,신호위반,건조,맑음,교차로 - 교차로안,승용,남,61세,상해없음,승용,남,55세,경상
2014092200100035,2014년 9월 22일 05시,월요일,충청남도 보령시 주포면,경상사고,0,0,1,0,차대차 - 기타,중앙선침범,건조,맑음,단일로 - 기타,원동기,남,67세,상해없음,승용,남,38세,상해없음
2014092200100076,2014년 9월 22일 07시,월요일,충청남도 천안시 동남구 원성동,중상사고,0,1,1,0,차대차 - 기타,안전운전불이행,건조,맑음,단일로 - 기타,승용,여,47세,중상,승용,남,52세,상해없음
2014092200100119,2014년 9월 22일 08시,월요일,충청남도 천안시 서북구 쌍용동,경상사고,0,0,1,0,차대차 - 기타,신호위반,건조,맑음,교차로 - 교차로안,승용,여,26세,상해없음,승용,남,52세,경상
2014092200100120,2014년 9월 22일 08시,월요일,충청남도 천안시 서북구 성거읍,경상사고,0,0,1,0,차대차 - 기타,안전운전불이행,건조,맑음,단일로 - 기타,승용,남,22세,기타불명,승용,남,49세,경상
2014092200100155,2014년 9월 22일 09시,월요일,충청남도 예산군 삽교읍,경상사고,0,0,1,0,차대차 - 기타,신호위반,건조,맑음,교차로 - 교차로안,승용,남,34세,상해없음,승합,남,64세,경상
2014092200100215,2014년 9월 22일 11시,월요일,충청남도 서산시 대산읍,사망사고,1,0,0,0,차대사람 - 기타,안전운전불이행,건조,맑음,단일로 - 기타,화물,남,55세,상해없음,보행자,남,53세,사망
2014092200100216,2014년 9월 22일 11시,월요일,충청남도 서천군 서천읍,경상사고,0,0,1,0,차대사람 - 기타,안전운전불이행,건조,맑음,단일로 - 기타,승용,남,71세,상해없음,보행자,여,87세,경상
2014092200100244,2014년 9월 22일 12시,월요일,충청남도 천안시 동남구 신방동,사망사고,1,0,0,0,차대차 - 추돌 - 진행중,안전운전불이행,건조,맑음,교차로 - 교차로안,화물,남,48세,상해없음,원동기,남,67세,사망
2014092200100353,2014년 9월 22일 15시,월요일,충청남도 천안시 서북구 성환읍,경상사고,0,0,1,0,차대차 - 추돌 - 진행중,안전운전불이행,건조,맑음,단일로 - 기타,원동기,남,71세,상해없음,원동기,남,90세,경상
2014092200100354,2014년 9월 22일 15시,월요일,충청남도 논산시 덕지동,중상사고,0,1,0,0,차대차 - 기타,안전운전불이행,건조,맑음,단일로 - 기타,기타불명,기타불명,기타불명,기타불명,자전거,남,57세,중상
2014092200100355,2014년 9월 22일 15시,월요일,충청남도 서천군 서천읍,경상사고,0,0,2,0,차대차 - 기타,안전거리미확보,건조,맑음,교차로 - 교차로부근,승용,남,42세,상해없음,승용,여,45세,경상
2014092200100397,2014년 9월 22일 16시,월요일,충청남도 당진시 신평면,경상사고,0,0,2,0,차대차 - 추돌 - 주정차중,안전운전불이행,건조,맑음,단일로 - 기타,화물,남,73세,상해없음,승용,여,39세,경상
2014092200100431,2014년 9월 22일 17시,월요일,충청남도 천안시 동남구 다가동,중상사고,0,1,0,0,차대차 - 측면직각충돌,신호위반,건조,맑음,교차로 - 교차로안,화물,남,22세,상해없음,승용,여,43세,중상
2014092200100518,2014년 9월 22일 19시,월요일,충청남도 홍성군 갈산면,중상사고,0,2,0,0,차대차 - 기타,중앙선침범,건조,맑음,단일로 - 기타,화물,남,50세,중상,승용,남,23세,중상
2014092200100519,2014년 9월 22일 19시,월요일,충청남도 서천군 장항읍,중상사고,0,1,1,0,차대차 - 기타,직진우회전진행방해,건조,맑음,교차로 - 교차로안,원동기,남,72세,경상,승용,여,40세,상해없음
2014092200100520,2014년 9월 22일 19시,월요일,충청남도 천안시 동남구 다가동,중상사고,0,1,1,0,차대차 - 측면직각충돌,안전운전불이행,건조,맑음,단일로 - 기타,화물,남,32세,상해없음,화물,남,58세,경상
2014092200100563,2014년 9월 22일 20시,월요일,충청남도 당진시 수청리,사망사고,1,0,0,0,차대사람 - 기타,안전운전불이행,건조,맑음,단일로 - 기타,화물,남,59세,상해없음,보행자,여,51세,사망
2014092200100564,2014년 9월 22일 20시,월요일,충청남도 천안시 동남구 신방동,경상사고,0,0,1,0,차대차 - 측면직각충돌,신호위반,건조,맑음,교차로 - 교차로안,승용,여,43세,상해없음,승용,여,54세,경상
2014092200100613,2014년 9월 22일 22시,월요일,충청남도 천안시 서북구 성환읍,경상사고,0,0,2,0,차대차 - 기타,안전운전불이행,건조,맑음,단일로 - 기타,기타불명,기타불명,기타불명,기타불명,승용,남,23세,경상
2014092200100614,2014년 9월 22일 22시,월요일,충청남도 천안시 동남구 신방동,경상사고,0,0,1,0,차대차 - 측면직각충돌,신호위반,건조,맑음,교차로 - 교차로안,승용,남,54세,상해없음,승용,여,53세,경상
2014092200100640,2014년 9월 22일 23시,월요일,충청남도 논산시 연산면,중상사고,0,2,1,0,차대차 - 측면직각충돌,중앙선침범,건조,맑음,단일로 - 기타,화물,남,47세,경상,승용,남,27세,중상
2014092300100047,2014년 9월 23일 02시,화요일,충청남도 천안시 서북구 성정동,중상사고,0,2,0,0,차대차 - 측면직각충돌,안전운전불이행,건조,맑음,교차로 - 교차로안,승용,남,28세,중상,승용,남,26세,중상
2014092300100058,2014년 9월 23일 03시,화요일,충청남도 천안시 서북구 두정동,경상사고,0,0,1,0,차대사람 - 기타,안전운전불이행,건조,맑음,단일로 - 기타,기타불명,기타불명,기타불명,기타불명,보행자,남,27세,경상
2014092300100077,2014년 9월 23일 05시,화요일,충청남도 천안시 서북구 성정동,경상사고,0,0,1,0,차대사람 - 횡단중,보행자보호의무위반,건조,맑음,교차로 - 교차로부근,승용,남,51세,상해없음,보행자,남,77세,경상
2014092300100088,2014년 9월 23일 06시,화요일,충청남도 천안시 서북구 쌍용동,경상사고,0,0,1,0,차대차 - 기타,안전운전불이행,건조,맑음,교차로 - 교차로부근,승용,남,32세,상해없음,승용,여,33세,경상
2014092300100089,2014년 9월 23일 06시,화요일,충청남도 천안시 동남구 목천읍,사망사고,2,1,0,0,차대차 - 정면충돌,신호위반,건조,맑음,교차로 - 교차로안,승합,남,53세,중상,승합,남,69세,사망
2014092300100227,2014년 9월 23일 10시,화요일,충청남도 서산시 예천동,경상사고,0,0,1,0,차대차 - 측면직각충돌,신호위반,건조,맑음,교차로 - 교차로안,화물,남,29세,상해없음,승용,남,71세,경상
2014092300100228,2014년 9월 23일 10시,화요일,충청남도 금산군 금산읍,사망사고,1,0,0,0,차대차 - 측면직각충돌,신호위반,건조,맑음,교차로 - 교차로안,건설기계,남,42세,상해없음,화물,남,56세,사망
2014092300100278,2014년 9월 23일 12시,화요일,충청남도 당진시 송산면,경상사고,0,0,2,0,차대차 - 추돌 - 주정차중,안전운전불이행,건조,맑음,단일로 - 기타,승용,남,49세,상해없음,승용,남,70세,경상
2014092300100409,2014년 9월 23일 16시,화요일,충청남도 천안시 서북구 쌍용동,중상사고,0,1,0,0,차량단독 - 기타,안전운전불이행,건조,맑음,기타 - 기타,승합,남,44세,상해없음,,,,
2014092300100410,2014년 9월 23일 16시,화요일,충청남도 공주시 금성동,부상신고사고,0,0,0,1,차대차 - 기타,안전운전불이행,건조,맑음,교차로 - 교차로안,이륜,남,47세,부상신고,승용,남,51세,상해없음