사고번호,사고일시,요일,시군구,사고내용,사망자수,중상자수,경상자수,부상신고자수,사고유형,법규위반,노면상태,기상상태,도로형태,가해운전자 차종,가해운전자 성별,가해운전자 연령,가해운전자 상해정도,피해운전자 차종,피해운전자 성별,피해운전자 연령,피해운전자 상해정도
2014092300100411,2014년 9월 23일 16시,화요일,충청남도 금산군 금산읍,경상사고,0,0,1,0,차대사람 - 횡단중,안전운전불이행,건조,맑음,교차로 - 교차로부근,이륜,남,81세,상해없음,보행자,여,55세,경상
2014092300100450,2014년 9월 23일 17시,화요일,충청남도 보령시 궁촌동,경상사고,0,0,1,0,차대차 - 측면직각충돌,안전거리미확보,건조,흐림,교차로 - 교차로부근,승용,남,64세,상해없음,이륜,남,39세,경상
2014092300100451,2014년 9월 23일 17시,화요일,충청남도 금산군 복수면,중상사고,0,2,1,0,차대차 - 측면직각충돌,과속,습기,비,교차로 - 교차로안,승용,남,54세,상해없음,승용,남,43세,중상
2014092300100545,2014년 9월 23일 19시,화요일,충청남도 천안시 서북구 두정동,경상사고,0,0,1,0,차대사람 - 기타,안전운전불이행,건조,흐림,단일로 - 기타,승용,남,27세,상해없음,보행자,여,49세,경상
2014092300100597,2014년 9월 23일 20시,화요일,충청남도 보령시 신흑동,중상사고,0,2,0,0,차대차 - 측면직각충돌,안전운전불이행,습기,비,교차로 - 교차로부근,화물,남,39세,상해없음,승용,여,56세,중상
2014092300100644,2014년 9월 23일 21시,화요일,충청남도 천안시 서북구 두정동,경상사고,0,0,1,0,차대차 - 측면직각충돌,직진우회전진행방해,건조,맑음,교차로 - 교차로안,승용,남,72세,상해없음,승용,남,26세,상해없음
2014092300100645,2014년 9월 23일 21시,화요일,충청남도 홍성군 홍성읍,중상사고,0,1,0,0,차대사람 - 횡단중,안전운전불이행,습기,비,교차로 - 교차로안,승용,남,42세,상해없음,보행자,남,44세,중상
2014092300100646,2014년 9월 23일 21시,화요일,충청남도 아산시 탕정면,경상사고,0,0,1,0,차대차 - 추돌 - 주정차중,안전운전불이행,건조,맑음,교차로 - 교차로부근,승용,남,47세,상해없음,승용,남,33세,상해없음
2014092300100647,2014년 9월 23일 21시,화요일,충청남도 보령시 죽정동,중상사고,0,1,0,0,차대사람 - 횡단중,신호위반,습기,비,단일로 - 횡단보도상,승용,남,41세,상해없음,보행자,여,45세,중상
2014092300100648,2014년 9월 23일 21시,화요일,충청남도 공주시 신관동,경상사고,0,0,1,0,차대차 - 측면직각충돌,신호위반,습기,비,교차로 - 교차로안,승용,남,29세,상해없음,승용,남,61세,경상
2014092300100698,2014년 9월 23일 22시,화요일,충청남도 천안시 서북구 불당동,경상사고,0,0,3,1,차대차 - 추돌 - 주정차중,안전운전불이행,습기,비,단일로 - 기타,승용,남,40세,상해없음,승용,남,45세,부상신고
2014092300100743,2014년 9월 23일 23시,화요일,충청남도 공주시 신관동,중상사고,0,1,0,0,차대차 - 기타,안전운전불이행,습기,비,교차로 - 교차로안,이륜,남,44세,중상,승용,남,38세,상해없음
2014092400100016,2014년 9월 24일 00시,수요일,충청남도 서산시 석림동,중상사고,0,1,0,0,차대차 - 추돌 - 진행중,안전운전불이행,습기,비,교차로 - 교차로부근,승용,남,36세,상해없음,승용,남,31세,중상
2014092400100017,2014년 9월 24일 00시,수요일,충청남도 예산군 삽교읍,경상사고,0,0,1,0,차량단독 - 도로외이탈 - 기타,안전운전불이행,습기,비,단일로 - 기타,원동기,남,51세,경상,,,,
2014092400100063,2014년 9월 24일 02시,수요일,충청남도 천안시 서북구 성정동,경상사고,0,0,1,0,차대차 - 기타,중앙선침범,습기,비,교차로 - 교차로부근,승용,남,30세,상해없음,원동기,남,43세,경상
2014092400100109,2014년 9월 24일 05시,수요일,충청남도 천안시 서북구 입장면,사망사고,1,0,0,0,차대사람 - 기타,안전운전불이행,습기,비,단일로 - 기타,승용,남,64세,상해없음,보행자,여,80세,사망
2014092400100110,2014년 9월 24일 05시,수요일,충청남도 천안시 서북구 쌍용동,경상사고,0,0,2,0,차대차 - 기타,안전운전불이행,습기,비,교차로 - 교차로부근,승용,남,25세,상해없음,승용,여,52세,경상
2014092400100125,2014년 9월 24일 06시,수요일,충청남도 천안시 서북구 성정동,경상사고,0,0,1,0,차대차 - 기타,신호위반,습기,비,교차로 - 교차로안,승용,남,51세,상해없음,승용,남,47세,경상
2014092400100126,2014년 9월 24일 06시,수요일,충청남도 천안시 서북구 백석동,경상사고,0,0,1,0,차대차 - 추돌 - 주정차중,안전운전불이행,습기,비,교차로 - 교차로부근,승용,여,29세,상해없음,승용,남,42세,경상
2014092400100148,2014년 9월 24일 07시,수요일,충청남도 천안시 서북구 두정동,경상사고,0,0,1,0,차대차 - 측면직각충돌,교차로운행방법위반,습기,비,교차로 - 교차로안,승용,남,37세,상해없음,승용,남,30세,상해없음
2014092400100149,2014년 9월 24일 07시,수요일,충청남도 당진시 정미면,경상사고,0,0,1,0,차대차 - 추돌 - 진행중,안전운전불이행,습기,비,단일로 - 기타,승용,남,31세,상해없음,승용,남,29세,경상
2014092400100150,2014년 9월 24일 07시,수요일,충청남도 당진시 송악읍,경상사고,0,0,1,0,차대차 - 측면직각충돌,교차로운행방법위반,습기,비,교차로 - 교차로안,승용,남,43세,상해없음,승용,여,24세,경상
2014092400100184,2014년 9월 24일 08시,수요일,충청남도 아산시 둔포면,경상사고,0,0,3,1,차대차 - 측면직각충돌,중앙선침범,습기,비,단일로 - 횡단보도부근,승용,남,25세,상해없음,승용,남,66세,경상
2014092400100262,2014년 9월 24일 10시,수요일,충청남도 천안시 서북구 쌍용동,경상사고,0,0,1,0,차대차 - 측면직각충돌,교차로운행방법위반,습기,비,교차로 - 교차로안,승용,남,47세,상해없음,승용,여,45세,경상
2014092400100286,2014년 9월 24일 11시,수요일,충청남도 천안시 서북구 성정동,중상사고,0,1,0,0,차대차 - 기타,교차로운행방법위반,습기,비,교차로 - 교차로안,화물,남,59세,상해없음,원동기,남,56세,중상
2014092400100317,2014년 9월 24일 12시,수요일,충청남도 서천군 종천면,중상사고,0,1,1,0,차대차 - 기타,안전운전불이행,건조,맑음,단일로 - 기타,승용,남,53세,상해없음,화물,남,52세,중상
2014092400100318,2014년 9월 24일 12시,수요일,충청남도 예산군 응봉면,경상사고,0,0,1,0,차대차 - 측면직각충돌,직진우회전진행방해,습기,맑음,교차로 - 교차로안,화물,남,55세,상해없음,승용,남,56세,경상
2014092400100349,2014년 9월 24일 13시,수요일,충청남도 천안시 서북구 성정동,경상사고,0,0,1,0,차대차 - 기타,안전거리미확보,습기,비,단일로 - 기타,승용,남,36세,상해없음,승용,남,38세,경상
2014092400100467,2014년 9월 24일 16시,수요일,충청남도 청양군 청양읍,경상사고,0,0,1,0,차대사람 - 기타,안전운전불이행,건조,맑음,기타 - 기타,화물,남,60세,상해없음,보행자,남,54세,경상
2014092400100497,2014년 9월 24일 17시,수요일,충청남도 논산시 연무읍,경상사고,0,0,1,0,차대차 - 기타,안전운전불이행,건조,맑음,교차로 - 교차로부근,기타불명,기타불명,기타불명,기타불명,승용,여,41세,경상
2014092400100498,2014년 9월 24일 17시,수요일,충청남도 논산시 강경읍,중상사고,0,1,0,0,차대차 - 기타,중앙선침범,건조,맑음,단일로 - 기타,승용,남,51세,상해없음,승용,남,36세,중상
2014092400100577,2014년 9월 24일 19시,수요일,충청남도 서산시 해미면,사망사고,1,0,0,0,차대사람 - 보도통행중,과속,건조,맑음,단일로 - 횡단보도상,승용,남,58세,상해없음,보행자,여,70세,사망
2014092400100578,2014년 9월 24일 19시,수요일,충청남도 아산시 득산동,중상사고,0,1,1,0,차대차 - 기타,신호위반,건조,맑음,교차로 - 교차로안,승용,남,43세,상해없음,화물,남,29세,중상
2014092400100579,2014년 9월 24일 19시,수요일,충청남도 보령시 동대동,중상사고,0,1,0,0,차대차 - 기타,중앙선침범,건조,맑음,단일로 - 기타,화물,남,62세,상해없음,화물,남,55세,중상
2014092400100580,2014년 9월 24일 19시,수요일,충청남도 공주시 금성동,경상사고,0,0,1,0,차대차 - 기타,교차로운행방법위반,건조,맑음,교차로 - 교차로안,승용,남,52세,상해없음,승용,여,23세,경상
2014092400100581,2014년 9월 24일 19시,수요일,충청남도 천안시 동남구 북면,중상사고,0,1,0,0,차대사람 - 횡단중,안전운전불이행,건조,맑음,단일로 - 기타,승용,남,42세,상해없음,보행자,여,56세,중상
2014092400100630,2014년 9월 24일 20시,수요일,충청남도 부여군 부여읍,중상사고,0,1,0,0,차대차 - 측면직각충돌,안전운전불이행,건조,맑음,단일로 - 횡단보도상,승용,남,39세,상해없음,자전거,여,9세,중상
2014092400100631,2014년 9월 24일 20시,수요일,충청남도 당진시 수청리,경상사고,0,0,1,0,차대차 - 측면직각충돌,신호위반,건조,맑음,교차로 - 교차로안,승용,남,29세,상해없음,승용,남,51세,경상
2014092400100698,2014년 9월 24일 22시,수요일,충청남도 천안시 서북구 백석동,경상사고,0,0,1,0,차대차 - 추돌 - 주정차중,안전운전불이행,건조,맑음,단일로 - 기타,승용,남,31세,상해없음,승용,여,41세,경상
2014092400100699,2014년 9월 24일 22시,수요일,충청남도 천안시 서북구 성거읍,경상사고,0,0,1,0,차대사람 - 길가장자리구역통행중,안전운전불이행,건조,맑음,교차로 - 교차로부근,승용,남,29세,상해없음,보행자,남,29세,경상
2014092400100700,2014년 9월 24일 22시,수요일,충청남도 천안시 서북구 성정동,경상사고,0,0,2,0,차대차 - 기타,안전운전불이행,건조,맑음,교차로 - 교차로안,승용,남,38세,상해없음,승용,남,43세,경상
2014092400100728,2014년 9월 24일 23시,수요일,충청남도 천안시 서북구 직산읍,경상사고,0,0,1,0,차대차 - 추돌 - 주정차중,안전운전불이행,건조,맑음,교차로 - 교차로부근,승용,여,38세,상해없음,특수,남,33세,경상
2014092500100068,2014년 9월 25일 06시,목요일,충청남도 예산군 삽교읍,중상사고,0,2,0,0,차대사람 - 횡단중,안전운전불이행,건조,맑음,교차로 - 교차로안,승용,여,42세,상해없음,보행자,여,73세,중상
2014092500100090,2014년 9월 25일 07시,목요일,충청남도 서천군 문산면,경상사고,0,0,1,0,차대차 - 기타,안전운전불이행,건조,맑음,단일로 - 기타,승합,남,47세,상해없음,화물,남,67세,경상
2014092500100123,2014년 9월 25일 08시,목요일,충청남도 논산시 강산동,경상사고,0,0,5,0,차대차 - 추돌 - 주정차중,안전운전불이행,건조,맑음,단일로 - 기타,승용,남,76세,상해없음,승용,여,35세,경상
2014092500100124,2014년 9월 25일 08시,목요일,충청남도 천안시 동남구 신방동,중상사고,0,1,0,0,차대사람 - 횡단중,안전운전불이행,건조,맑음,단일로 - 기타,승용,남,41세,상해없음,보행자,남,44세,중상
2014092500100169,2014년 9월 25일 09시,목요일,충청남도 천안시 동남구 봉명동,경상사고,0,0,1,0,차대차 - 측면직각충돌,안전운전불이행,건조,맑음,단일로 - 기타,원동기,남,69세,경상,승용,여,20세,상해없음
2014092500100270,2014년 9월 25일 12시,목요일,충청남도 천안시 동남구 봉명동,경상사고,0,0,1,0,차대사람 - 횡단중,안전운전불이행,건조,맑음,단일로 - 기타,승용,남,26세,상해없음,보행자,여,77세,경상
2014092500100293,2014년 9월 25일 13시,목요일,충청남도 공주시 중동,중상사고,0,1,0,0,차대차 - 기타,신호위반,건조,맑음,교차로 - 교차로안,승용,남,66세,기타불명,자전거,남,56세,중상
2014092500100294,2014년 9월 25일 13시,목요일,충청남도 천안시 동남구 목천읍,경상사고,0,0,1,0,차대차 - 기타,안전운전불이행,건조,맑음,단일로 - 기타,승용,남,43세,상해없음,승용,남,48세,상해없음
2014092500100361,2014년 9월 25일 15시,목요일,충청남도 태안군 남면,사망사고,1,0,0,0,차량단독 - 공작물충돌,안전운전불이행,건조,맑음,단일로 - 기타,화물,남,59세,사망,,,,
2014092500100432,2014년 9월 25일 17시,목요일,충청남도 논산시 성동면,중상사고,0,2,0,0,차대차 - 추돌 - 진행중,안전운전불이행,건조,맑음,교차로 - 교차로부근,승용,남,67세,상해없음,승용,남,55세,중상
2014092500100433,2014년 9월 25일 17시,목요일,충청남도 서천군 비인면,사망사고,1,0,0,0,차량단독 - 기타,안전운전불이행,건조,맑음,단일로 - 기타,화물,남,74세,사망,,,,
2014092500100465,2014년 9월 25일 18시,목요일,충청남도 태안군 근흥면,중상사고,0,1,0,0,차대차 - 측면직각충돌,중앙선침범,건조,맑음,단일로 - 기타,이륜,남,73세,중상,승용,남,65세,상해없음
2014092500100508,2014년 9월 25일 19시,목요일,충청남도 서산시 동문동,경상사고,0,0,2,0,차대차 - 측면직각충돌,교차로운행방법위반,건조,맑음,교차로 - 교차로안,승용,여,45세,상해없음,이륜,남,53세,경상
2014092500100509,2014년 9월 25일 19시,목요일,충청남도 논산시 연산면,중상사고,0,2,0,0,차대차 - 측면직각충돌,신호위반,건조,맑음,교차로 - 교차로안,승용,남,24세,상해없음,승합,남,62세,중상
2014092500100510,2014년 9월 25일 19시,목요일,충청남도 공주시 신관동,경상사고,0,0,1,0,차대차 - 추돌 - 주정차중,안전운전불이행,건조,맑음,교차로 - 교차로부근,화물,기타불명,51세,기타불명,승용,남,50세,경상
2014092500100544,2014년 9월 25일 20시,목요일,충청남도 천안시 서북구 부대동,경상사고,0,0,1,0,차대사람 - 차도통행중,중앙선침범,건조,맑음,단일로 - 기타,승용,남,35세,상해없음,보행자,여,43세,경상
2014092500100545,2014년 9월 25일 20시,목요일,충청남도 논산시 부적면,사망사고,1,0,0,0,차대사람 - 횡단중,신호위반,건조,맑음,교차로 - 교차로안,승용,남,67세,상해없음,보행자,남,52세,사망
2014092500100579,2014년 9월 25일 21시,목요일,충청남도 천안시 서북구 쌍용동,경상사고,0,0,1,0,차대차 - 기타,안전거리미확보,건조,맑음,단일로 - 기타,승용,남,24세,상해없음,승용,남,55세,경상
2014092500100580,2014년 9월 25일 21시,목요일,충청남도 부여군 부여읍,경상사고,0,0,1,0,차량단독 - 공작물충돌,안전운전불이행,건조,맑음,단일로 - 기타,승용,여,23세,경상,,,,
2014092500100581,2014년 9월 25일 21시,목요일,충청남도 천안시 동남구 목천읍,경상사고,0,0,1,0,차대차 - 측면직각충돌,안전운전불이행,건조,맑음,교차로 - 교차로안,승용,남,24세,상해없음,승용,여,26세,경상
2014092600100033,2014년 9월 26일 01시,금요일,충청남도 천안시 동남구 신방동,경상사고,0,0,1,0,차대사람 - 기타,안전운전불이행,건조,맑음,교차로 - 교차로안,승용,남,20세,상해없음,보행자,남,39세,경상
2014092600100034,2014년 9월 26일 01시,금요일,충청남도 보령시 주산면,경상사고,0,0,1,0,차대차 - 측면직각충돌,안전운전불이행,건조,맑음,단일로 - 터널,승용,남,45세,기타불명,화물,남,34세,경상
2014092600100061,2014년 9월 26일 03시,금요일,충청남도 당진시 송악읍,경상사고,0,0,1,0,차대차 - 추돌 - 주정차중,안전운전불이행,건조,맑음,단일로 - 기타,화물,남,47세,기타불명,승용,남,29세,경상
2014092600100076,2014년 9월 26일 05시,금요일,충청남도 논산시 내동,경상사고,0,0,4,0,차대차 - 측면직각충돌,불법유턴,건조,맑음,단일로 - 기타,승용,남,54세,상해없음,승용,남,30세,경상
2014092600100077,2014년 9월 26일 05시,금요일,충청남도 아산시 인주면,중상사고,0,1,0,0,차대사람 - 횡단중,안전운전불이행,건조,맑음,단일로 - 횡단보도상,승용,기타불명,기타불명,기타불명,보행자,여,73세,중상
2014092600100106,2014년 9월 26일 07시,금요일,충청남도 서천군 기산면,중상사고,0,1,0,0,차대차 - 기타,직진우회전진행방해,건조,맑음,교차로 - 교차로안,이륜,남,60세,중상,승용,남,44세,상해없음
2014092600100155,2014년 9월 26일 08시,금요일,충청남도 서천군 장항읍,중상사고,0,2,0,0,차대차 - 정면충돌,중앙선침범,건조,맑음,단일로 - 기타,승용,여,43세,중상,화물,남,54세,중상
2014092600100156,2014년 9월 26일 08시,금요일,충청남도 천안시 동남구 병천면,중상사고,0,1,0,0,차대사람 - 횡단중,보행자보호의무위반,건조,맑음,교차로 - 교차로안,화물,남,71세,상해없음,보행자,남,70세,중상
2014092600100188,2014년 9월 26일 09시,금요일,충청남도 금산군 추부면,중상사고,0,2,8,0,차대차 - 추돌 - 진행중,안전거리미확보,건조,맑음,교차로 - 교차로안,승합,남,54세,상해없음,화물,남,67세,경상
2014092600100189,2014년 9월 26일 09시,금요일,충청남도 천안시 동남구 사직동,중상사고,0,1,0,0,차대사람 - 횡단중,보행자보호의무위반,건조,맑음,단일로 - 횡단보도상,승용,남,67세,상해없음,보행자,남,81세,중상
2014092600100220,2014년 9월 26일 10시,금요일,충청남도 천안시 서북구 성정동,중상사고,0,1,0,0,차량단독 - 기타,안전운전불이행,건조,맑음,단일로 - 기타,승합,남,56세,상해없음,,,,
2014092600100243,2014년 9월 26일 11시,금요일,충청남도 천안시 서북구 불당동,경상사고,0,0,2,0,차대차 - 측면직각충돌,신호위반,건조,맑음,교차로 - 교차로안,승용,여,52세,상해없음,승용,여,23세,경상
2014092600100244,2014년 9월 26일 11시,금요일,충청남도 예산군 예산읍,중상사고,0,2,1,0,차대차 - 기타,교차로운행방법위반,건조,맑음,교차로 - 교차로안,화물,남,73세,경상,화물,남,51세,중상
2014092600100276,2014년 9월 26일 12시,금요일,충청남도 서산시 석림동,중상사고,0,1,0,0,차대차 - 측면직각충돌,안전운전불이행,건조,맑음,교차로 - 교차로안,이륜,남,59세,중상,승용,남,59세,상해없음
2014092600100277,2014년 9월 26일 12시,금요일,충청남도 태안군 원북면,중상사고,0,1,0,0,차대차 - 추돌 - 진행중,안전운전불이행,건조,맑음,교차로 - 교차로부근,건설기계,남,39세,상해없음,승합,여,61세,중상
2014092600100278,2014년 9월 26일 12시,금요일,충청남도 부여군 부여읍,경상사고,0,0,1,0,차대차 - 기타,안전운전불이행,건조,맑음,단일로 - 기타,이륜,여,61세,상해없음,이륜,여,59세,경상
2014092600100279,2014년 9월 26일 12시,금요일,충청남도 천안시 동남구 영성동,중상사고,0,1,0,0,차대사람 - 기타,안전운전불이행,건조,맑음,단일로 - 기타,승용,여,57세,상해없음,보행자,남,57세,중상
2014092600100299,2014년 9월 26일 13시,금요일,충청남도 천안시 동남구 병천면,중상사고,0,1,0,0,차대사람 - 길가장자리구역통행중,안전운전불이행,건조,맑음,단일로 - 기타,승용,남,66세,상해없음,보행자,여,75세,중상
2014092600100334,2014년 9월 26일 14시,금요일,충청남도 논산시 연무읍,경상사고,0,0,3,0,차대차 - 추돌 - 주정차중,안전운전불이행,건조,맑음,교차로 - 교차로부근,화물,남,49세,상해없음,승용,남,51세,경상
2014092600100335,2014년 9월 26일 14시,금요일,충청남도 천안시 동남구 구성동,경상사고,0,0,1,0,차대사람 - 횡단중,보행자보호의무위반,건조,맑음,교차로 - 교차로안,승용,남,68세,상해없음,보행자,남,9세,경상
2014092600100361,2014년 9월 26일 15시,금요일,충청남도 당진시 읍내리,경상사고,0,0,1,0,차대차 - 기타,교차로운행방법위반,건조,맑음,교차로 - 교차로안,승용,여,52세,상해없음,승용,여,32세,경상
2014092600100396,2014년 9월 26일 16시,금요일,충청남도 논산시 취암동,중상사고,0,2,1,0,차대차 - 측면직각충돌,교차로운행방법위반,건조,맑음,교차로 - 교차로안,승용,남,61세,상해없음,승용,남,56세,경상
2014092600100397,2014년 9월 26일 16시,금요일,충청남도 천안시 동남구 동면,경상사고,0,0,1,0,차대차 - 측면직각충돌,직진우회전진행방해,건조,맑음,교차로 - 교차로부근,승용,남,35세,상해없음,이륜,남,46세,경상
2014092600100485,2014년 9월 26일 18시,금요일,충청남도 천안시 서북구 성성동,중상사고,0,1,0,0,차대차 - 기타,안전운전불이행,습기,비,단일로 - 기타,승용,남,22세,상해없음,승용,남,39세,중상
2014092600100486,2014년 9월 26일 18시,금요일,충청남도 논산시 광석면,경상사고,0,0,1,1,차대차 - 측면직각충돌,차로위반,건조,맑음,단일로 - 기타,승용,여,65세,부상신고,승용,남,39세,경상
2014092600100487,2014년 9월 26일 18시,금요일,충청남도 서천군 종천면,경상사고,0,0,2,0,차대차 - 측면직각충돌,직진우회전진행방해,건조,맑음,교차로 - 교차로안,승용,남,28세,경상,화물,남,48세,경상
2014092600100488,2014년 9월 26일 18시,금요일,충청남도 서천군 비인면,경상사고,0,0,3,0,차대차 - 기타,안전운전불이행,건조,기타,단일로 - 기타,기타불명,기타불명,기타불명,기타불명,승용,남,48세,상해없음
2014092600100489,2014년 9월 26일 18시,금요일,충청남도 예산군 삽교읍,중상사고,0,1,0,0,차대차 - 정면충돌,중앙선침범,건조,맑음,교차로 - 교차로부근,화물,남,40세,상해없음,원동기,남,77세,중상
2014092600100599,2014년 9월 26일 20시,금요일,충청남도 서산시 석남동,경상사고,0,0,1,0,차대차 - 측면직각충돌,안전운전불이행,건조,맑음,교차로 - 교차로부근,승용,여,24세,상해없음,이륜,남,31세,경상
2014092600100600,2014년 9월 26일 20시,금요일,충청남도 천안시 서북구 업성동,중상사고,0,2,0,0,차대차 - 기타,신호위반,건조,맑음,교차로 - 교차로안,화물,남,71세,상해없음,승용,여,47세,중상
2014092600100652,2014년 9월 26일 21시,금요일,충청남도 아산시 좌부동,경상사고,0,0,2,0,차대차 - 측면직각충돌,안전운전불이행,건조,맑음,단일로 - 기타,승용,남,47세,상해없음,승합,남,47세,경상
2014092600100653,2014년 9월 26일 21시,금요일,충청남도 공주시 신관동,경상사고,0,0,1,0,차대사람 - 횡단중,보행자보호의무위반,건조,맑음,교차로 - 교차로부근,승용,남,50세,상해없음,보행자,남,50세,경상
2014092600100654,2014년 9월 26일 21시,금요일,충청남도 예산군 예산읍,경상사고,0,0,1,0,차대사람 - 기타,안전운전불이행,건조,맑음,단일로 - 기타,승용,남,48세,상해없음,보행자,남,55세,경상
2014092600100697,2014년 9월 26일 22시,금요일,충청남도 천안시 서북구 두정동,부상신고사고,0,0,0,1,차량단독 - 기타,안전운전불이행,건조,맑음,단일로 - 기타,화물,남,27세,상해없음,,,,
2014092600100698,2014년 9월 26일 22시,금요일,충청남도 천안시 서북구 두정동,중상사고,0,1,0,0,차대사람 - 기타,안전운전불이행,건조,맑음,교차로 - 교차로부근,승용,남,19세,상해없음,보행자,남,27세,중상
2014092600100699,2014년 9월 26일 22시,금요일,충청남도 서천군 마서면,중상사고,0,1,1,0,차대차 - 기타,신호위반,건조,맑음,교차로 - 교차로안,승용,여,49세,경상,승용,남,34세,중상
2014092600100700,2014년 9월 26일 22시,금요일,충청남도 예산군 예산읍,중상사고,0,1,0,0,차대차 - 측면직각충돌,안전운전불이행,건조,맑음,단일로 - 기타,승용,여,39세,상해없음,화물,남,41세,중상
2014092700100010,2014년 9월 27일 00시,토요일,충청남도 태안군 소원면,경상사고,0,0,1,0,차대차 - 정면충돌,중앙선침범,건조,맑음,기타 - 기타,화물,남,33세,상해없음,화물,남,38세,경상
2014092700100011,2014년 9월 27일 00시,토요일,충청남도 천안시 동남구 신부동,경상사고,0,0,1,0,차대차 - 측면직각충돌,신호위반,건조,맑음,교차로 - 교차로안,승용,여,37세,상해없음,승용,남,35세,경상
2014092700100012,2014년 9월 27일 00시,토요일,충청남도 천안시 동남구 다가동,경상사고,0,0,1,0,차대차 - 정면충돌,중앙선침범,건조,맑음,단일로 - 기타,승용,남,25세,상해없음,승용,남,48세,경상
2014092700100038,2014년 9월 27일 01시,토요일,충청남도 당진시 송산면,중상사고,0,1,0,0,차대차 - 기타,안전운전불이행,건조,맑음,단일로 - 기타,승용,남,41세,상해없음,승용,여,37세,중상
2014092700100077,2014년 9월 27일 03시,토요일,충청남도 천안시 동남구 목천읍,경상사고,0,0,1,0,차대차 - 정면충돌,중앙선침범,건조,맑음,단일로 - 기타,승용,남,37세,상해없음,승용,남,48세,경상
2014092700100092,2014년 9월 27일 04시,토요일,충청남도 천안시 서북구 백석동,경상사고,0,0,2,0,차대차 - 추돌 - 주정차중,안전운전불이행,건조,맑음,교차로 - 교차로부근,승용,남,40세,상해없음,승용,남,59세,경상
2014092700100122,2014년 9월 27일 06시,토요일,충청남도 천안시 서북구 성정동,경상사고,0,0,1,0,차대차 - 기타,신호위반,건조,맑음,교차로 - 교차로안,승용,남,66세,상해없음,승용,남,52세,경상
2014092700100123,2014년 9월 27일 06시,토요일,충청남도 천안시 동남구 풍세면,중상사고,0,1,0,0,차대차 - 추돌 - 진행중,안전운전불이행,건조,맑음,단일로 - 기타,승용,남,39세,상해없음,화물,남,50세,중상
2014092700100173,2014년 9월 27일 08시,토요일,충청남도 공주시 옥룡동,중상사고,0,1,0,0,차량단독 - 공작물충돌,안전운전불이행,건조,맑음,단일로 - 기타,승용,남,56세,중상,,,,
2014092700100174,2014년 9월 27일 08시,토요일,충청남도 공주시 신관동,경상사고,0,0,2,0,차대차 - 측면직각충돌,중앙선침범,건조,맑음,기타 - 기타,승용,여,32세,상해없음,승용,여,30세,경상
2014092700100175,2014년 9월 27일 08시,토요일,충청남도 당진시 송악읍,경상사고,0,0,1,0,차대차 - 기타,안전운전불이행,건조,맑음,단일로 - 기타,화물,남,33세,상해없음,승용,남,58세,경상
2014092700100206,2014년 9월 27일 09시,토요일,충청남도 계룡시 엄사면,경상사고,0,0,6,0,차대차 - 추돌 - 주정차중,안전운전불이행,건조,맑음,교차로 - 교차로부근,승용,남,32세,상해없음,승용,여,60세,경상
2014092700100207,2014년 9월 27일 09시,토요일,충청남도 청양군 남양면,경상사고,0,0,1,0,차대차 - 기타,직진우회전진행방해,건조,맑음,교차로 - 교차로안,승용,여,38세,상해없음,자전거,남,83세,경상
2014092700100208,2014년 9월 27일 09시,토요일,충청남도 천안시 동남구 원성동,중상사고,0,1,1,0,차대차 - 기타,안전운전불이행,건조,맑음,단일로 - 기타,승합,남,20세,상해없음,승합,남,45세,중상
2014092700100240,2014년 9월 27일 10시,토요일,충청남도 논산시 연무읍,중상사고,0,2,0,0,차대차 - 측면직각충돌,교차로운행방법위반,건조,맑음,교차로 - 교차로안,이륜,남,65세,중상,승용,남,53세,상해없음
2014092700100241,2014년 9월 27일 10시,토요일,충청남도 예산군 삽교읍,중상사고,0,1,0,0,차대차 - 기타,안전운전불이행,건조,맑음,교차로 - 교차로안,이륜,여,69세,중상,화물,남,59세,상해없음
2014092700100242,2014년 9월 27일 10시,토요일,충청남도 천안시 동남구 청당동,중상사고,0,1,0,0,차대사람 - 기타,보행자보호의무위반,건조,맑음,단일로 - 횡단보도상,승용,남,27세,상해없음,보행자,남,40세,중상
2014092700100275,2014년 9월 27일 11시,토요일,충청남도 천안시 서북구 성거읍,중상사고,0,1,1,0,차대차 - 추돌 - 진행중,안전거리미확보,건조,맑음,단일로 - 기타,승용,남,58세,상해없음,승용,여,55세,경상
2014092700100309,2014년 9월 27일 12시,토요일,충청남도 서천군 서면,중상사고,0,2,0,0,차대차 - 기타,안전운전불이행,건조,맑음,기타 - 기타,화물,남,60세,중상,승용,남,43세,상해없음
2014092700100310,2014년 9월 27일 12시,토요일,충청남도 금산군 제원면,중상사고,0,1,2,0,차대차 - 추돌 - 주정차중,안전운전불이행,건조,맑음,단일로 - 기타,승용,남,55세,상해없음,화물,남,60세,상해없음
2014092700100404,2014년 9월 27일 14시,토요일,충청남도 서산시 해미면,경상사고,0,0,5,0,차대차 - 기타,안전운전불이행,건조,맑음,교차로 - 교차로안,승합,남,49세,상해없음,승용,여,44세,경상
2014092700100405,2014년 9월 27일 14시,토요일,충청남도 아산시 신창면,경상사고,0,0,3,0,차대차 - 추돌 - 주정차중,안전거리미확보,건조,맑음,단일로 - 기타,화물,남,61세,상해없음,승용,여,32세,경상