사고번호,사고일시,요일,시군구,사고내용,사망자수,중상자수,경상자수,부상신고자수,사고유형,법규위반,노면상태,기상상태,도로형태,가해운전자 차종,가해운전자 성별,가해운전자 연령,가해운전자 상해정도,피해운전자 차종,피해운전자 성별,피해운전자 연령,피해운전자 상해정도
2014092700100406,2014년 9월 27일 14시,토요일,충청남도 아산시 염치읍,중상사고,0,1,0,0,차대차 - 측면직각충돌,중앙선침범,건조,맑음,교차로 - 교차로부근,승용,남,69세,상해없음,승용,여,49세,중상
2014092700100438,2014년 9월 27일 15시,토요일,충청남도 예산군 광시면,경상사고,0,0,1,0,차대차 - 추돌 - 진행중,안전운전불이행,건조,맑음,단일로 - 기타,화물,남,44세,상해없음,원동기,남,67세,경상
2014092700100477,2014년 9월 27일 16시,토요일,충청남도 아산시 도고면,경상사고,0,0,2,2,차대차 - 정면충돌,신호위반,건조,맑음,교차로 - 교차로안,승용,남,58세,상해없음,승합,남,49세,부상신고
2014092700100478,2014년 9월 27일 16시,토요일,충청남도 천안시 동남구 신방동,경상사고,0,0,1,0,차대차 - 기타,안전운전불이행,건조,맑음,교차로 - 교차로부근,승용,남,63세,상해없음,승용,여,42세,경상
2014092700100479,2014년 9월 27일 16시,토요일,충청남도 천안시 동남구 원성동,경상사고,0,0,1,0,차대차 - 기타,교차로운행방법위반,건조,맑음,교차로 - 교차로안,승용,여,35세,상해없음,이륜,남,74세,경상
2014092700100521,2014년 9월 27일 17시,토요일,충청남도 당진시 읍내리,경상사고,0,0,2,0,차대차 - 추돌 - 주정차중,안전운전불이행,건조,맑음,단일로 - 기타,승용,여,37세,기타불명,승용,남,22세,경상
2014092700100558,2014년 9월 27일 18시,토요일,충청남도 서천군 장항읍,경상사고,0,0,1,0,차대차 - 기타,직진우회전진행방해,건조,맑음,교차로 - 교차로안,승용,남,61세,상해없음,원동기,남,42세,경상
2014092700100593,2014년 9월 27일 19시,토요일,충청남도 서산시 해미면,경상사고,0,0,1,0,차대차 - 기타,신호위반,건조,맑음,교차로 - 교차로안,승용,남,54세,상해없음,승용,남,48세,경상
2014092700100594,2014년 9월 27일 19시,토요일,충청남도 논산시 연무읍,경상사고,0,0,1,0,차량단독 - 공작물충돌,안전운전불이행,건조,맑음,단일로 - 기타,원동기,남,55세,경상,,,,
2014092700100595,2014년 9월 27일 19시,토요일,충청남도 부여군 구룡면,중상사고,0,1,0,0,차대사람 - 횡단중,안전운전불이행,건조,맑음,단일로 - 기타,승용,남,40세,상해없음,보행자,여,71세,중상
2014092700100596,2014년 9월 27일 19시,토요일,충청남도 당진시 신평면,경상사고,0,0,1,0,차대차 - 추돌 - 진행중,안전거리미확보,건조,맑음,단일로 - 기타,승용,남,20세,상해없음,승합,남,51세,경상
2014092700100639,2014년 9월 27일 20시,토요일,충청남도 보령시 신흑동,중상사고,0,1,1,0,차대차 - 기타,직진우회전진행방해,건조,맑음,교차로 - 교차로안,이륜,남,64세,상해없음,이륜,남,44세,경상
2014092700100640,2014년 9월 27일 20시,토요일,충청남도 청양군 대치면,중상사고,0,2,3,0,차대차 - 측면직각충돌,신호위반,건조,맑음,교차로 - 교차로안,승용,남,79세,중상,화물,남,34세,경상
2014092700100641,2014년 9월 27일 20시,토요일,충청남도 천안시 동남구 다가동,경상사고,0,0,2,0,차대차 - 기타,안전운전불이행,건조,맑음,단일로 - 기타,승용,남,56세,상해없음,승용,남,71세,경상
2014092700100675,2014년 9월 27일 21시,토요일,충청남도 천안시 서북구 신당동,중상사고,0,1,1,0,차대차 - 추돌 - 주정차중,안전운전불이행,건조,맑음,단일로 - 기타,승용,남,40세,상해없음,승용,남,54세,중상
2014092700100676,2014년 9월 27일 21시,토요일,충청남도 아산시 도고면,사망사고,1,0,0,0,차대사람 - 기타,안전운전불이행,건조,맑음,단일로 - 기타,승용,여,36세,상해없음,보행자,남,51세,사망
2014092700100677,2014년 9월 27일 21시,토요일,충청남도 청양군 장평면,중상사고,0,1,1,0,차량단독 - 공작물충돌,안전운전불이행,건조,맑음,단일로 - 기타,승용,남,31세,중상,,,,
2014092700100707,2014년 9월 27일 22시,토요일,충청남도 태안군 원북면,중상사고,0,3,0,0,차량단독 - 기타,안전운전불이행,건조,맑음,교차로 - 교차로부근,승합,남,36세,중상,,,,
2014092800100008,2014년 9월 28일 00시,일요일,충청남도 서산시 대산읍,중상사고,0,1,0,0,차대차 - 기타,교차로운행방법위반,건조,맑음,교차로 - 교차로안,특수,남,57세,상해없음,승합,남,40세,중상
2014092800100009,2014년 9월 28일 00시,일요일,충청남도 공주시 금성동,경상사고,0,0,1,0,차대사람 - 기타,안전운전불이행,건조,맑음,교차로 - 교차로부근,원동기,남,17세,상해없음,보행자,여,63세,경상
2014092800100010,2014년 9월 28일 00시,일요일,충청남도 예산군 예산읍,중상사고,0,1,1,0,차대차 - 기타,신호위반,건조,맑음,교차로 - 교차로안,승용,남,69세,경상,승용,남,48세,중상
2014092800100026,2014년 9월 28일 01시,일요일,충청남도 천안시 서북구 쌍용동,경상사고,0,0,2,0,차대차 - 기타,안전운전불이행,건조,맑음,단일로 - 기타,승용,남,24세,상해없음,승용,남,51세,경상
2014092800100095,2014년 9월 28일 06시,일요일,충청남도 천안시 서북구 성정동,사망사고,1,0,0,0,차대사람 - 기타,안전운전불이행,건조,맑음,단일로 - 횡단보도상,승용,남,32세,상해없음,보행자,남,73세,사망
2014092800100109,2014년 9월 28일 07시,일요일,충청남도 천안시 동남구 신방동,중상사고,0,1,0,0,차대차 - 기타,안전운전불이행,건조,맑음,단일로 - 기타,승용,남,22세,상해없음,화물,남,40세,중상
2014092800100125,2014년 9월 28일 08시,일요일,충청남도 논산시 벌곡면,중상사고,0,1,0,0,차대사람 - 길가장자리구역통행중,안전운전불이행,건조,맑음,교차로 - 교차로안,승용,남,41세,상해없음,보행자,여,64세,중상
2014092800100157,2014년 9월 28일 10시,일요일,충청남도 보령시 주교면,중상사고,0,1,9,0,차대사람 - 길가장자리구역통행중,안전운전불이행,건조,맑음,단일로 - 기타,승용,여,53세,기타불명,보행자,남,42세,중상
2014092800100202,2014년 9월 28일 12시,일요일,충청남도 태안군 남면,중상사고,0,2,2,0,차대차 - 추돌 - 주정차중,안전운전불이행,건조,맑음,단일로 - 기타,승합,남,45세,상해없음,승용,남,25세,경상
2014092800100203,2014년 9월 28일 12시,일요일,충청남도 천안시 서북구 성정동,경상사고,0,0,1,0,차대차 - 기타,안전운전불이행,건조,맑음,단일로 - 기타,기타불명,기타불명,기타불명,기타불명,승용,여,59세,경상
2014092800100256,2014년 9월 28일 14시,일요일,충청남도 천안시 서북구 백석동,경상사고,0,0,1,0,차대차 - 추돌 - 진행중,안전운전불이행,건조,맑음,교차로 - 교차로부근,원동기,남,34세,경상,승용,여,44세,상해없음
2014092800100291,2014년 9월 28일 15시,일요일,충청남도 청양군 정산면,중상사고,0,1,3,0,차대차 - 측면직각충돌,중앙선침범,건조,맑음,단일로 - 기타,승용,여,50세,상해없음,승용,여,38세,상해없음
2014092800100427,2014년 9월 28일 19시,일요일,충청남도 예산군 신양면,중상사고,0,2,0,0,차대차 - 추돌 - 진행중,안전운전불이행,건조,맑음,단일로 - 기타,승용,남,46세,상해없음,농기계,남,58세,중상
2014092800100466,2014년 9월 28일 20시,일요일,충청남도 아산시 배방읍,중상사고,0,2,1,0,차대차 - 측면직각충돌,안전운전불이행,건조,맑음,교차로 - 교차로부근,승용,남,61세,상해없음,승합,남,31세,경상
2014092800100467,2014년 9월 28일 20시,일요일,충청남도 천안시 동남구 삼룡동,경상사고,0,0,1,0,차대차 - 측면직각충돌,신호위반,건조,맑음,교차로 - 교차로안,승용,남,50세,상해없음,원동기,남,35세,경상
2014092800100491,2014년 9월 28일 21시,일요일,충청남도 아산시 도고면,중상사고,0,2,0,0,차대차 - 추돌 - 주정차중,안전운전불이행,건조,맑음,교차로 - 교차로부근,승용,남,53세,상해없음,승용,남,28세,상해없음
2014092900100025,2014년 9월 29일 02시,월요일,충청남도 천안시 동남구 원성동,사망사고,1,0,0,0,차대차 - 추돌 - 주정차중,안전운전불이행,건조,맑음,단일로 - 기타,승용,남,43세,상해없음,승용,여,62세,사망
2014092900100090,2014년 9월 29일 07시,월요일,충청남도 공주시 신관동,중상사고,0,1,0,0,차대차 - 기타,신호위반,습기,비,교차로 - 교차로안,화물,남,20세,기타불명,승용,남,28세,중상
2014092900100154,2014년 9월 29일 09시,월요일,충청남도 태안군 태안읍,부상신고사고,0,0,0,1,차대차 - 측면직각충돌,안전운전불이행,습기,비,교차로 - 교차로안,승용,남,66세,부상신고,승용,여,46세,상해없음
2014092900100155,2014년 9월 29일 09시,월요일,충청남도 금산군 복수면,경상사고,0,0,1,0,차량단독 - 공작물충돌,안전운전불이행,습기,비,단일로 - 기타,승합,남,44세,경상,,,,
2014092900100191,2014년 9월 29일 10시,월요일,충청남도 청양군 장평면,중상사고,0,1,0,0,차량단독 - 기타,안전운전불이행,습기,비,단일로 - 기타,화물,남,34세,중상,,,,
2014092900100319,2014년 9월 29일 14시,월요일,충청남도 논산시 연무읍,중상사고,0,1,2,0,차대차 - 측면직각충돌,안전운전불이행,건조,맑음,교차로 - 교차로부근,승용,남,41세,경상,화물,남,52세,경상
2014092900100320,2014년 9월 29일 14시,월요일,충청남도 천안시 동남구 신부동,경상사고,0,0,1,0,차대사람 - 기타,중앙선침범,건조,맑음,단일로 - 기타,이륜,남,57세,상해없음,보행자,여,68세,경상
2014092900100354,2014년 9월 29일 15시,월요일,충청남도 천안시 서북구 성정동,사망사고,1,0,0,0,차대차 - 기타,안전운전불이행,건조,맑음,교차로 - 교차로부근,원동기,여,41세,사망,화물,남,35세,기타불명
2014092900100437,2014년 9월 29일 17시,월요일,충청남도 천안시 동남구 신부동,경상사고,0,0,1,0,차대차 - 기타,안전운전불이행,건조,맑음,단일로 - 기타,승용,여,26세,상해없음,화물,남,37세,경상
2014092900100475,2014년 9월 29일 18시,월요일,충청남도 천안시 서북구 성거읍,경상사고,0,0,1,0,차대차 - 기타,중앙선침범,건조,맑음,기타 - 기타,승용,여,43세,상해없음,승용,여,35세,경상
2014092900100476,2014년 9월 29일 18시,월요일,충청남도 보령시 대천동,중상사고,0,1,0,0,차대사람 - 기타,안전운전불이행,습기,비,교차로 - 교차로부근,승용,남,49세,상해없음,보행자,남,72세,중상
2014092900100477,2014년 9월 29일 18시,월요일,충청남도 공주시 우성면,중상사고,0,1,0,0,차량단독 - 공작물충돌,안전운전불이행,건조,맑음,단일로 - 기타,화물,남,52세,상해없음,,,,
2014092900100478,2014년 9월 29일 18시,월요일,충청남도 공주시 유구읍,경상사고,0,0,1,0,차대차 - 기타,중앙선침범,건조,맑음,기타 - 기타,승용,남,66세,상해없음,승용,남,27세,경상
2014092900100480,2014년 9월 29일 18시,월요일,충청남도 당진시 채운동,경상사고,0,0,1,0,차대사람 - 기타,안전운전불이행,건조,맑음,단일로 - 기타,승합,남,62세,상해없음,보행자,여,8세,경상
2014092900100528,2014년 9월 29일 19시,월요일,충청남도 천안시 동남구 목천읍,중상사고,0,1,1,0,차대차 - 기타,안전거리미확보,건조,맑음,단일로 - 기타,승합,여,55세,상해없음,승용,남,38세,중상
2014092900100659,2014년 9월 29일 23시,월요일,충청남도 서천군 서천읍,경상사고,0,0,1,0,차량단독 - 기타,안전운전불이행,기타,안개,교차로 - 교차로안,승용,남,50세,경상,,,,
2014093000100029,2014년 9월 30일 01시,화요일,충청남도 공주시 정안면,사망사고,1,0,1,0,차대차 - 기타,안전운전불이행,건조,맑음,단일로 - 기타,승합,남,40세,사망,화물,남,37세,경상
2014093000100049,2014년 9월 30일 03시,화요일,충청남도 천안시 서북구 두정동,경상사고,0,0,1,0,차대차 - 측면직각충돌,안전운전불이행,건조,맑음,교차로 - 교차로안,승용,남,38세,상해없음,승용,남,48세,경상
2014093000100060,2014년 9월 30일 04시,화요일,충청남도 서천군 서면,경상사고,0,0,1,0,차량단독 - 기타,안전운전불이행,기타,안개,단일로 - 기타,승용,남,70세,경상,,,,
2014093000100102,2014년 9월 30일 07시,화요일,충청남도 논산시 내동,중상사고,0,1,1,0,차대차 - 측면직각충돌,안전운전불이행,건조,맑음,교차로 - 교차로부근,원동기,남,73세,경상,화물,남,58세,상해없음
2014093000100103,2014년 9월 30일 07시,화요일,충청남도 서천군 서천읍,중상사고,0,1,1,0,차대차 - 기타,안전운전불이행,건조,흐림,단일로 - 기타,승용,여,19세,중상,승용,여,66세,경상
2014093000100191,2014년 9월 30일 09시,화요일,충청남도 공주시 동현동,중상사고,0,1,0,0,차량단독 - 기타,안전운전불이행,건조,맑음,단일로 - 기타,승용,여,24세,상해없음,,,,
2014093000100224,2014년 9월 30일 10시,화요일,충청남도 논산시 연무읍,경상사고,0,0,4,0,차대차 - 측면직각충돌,기타,건조,맑음,교차로 - 교차로안,승합,남,49세,상해없음,승용,남,56세,경상
2014093000100225,2014년 9월 30일 10시,화요일,충청남도 홍성군 홍성읍,중상사고,0,1,0,0,차대차 - 기타,교차로운행방법위반,건조,맑음,교차로 - 교차로안,화물,남,54세,상해없음,자전거,남,89세,중상
2014093000100226,2014년 9월 30일 10시,화요일,충청남도 보령시 오천면,중상사고,0,2,1,0,차대차 - 기타,안전운전불이행,건조,맑음,단일로 - 기타,건설기계,남,52세,상해없음,승용,남,42세,경상
2014093000100227,2014년 9월 30일 10시,화요일,충청남도 공주시 산성동,중상사고,0,1,0,0,차대사람 - 횡단중,보행자보호의무위반,건조,맑음,단일로 - 기타,이륜,남,78세,상해없음,보행자,여,53세,중상
2014093000100274,2014년 9월 30일 11시,화요일,충청남도 서산시 대산읍,경상사고,0,0,1,0,차대차 - 측면직각충돌,신호위반,건조,맑음,교차로 - 교차로안,이륜,남,79세,경상,승용,남,23세,상해없음
2014093000100275,2014년 9월 30일 11시,화요일,충청남도 천안시 서북구 쌍용동,중상사고,0,1,0,0,차대차 - 기타,안전운전불이행,건조,맑음,기타 - 기타,승용,남,70세,기타불명,승용,여,46세,기타불명
2014093000100276,2014년 9월 30일 11시,화요일,충청남도 아산시 실옥동,중상사고,0,2,1,0,차대차 - 측면직각충돌,신호위반,건조,맑음,교차로 - 교차로안,승용,여,35세,상해없음,승용,여,32세,경상
2014093000100277,2014년 9월 30일 11시,화요일,충청남도 당진시 정미면,경상사고,0,0,1,0,차대차 - 측면직각충돌,신호위반,건조,맑음,교차로 - 교차로안,승용,남,60세,상해없음,화물,남,46세,경상
2014093000100341,2014년 9월 30일 13시,화요일,충청남도 예산군 오가면,중상사고,0,1,0,0,차대차 - 기타,안전운전불이행,건조,맑음,단일로 - 기타,승합,남,50세,상해없음,이륜,남,64세,중상
2014093000100342,2014년 9월 30일 13시,화요일,충청남도 부여군 규암면,중상사고,0,1,0,0,차대차 - 기타,직진우회전진행방해,건조,맑음,교차로 - 교차로안,화물,남,44세,상해없음,자전거,남,79세,중상
2014093000100343,2014년 9월 30일 13시,화요일,충청남도 청양군 대치면,경상사고,0,0,2,0,차대차 - 추돌 - 주정차중,안전운전불이행,건조,맑음,교차로 - 교차로부근,화물,남,66세,상해없음,승용,남,44세,경상
2014093000100390,2014년 9월 30일 14시,화요일,충청남도 예산군 예산읍,경상사고,0,0,1,0,차대차 - 기타,안전거리미확보,건조,맑음,교차로 - 교차로부근,이륜,남,75세,기타불명,승용,여,58세,상해없음
2014093000100421,2014년 9월 30일 15시,화요일,충청남도 천안시 서북구 성정동,경상사고,0,0,1,0,차대차 - 측면직각충돌,안전운전불이행,건조,맑음,교차로 - 교차로안,승용,남,19세,기타불명,승용,남,49세,경상
2014093000100422,2014년 9월 30일 15시,화요일,충청남도 예산군 예산읍,중상사고,0,1,1,0,차대사람 - 기타,안전운전불이행,건조,맑음,교차로 - 교차로부근,화물,남,37세,상해없음,보행자,남,46세,경상
2014093000100423,2014년 9월 30일 15시,화요일,충청남도 예산군 예산읍,중상사고,0,1,0,0,차대차 - 측면직각충돌,직진우회전진행방해,건조,맑음,교차로 - 교차로안,승용,남,35세,기타불명,승용,남,58세,중상
2014093000100424,2014년 9월 30일 15시,화요일,충청남도 당진시 읍내리,경상사고,0,0,1,0,차대사람 - 기타,안전운전불이행,건조,맑음,단일로 - 횡단보도상,승용,여,43세,상해없음,보행자,남,37세,경상
2014093000100458,2014년 9월 30일 16시,화요일,충청남도 부여군 부여읍,중상사고,0,1,0,0,차대사람 - 기타,안전운전불이행,건조,맑음,기타 - 기타,승용,남,38세,상해없음,보행자,남,87세,중상
2014093000100459,2014년 9월 30일 16시,화요일,충청남도 당진시 석문면,중상사고,0,1,0,0,차대차 - 측면직각충돌,안전운전불이행,건조,맑음,단일로 - 기타,화물,남,51세,상해없음,승용,남,53세,중상
2014093000100553,2014년 9월 30일 18시,화요일,충청남도 천안시 서북구 성정동,경상사고,0,0,1,0,차대차 - 기타,안전운전불이행,건조,맑음,단일로 - 기타,승용,남,26세,상해없음,승용,남,48세,상해없음
2014093000100554,2014년 9월 30일 18시,화요일,충청남도 논산시 광석면,사망사고,1,1,0,0,차대차 - 측면직각충돌,교차로운행방법위반,건조,맑음,교차로 - 교차로안,화물,남,40세,상해없음,승용,남,62세,중상
2014093000100608,2014년 9월 30일 19시,화요일,충청남도 태안군 안면읍,경상사고,0,0,1,0,차대차 - 측면직각충돌,안전운전불이행,건조,맑음,교차로 - 교차로안,승용,여,54세,경상,승용,남,60세,상해없음
2014093000100609,2014년 9월 30일 19시,화요일,충청남도 천안시 동남구 삼룡동,경상사고,0,0,1,0,차대차 - 기타,교차로운행방법위반,건조,맑음,교차로 - 교차로안,화물,남,55세,상해없음,승용,여,51세,경상
2014093000100647,2014년 9월 30일 20시,화요일,충청남도 천안시 서북구 성거읍,중상사고,0,1,1,0,차대차 - 기타,안전운전불이행,건조,맑음,단일로 - 기타,화물,남,43세,중상,승용,남,55세,경상
2014093000100648,2014년 9월 30일 20시,화요일,충청남도 홍성군 홍성읍,경상사고,0,0,1,0,차대차 - 측면직각충돌,교차로운행방법위반,건조,맑음,교차로 - 교차로안,승용,남,33세,상해없음,원동기,남,34세,경상
2014093000100688,2014년 9월 30일 21시,화요일,충청남도 천안시 서북구 직산읍,중상사고,0,1,1,1,차대차 - 정면충돌,중앙선침범,건조,맑음,단일로 - 기타,원동기,남,29세,상해없음,승용,여,24세,경상
2014093000100689,2014년 9월 30일 21시,화요일,충청남도 서천군 기산면,중상사고,0,1,3,0,차대차 - 기타,안전운전불이행,건조,맑음,교차로 - 교차로안,승용,남,50세,중상,승용,남,48세,경상
2014093000100750,2014년 9월 30일 23시,화요일,충청남도 천안시 서북구 성정동,중상사고,0,1,0,0,차대사람 - 기타,안전운전불이행,건조,맑음,단일로 - 횡단보도상,승용,남,45세,상해없음,보행자,남,50세,중상
2014100100100040,2014년 10월 1일 02시,수요일,충청남도 금산군 금산읍,경상사고,0,0,1,0,차대사람 - 기타,안전운전불이행,건조,맑음,교차로 - 교차로부근,승용,남,34세,상해없음,보행자,남,55세,경상
2014100100100055,2014년 10월 1일 04시,수요일,충청남도 천안시 서북구 성거읍,경상사고,0,0,1,0,차대차 - 기타,안전운전불이행,건조,맑음,단일로 - 기타,화물,남,48세,상해없음,화물,남,32세,경상
2014100100100101,2014년 10월 1일 07시,수요일,충청남도 천안시 서북구 성정동,경상사고,0,0,1,0,차대차 - 기타,안전운전불이행,건조,맑음,기타 - 기타,승용,여,41세,경상,승용,여,43세,기타불명
2014100100100102,2014년 10월 1일 07시,수요일,충청남도 당진시 합덕읍,중상사고,0,1,0,0,차대차 - 기타,안전운전불이행,건조,맑음,단일로 - 기타,승용,남,55세,상해없음,이륜,남,74세,중상
2014100100100140,2014년 10월 1일 08시,수요일,충청남도 서산시 지곡면,부상신고사고,0,0,0,1,차대차 - 정면충돌,안전운전불이행,건조,맑음,교차로 - 교차로부근,원동기,남,25세,부상신고,화물,남,57세,상해없음
2014100100100173,2014년 10월 1일 09시,수요일,충청남도 계룡시 신도안면,중상사고,0,1,0,0,차대차 - 정면충돌,중앙선침범,건조,맑음,교차로 - 교차로부근,이륜,남,80세,중상,승합,남,59세,상해없음
2014100100100230,2014년 10월 1일 11시,수요일,충청남도 금산군 금산읍,경상사고,0,0,2,0,차대차 - 추돌 - 진행중,안전운전불이행,건조,맑음,교차로 - 교차로안,승용,남,25세,경상,승용,남,44세,경상
2014100100100253,2014년 10월 1일 12시,수요일,충청남도 서산시 동문동,중상사고,0,1,0,0,차대차 - 기타,안전운전불이행,건조,맑음,단일로 - 기타,승용,남,37세,기타불명,자전거,남,86세,중상
2014100100100254,2014년 10월 1일 12시,수요일,충청남도 금산군 금산읍,중상사고,0,1,5,0,차대차 - 측면직각충돌,신호위반,건조,맑음,교차로 - 교차로안,화물,남,62세,상해없음,승합,남,40세,경상
2014100100100283,2014년 10월 1일 13시,수요일,충청남도 서천군 장항읍,중상사고,0,1,0,0,차대차 - 기타,직진우회전진행방해,건조,맑음,교차로 - 교차로안,자전거,여,76세,중상,화물,남,39세,상해없음
2014100100100386,2014년 10월 1일 16시,수요일,충청남도 아산시 온천동,중상사고,0,1,0,0,차대차 - 측면직각충돌,신호위반,건조,맑음,교차로 - 교차로안,이륜,남,19세,상해없음,승용,여,37세,상해없음
2014100100100416,2014년 10월 1일 17시,수요일,충청남도 아산시 온천동,경상사고,0,0,1,0,차대차 - 측면직각충돌,안전운전불이행,건조,맑음,교차로 - 교차로안,승용,여,33세,기타불명,자전거,남,50세,경상
2014100100100417,2014년 10월 1일 17시,수요일,충청남도 보령시 동대동,경상사고,0,0,1,0,차대차 - 추돌 - 주정차중,안전운전불이행,건조,맑음,교차로 - 교차로부근,승용,남,70세,상해없음,승용,남,46세,경상
2014100100100461,2014년 10월 1일 18시,수요일,충청남도 보령시 대천동,중상사고,0,1,1,0,차대차 - 측면직각충돌,안전운전불이행,건조,맑음,단일로 - 기타,승용,여,51세,경상,승용,남,23세,중상
2014100100100462,2014년 10월 1일 18시,수요일,충청남도 천안시 동남구 신방동,부상신고사고,0,0,0,1,차대사람 - 횡단중,보행자보호의무위반,건조,맑음,교차로 - 교차로부근,승용,남,64세,상해없음,보행자,여,7세,부상신고
2014100100100506,2014년 10월 1일 19시,수요일,충청남도 서산시 대산읍,중상사고,0,3,2,0,차대차 - 측면직각충돌,중앙선침범,건조,맑음,단일로 - 기타,승용,남,51세,상해없음,승합,남,58세,중상
2014100100100507,2014년 10월 1일 19시,수요일,충청남도 아산시 영인면,중상사고,0,1,1,0,차대차 - 측면직각충돌,안전운전불이행,건조,맑음,단일로 - 기타,화물,남,28세,상해없음,농기계,남,57세,중상
2014100100100542,2014년 10월 1일 20시,수요일,충청남도 서산시 석남동,중상사고,0,1,0,0,차량단독 - 공작물충돌,안전운전불이행,건조,맑음,단일로 - 기타,이륜,남,28세,중상,,,,
2014100100100543,2014년 10월 1일 20시,수요일,충청남도 아산시 좌부동,경상사고,0,0,1,0,차대사람 - 기타,중앙선침범,건조,맑음,단일로 - 기타,승용,남,46세,상해없음,보행자,남,20세,경상
2014100100100544,2014년 10월 1일 20시,수요일,충청남도 천안시 동남구 신방동,경상사고,0,0,1,0,차대사람 - 기타,안전운전불이행,건조,맑음,단일로 - 기타,승용,여,50세,상해없음,보행자,남,32세,경상
2014100100100580,2014년 10월 1일 21시,수요일,충청남도 서산시 석남동,중상사고,0,1,0,0,차대차 - 기타,안전운전불이행,건조,맑음,단일로 - 기타,승용,남,32세,상해없음,자전거,남,25세,중상
2014100100100581,2014년 10월 1일 21시,수요일,충청남도 천안시 서북구 성환읍,경상사고,0,0,1,0,차대차 - 기타,안전운전불이행,건조,맑음,단일로 - 기타,승용,남,36세,상해없음,이륜,남,31세,경상
2014100100100582,2014년 10월 1일 21시,수요일,충청남도 아산시 방축동,중상사고,0,2,0,0,차대차 - 추돌 - 진행중,안전운전불이행,건조,맑음,교차로 - 교차로부근,화물,남,56세,상해없음,승용,남,25세,중상
2014100100100605,2014년 10월 1일 22시,수요일,충청남도 천안시 서북구 백석동,경상사고,0,0,1,0,차대차 - 추돌 - 진행중,안전운전불이행,건조,맑음,단일로 - 기타,이륜,남,40세,상해없음,화물,남,56세,경상
2014100100100606,2014년 10월 1일 22시,수요일,충청남도 당진시 석문면,중상사고,0,1,0,0,차대사람 - 차도통행중,안전운전불이행,건조,맑음,단일로 - 기타,승용,여,57세,상해없음,보행자,여,65세,중상
2014100200100039,2014년 10월 2일 02시,목요일,충청남도 금산군 군북면,사망사고,1,0,0,0,차량단독 - 공작물충돌,안전운전불이행,건조,맑음,단일로 - 기타,승용,여,42세,사망,,,,
2014100200100062,2014년 10월 2일 05시,목요일,충청남도 보령시 궁촌동,사망사고,1,0,0,0,차대사람 - 횡단중,보행자보호의무위반,건조,흐림,교차로 - 교차로부근,승용,남,66세,상해없음,보행자,여,82세,사망
2014100200100095,2014년 10월 2일 07시,목요일,충청남도 서천군 시초면,중상사고,0,1,0,1,차대차 - 기타,중앙선침범,건조,맑음,단일로 - 기타,승용,여,37세,부상신고,원동기,남,63세,중상
2014100200100170,2014년 10월 2일 09시,목요일,충청남도 논산시 취암동,중상사고,0,1,0,0,차대차 - 측면직각충돌,중앙선침범,건조,흐림,단일로 - 기타,승용,남,51세,상해없음,승용,여,37세,중상
2014100200100192,2014년 10월 2일 10시,목요일,충청남도 서산시 동문동,중상사고,0,3,0,0,차대차 - 측면직각충돌,신호위반,습기,비,교차로 - 교차로안,화물,남,76세,중상,승용,남,31세,중상
2014100200100193,2014년 10월 2일 10시,목요일,충청남도 서천군 서천읍,경상사고,0,0,1,0,차대사람 - 기타,안전운전불이행,건조,맑음,기타 - 기타,승합,남,80세,상해없음,보행자,여,86세,경상
2014100200100226,2014년 10월 2일 11시,목요일,충청남도 서산시 성연면,경상사고,0,0,4,0,차대차 - 추돌 - 주정차중,안전운전불이행,습기,비,단일로 - 기타,승용,여,62세,경상,화물,남,67세,경상
2014100200100259,2014년 10월 2일 12시,목요일,충청남도 논산시 연산면,경상사고,0,0,2,0,차대차 - 측면직각충돌,신호위반,건조,맑음,교차로 - 교차로안,승용,남,67세,상해없음,화물,남,49세,경상
2014100200100347,2014년 10월 2일 15시,목요일,충청남도 아산시 배방읍,중상사고,0,1,0,0,차대차 - 기타,중앙선침범,건조,맑음,기타 - 기타,화물,남,37세,기타불명,승용,여,54세,중상
2014100200100415,2014년 10월 2일 17시,목요일,충청남도 서산시 부석면,중상사고,0,1,0,0,차대차 - 추돌 - 주정차중,안전운전불이행,건조,맑음,단일로 - 기타,승합,남,68세,상해없음,승합,남,65세,상해없음
2014100200100416,2014년 10월 2일 17시,목요일,충청남도 천안시 서북구 불당동,경상사고,0,0,1,0,차대사람 - 횡단중,보행자보호의무위반,건조,맑음,교차로 - 교차로부근,자전거,기타불명,기타불명,기타불명,보행자,여,7세,경상
2014100200100417,2014년 10월 2일 17시,목요일,충청남도 천안시 서북구 성환읍,중상사고,0,1,0,0,차대차 - 측면직각충돌,안전운전불이행,건조,맑음,단일로 - 기타,승용,여,40세,상해없음,승용,남,45세,중상
2014100200100466,2014년 10월 2일 18시,목요일,충청남도 부여군 부여읍,중상사고,0,2,0,0,차대차 - 측면직각충돌,신호위반,건조,맑음,교차로 - 교차로안,승용,남,73세,중상,승용,남,52세,중상
2014100200100467,2014년 10월 2일 18시,목요일,충청남도 당진시 송악읍,경상사고,0,0,1,0,차대차 - 기타,안전운전불이행,건조,맑음,단일로 - 기타,승용,여,68세,상해없음,승용,여,38세,경상