사고번호,사고일시,요일,시군구,사고내용,사망자수,중상자수,경상자수,부상신고자수,사고유형,법규위반,노면상태,기상상태,도로형태,가해운전자 차종,가해운전자 성별,가해운전자 연령,가해운전자 상해정도,피해운전자 차종,피해운전자 성별,피해운전자 연령,피해운전자 상해정도
2014100200100468,2014년 10월 2일 18시,목요일,충청남도 천안시 동남구 신방동,중상사고,0,1,0,0,차대사람 - 기타,안전운전불이행,건조,맑음,단일로 - 기타,승용,여,42세,상해없음,보행자,남,4세,중상
2014100200100539,2014년 10월 2일 19시,목요일,충청남도 보령시 동대동,중상사고,0,2,2,0,차대사람 - 기타,안전운전불이행,건조,맑음,단일로 - 기타,화물,남,49세,상해없음,보행자,여,15세,중상
2014100200100540,2014년 10월 2일 19시,목요일,충청남도 예산군 예산읍,경상사고,0,0,2,0,차대차 - 추돌 - 주정차중,안전운전불이행,건조,맑음,교차로 - 교차로부근,승용,여,53세,상해없음,승합,남,33세,경상
2014100200100569,2014년 10월 2일 20시,목요일,충청남도 서천군 마서면,중상사고,0,2,4,0,차대차 - 기타,신호위반,건조,맑음,교차로 - 교차로안,승합,여,43세,경상,승합,남,65세,중상
2014100200100603,2014년 10월 2일 21시,목요일,충청남도 서산시 동문동,경상사고,0,0,1,0,차대차 - 기타,교차로운행방법위반,건조,맑음,교차로 - 교차로안,승용,여,40세,경상,화물,남,49세,상해없음
2014100200100604,2014년 10월 2일 21시,목요일,충청남도 아산시 배방읍,경상사고,0,0,1,0,차대차 - 추돌 - 주정차중,안전운전불이행,건조,맑음,단일로 - 기타,승용,남,35세,상해없음,승용,남,42세,경상
2014100200100605,2014년 10월 2일 21시,목요일,충청남도 당진시 수청리,중상사고,0,1,0,0,차대차 - 기타,중앙선침범,건조,흐림,교차로 - 교차로안,승용,남,44세,상해없음,원동기,남,31세,중상
2014100200100636,2014년 10월 2일 22시,목요일,충청남도 서산시 읍내동,경상사고,0,0,3,0,차대차 - 측면직각충돌,중앙선침범,건조,맑음,기타 - 기타,승용,남,50세,상해없음,승용,남,30세,경상
2014100200100673,2014년 10월 2일 23시,목요일,충청남도 천안시 서북구 신당동,경상사고,0,0,2,0,차대차 - 추돌 - 주정차중,안전운전불이행,습기,비,교차로 - 교차로부근,승용,여,24세,경상,승용,여,31세,경상
2014100200100674,2014년 10월 2일 23시,목요일,충청남도 천안시 서북구 성정동,경상사고,0,0,2,0,차대차 - 측면직각충돌,안전운전불이행,건조,맑음,단일로 - 기타,승용,남,32세,상해없음,원동기,남,34세,경상
2014100200100676,2014년 10월 2일 23시,목요일,충청남도 당진시 송산면,경상사고,0,0,1,0,차대차 - 기타,안전운전불이행,건조,맑음,단일로 - 기타,승용,남,33세,상해없음,화물,남,31세,경상
2014100300100055,2014년 10월 3일 02시,금요일,충청남도 공주시 신관동,경상사고,0,0,1,0,차대차 - 추돌 - 주정차중,안전운전불이행,건조,맑음,교차로 - 교차로안,승용,남,37세,상해없음,승용,남,22세,경상
2014100300100076,2014년 10월 3일 03시,금요일,충청남도 보령시 동대동,중상사고,0,1,0,0,차대차 - 측면직각충돌,신호위반,건조,맑음,교차로 - 교차로안,승합,여,43세,상해없음,승용,남,60세,중상
2014100300100103,2014년 10월 3일 05시,금요일,충청남도 아산시 배방읍,중상사고,0,1,0,0,차대차 - 기타,신호위반,건조,맑음,교차로 - 교차로안,건설기계,남,46세,상해없음,승용,여,54세,중상
2014100300100104,2014년 10월 3일 05시,금요일,충청남도 공주시 송선동,경상사고,0,0,2,0,차대차 - 측면직각충돌,교차로운행방법위반,건조,기타,교차로 - 교차로안,승합,남,51세,경상,승합,남,42세,경상
2014100300100170,2014년 10월 3일 09시,금요일,충청남도 홍성군 홍북면,중상사고,0,1,1,0,차대차 - 측면직각충돌,안전운전불이행,건조,맑음,교차로 - 교차로안,승용,남,53세,경상,화물,남,56세,중상
2014100300100171,2014년 10월 3일 09시,금요일,충청남도 공주시 신기동,중상사고,0,1,0,0,차량단독 - 기타,안전운전불이행,건조,기타,단일로 - 기타,승합,남,50세,상해없음,,,,
2014100300100172,2014년 10월 3일 09시,금요일,충청남도 공주시 의당면,경상사고,0,0,5,0,차대차 - 측면직각충돌,차로위반,건조,맑음,단일로 - 기타,화물,남,57세,상해없음,승용,남,44세,상해없음
2014100300100237,2014년 10월 3일 11시,금요일,충청남도 공주시 정안면,경상사고,0,0,1,0,차대차 - 추돌 - 주정차중,안전운전불이행,건조,맑음,단일로 - 기타,승용,남,67세,상해없음,승용,남,56세,경상
2014100300100270,2014년 10월 3일 12시,금요일,충청남도 천안시 동남구 병천면,경상사고,0,0,2,0,차대차 - 추돌 - 주정차중,안전운전불이행,건조,맑음,단일로 - 기타,승용,남,34세,상해없음,승용,남,25세,상해없음
2014100300100305,2014년 10월 3일 13시,금요일,충청남도 논산시 강산동,경상사고,0,0,1,0,차대사람 - 횡단중,안전운전불이행,건조,맑음,단일로 - 기타,승용,남,34세,상해없음,보행자,남,4세,경상
2014100300100368,2014년 10월 3일 15시,금요일,충청남도 서산시 음암면,경상사고,0,0,1,0,차대차 - 추돌 - 주정차중,안전운전불이행,건조,맑음,단일로 - 기타,건설기계,남,64세,상해없음,이륜,남,45세,경상
2014100300100418,2014년 10월 3일 16시,금요일,충청남도 금산군 추부면,경상사고,0,0,1,0,차대차 - 측면직각충돌,교차로운행방법위반,건조,맑음,교차로 - 교차로안,승용,남,58세,상해없음,승용,여,40세,경상
2014100300100460,2014년 10월 3일 17시,금요일,충청남도 논산시 강경읍,중상사고,0,1,0,0,차대사람 - 횡단중,신호위반,건조,맑음,단일로 - 기타,승용,여,67세,상해없음,보행자,여,34세,중상
2014100300100461,2014년 10월 3일 17시,금요일,충청남도 논산시 상월면,중상사고,0,3,1,0,차대차 - 추돌 - 진행중,과속,건조,맑음,단일로 - 기타,승용,남,26세,경상,화물,남,61세,중상
2014100300100462,2014년 10월 3일 17시,금요일,충청남도 공주시 쌍신동,중상사고,0,1,0,0,차대차 - 기타,안전운전불이행,건조,맑음,단일로 - 교량,승용,남,65세,상해없음,자전거,남,74세,중상
2014100300100548,2014년 10월 3일 19시,금요일,충청남도 서산시 대산읍,사망사고,1,0,0,0,차대사람 - 횡단중,과속,건조,맑음,단일로 - 횡단보도상,승용,남,37세,상해없음,보행자,남,82세,사망
2014100300100549,2014년 10월 3일 19시,금요일,충청남도 논산시 부적면,사망사고,1,0,1,0,차대사람 - 횡단중,안전운전불이행,건조,맑음,교차로 - 교차로부근,승용,남,62세,상해없음,보행자,남,60세,사망
2014100300100550,2014년 10월 3일 19시,금요일,충청남도 예산군 덕산면,경상사고,0,0,1,0,차대차 - 기타,안전운전불이행,건조,맑음,교차로 - 교차로안,승용,남,47세,상해없음,화물,남,72세,경상
2014100300100593,2014년 10월 3일 20시,금요일,충청남도 천안시 서북구 성환읍,중상사고,0,1,1,0,차대차 - 추돌 - 주정차중,안전운전불이행,건조,맑음,교차로 - 교차로부근,승용,남,24세,상해없음,승용,남,33세,경상
2014100300100627,2014년 10월 3일 21시,금요일,충청남도 당진시 송악읍,경상사고,0,0,2,0,차대차 - 기타,안전운전불이행,건조,맑음,단일로 - 기타,승용,남,45세,상해없음,승용,여,58세,경상
2014100300100628,2014년 10월 3일 21시,금요일,충청남도 천안시 동남구 영성동,경상사고,0,0,1,0,차대차 - 기타,신호위반,건조,맑음,단일로 - 횡단보도상,화물,남,65세,상해없음,자전거,남,23세,경상
2014100300100629,2014년 10월 3일 21시,금요일,충청남도 천안시 동남구 사직동,중상사고,0,1,1,0,차대차 - 추돌 - 진행중,안전운전불이행,건조,맑음,교차로 - 교차로안,승용,남,21세,상해없음,승용,여,35세,경상
2014100300100656,2014년 10월 3일 22시,금요일,충청남도 태안군 안면읍,중상사고,0,1,2,0,차대사람 - 길가장자리구역통행중,안전운전불이행,건조,맑음,단일로 - 기타,화물,남,24세,상해없음,보행자,남,65세,경상
2014100400100010,2014년 10월 4일 00시,토요일,충청남도 천안시 서북구 성정동,경상사고,0,0,2,0,차대차 - 추돌 - 주정차중,안전운전불이행,건조,맑음,교차로 - 교차로부근,승용,남,33세,상해없음,승용,남,45세,경상
2014100400100011,2014년 10월 4일 00시,토요일,충청남도 아산시 득산동,사망사고,1,0,0,0,차량단독 - 공작물충돌,안전운전불이행,건조,맑음,단일로 - 교량,승용,남,30세,사망,,,,
2014100400100012,2014년 10월 4일 00시,토요일,충청남도 공주시 신관동,경상사고,0,0,2,0,차대차 - 측면직각충돌,신호위반,건조,맑음,교차로 - 교차로안,승용,남,58세,기타불명,승용,남,38세,경상
2014100400100029,2014년 10월 4일 01시,토요일,충청남도 천안시 서북구 성정동,경상사고,0,0,1,0,차대차 - 측면직각충돌,안전운전불이행,건조,맑음,교차로 - 교차로안,승용,여,51세,상해없음,승용,남,56세,경상
2014100400100041,2014년 10월 4일 02시,토요일,충청남도 천안시 서북구 성정동,중상사고,0,1,0,0,차대사람 - 차도통행중,안전운전불이행,건조,맑음,단일로 - 기타,승용,남,22세,상해없음,보행자,남,56세,중상
2014100400100071,2014년 10월 4일 05시,토요일,충청남도 태안군 안면읍,부상신고사고,0,0,0,1,차대차 - 측면직각충돌,직진우회전진행방해,건조,맑음,교차로 - 교차로안,승용,남,49세,부상신고,승용,남,42세,상해없음
2014100400100072,2014년 10월 4일 05시,토요일,충청남도 천안시 서북구 성정동,경상사고,0,0,1,0,차대차 - 측면직각충돌,안전운전불이행,건조,맑음,교차로 - 교차로안,승용,남,23세,기타불명,이륜,남,40세,경상
2014100400100073,2014년 10월 4일 05시,토요일,충청남도 청양군 정산면,중상사고,0,1,2,0,차대차 - 추돌 - 진행중,안전거리미확보,건조,맑음,단일로 - 기타,승용,남,27세,상해없음,화물,남,73세,중상
2014100400100134,2014년 10월 4일 09시,토요일,충청남도 천안시 서북구 직산읍,중상사고,0,1,0,0,차대사람 - 횡단중,안전운전불이행,건조,맑음,단일로 - 기타,승용,남,26세,상해없음,보행자,여,84세,중상
2014100400100161,2014년 10월 4일 10시,토요일,충청남도 천안시 동남구 북면,중상사고,0,1,4,0,차대차 - 정면충돌,중앙선침범,건조,맑음,단일로 - 기타,승용,남,23세,상해없음,승용,남,35세,경상
2014100400100199,2014년 10월 4일 11시,토요일,충청남도 아산시 배방읍,경상사고,0,0,1,0,차대차 - 측면직각충돌,신호위반,건조,맑음,교차로 - 교차로안,승용,여,27세,상해없음,승용,남,45세,경상
2014100400100232,2014년 10월 4일 12시,토요일,충청남도 예산군 예산읍,경상사고,0,0,1,0,차대차 - 추돌 - 주정차중,안전운전불이행,건조,맑음,교차로 - 교차로부근,승용,남,36세,상해없음,승합,남,50세,상해없음
2014100400100271,2014년 10월 4일 13시,토요일,충청남도 천안시 서북구 두정동,경상사고,0,0,1,0,차대차 - 기타,중앙선침범,건조,맑음,단일로 - 기타,승용,남,31세,상해없음,승용,여,49세,경상
2014100400100272,2014년 10월 4일 13시,토요일,충청남도 논산시 가야곡면,중상사고,0,1,0,0,차대사람 - 길가장자리구역통행중,안전운전불이행,건조,맑음,단일로 - 기타,화물,남,73세,상해없음,보행자,여,68세,중상
2014100400100273,2014년 10월 4일 13시,토요일,충청남도 부여군 규암면,중상사고,0,3,1,0,차대차 - 기타,안전운전불이행,건조,맑음,단일로 - 기타,승용,남,64세,경상,승용,남,49세,중상
2014100400100274,2014년 10월 4일 13시,토요일,충청남도 당진시 읍내리,경상사고,0,0,2,0,차대차 - 측면직각충돌,신호위반,건조,맑음,교차로 - 교차로안,승용,남,26세,상해없음,승용,여,34세,경상
2014100400100275,2014년 10월 4일 13시,토요일,충청남도 천안시 동남구 영성동,중상사고,0,1,0,0,차대사람 - 길가장자리구역통행중,안전운전불이행,건조,맑음,단일로 - 기타,승합,남,42세,상해없음,보행자,여,87세,중상
2014100400100316,2014년 10월 4일 14시,토요일,충청남도 서산시 대산읍,중상사고,0,1,4,0,차대차 - 추돌 - 진행중,안전운전불이행,건조,맑음,교차로 - 교차로부근,승용,남,38세,상해없음,승용,남,53세,경상
2014100400100317,2014년 10월 4일 14시,토요일,충청남도 당진시 채운동,경상사고,0,0,1,0,차대차 - 기타,안전운전불이행,건조,맑음,단일로 - 기타,승용,여,58세,상해없음,승용,남,36세,경상
2014100400100346,2014년 10월 4일 15시,토요일,충청남도 천안시 동남구 신부동,경상사고,0,0,1,0,차대사람 - 기타,안전운전불이행,건조,맑음,교차로 - 교차로부근,승용,여,31세,상해없음,보행자,남,7세,경상
2014100400100458,2014년 10월 4일 18시,토요일,충청남도 태안군 안면읍,경상사고,0,0,2,0,차대차 - 측면직각충돌,중앙선침범,습기,비,단일로 - 기타,승용,남,24세,상해없음,승용,남,32세,경상
2014100400100459,2014년 10월 4일 18시,토요일,충청남도 공주시 반포면,경상사고,0,0,4,0,차대차 - 기타,안전운전불이행,건조,맑음,단일로 - 기타,승용,남,32세,경상,승용,남,50세,경상
2014100400100502,2014년 10월 4일 19시,토요일,충청남도 태안군 안면읍,경상사고,0,0,1,0,차대차 - 측면직각충돌,안전운전불이행,건조,맑음,단일로 - 기타,특수,남,41세,상해없음,승용,남,40세,경상
2014100400100523,2014년 10월 4일 20시,토요일,충청남도 천안시 동남구 구성동,경상사고,0,0,1,0,차대차 - 추돌 - 주정차중,안전운전불이행,건조,맑음,단일로 - 기타,승용,남,48세,상해없음,승용,남,28세,경상
2014100400100555,2014년 10월 4일 21시,토요일,충청남도 태안군 태안읍,경상사고,0,0,1,0,차대차 - 기타,안전운전불이행,건조,맑음,단일로 - 기타,자전거,남,58세,경상,승용,남,32세,상해없음
2014100400100556,2014년 10월 4일 21시,토요일,충청남도 천안시 서북구 두정동,경상사고,0,0,2,0,차대차 - 추돌 - 진행중,안전운전불이행,건조,맑음,단일로 - 기타,승용,남,20세,상해없음,승용,여,51세,경상
2014100400100557,2014년 10월 4일 21시,토요일,충청남도 논산시 연산면,경상사고,0,0,6,0,차대차 - 추돌 - 주정차중,안전운전불이행,건조,맑음,단일로 - 기타,화물,남,43세,경상,승용,남,50세,경상
2014100400100558,2014년 10월 4일 21시,토요일,충청남도 예산군 예산읍,경상사고,0,0,1,0,차대사람 - 차도통행중,안전운전불이행,건조,맑음,교차로 - 교차로부근,화물,남,53세,상해없음,보행자,남,41세,경상
2014100400100559,2014년 10월 4일 21시,토요일,충청남도 금산군 남일면,경상사고,0,0,1,0,차량단독 - 전도전복,안전운전불이행,건조,맑음,단일로 - 기타,승용,남,36세,경상,,,,
2014100400100587,2014년 10월 4일 22시,토요일,충청남도 보령시 동대동,중상사고,0,1,0,0,차대사람 - 횡단중,보행자보호의무위반,건조,맑음,단일로 - 횡단보도상,원동기,남,33세,상해없음,보행자,여,71세,중상
2014100400100618,2014년 10월 4일 23시,토요일,충청남도 서산시 인지면,경상사고,0,0,3,0,차대차 - 추돌 - 주정차중,안전운전불이행,건조,맑음,교차로 - 교차로부근,승용,여,48세,상해없음,승용,여,35세,경상
2014100400100620,2014년 10월 4일 23시,토요일,충청남도 당진시 수청리,경상사고,0,0,1,0,차대차 - 추돌 - 진행중,기타,건조,맑음,교차로 - 교차로부근,승용,남,36세,상해없음,승용,여,61세,경상
2014100500100030,2014년 10월 5일 01시,일요일,충청남도 천안시 서북구 두정동,경상사고,0,0,1,0,차대사람 - 기타,안전운전불이행,건조,맑음,단일로 - 기타,승용,남,26세,상해없음,보행자,남,24세,경상
2014100500100042,2014년 10월 5일 02시,일요일,충청남도 천안시 서북구 입장면,중상사고,0,1,0,0,차대사람 - 보도통행중,기타,건조,맑음,교차로 - 교차로부근,승용,남,36세,상해없음,보행자,여,18세,중상
2014100500100043,2014년 10월 5일 02시,일요일,충청남도 공주시 반포면,중상사고,0,1,0,0,차대차 - 추돌 - 주정차중,안전운전불이행,건조,맑음,교차로 - 교차로부근,승용,남,28세,상해없음,화물,남,58세,중상
2014100500100134,2014년 10월 5일 10시,일요일,충청남도 태안군 남면,경상사고,0,0,2,0,차대차 - 추돌 - 주정차중,안전운전불이행,건조,맑음,기타 - 기타,화물,남,25세,상해없음,승용,남,30세,경상
2014100500100159,2014년 10월 5일 11시,일요일,충청남도 태안군 남면,중상사고,0,1,7,0,차대차 - 추돌 - 진행중,안전운전불이행,건조,맑음,교차로 - 교차로부근,승용,여,22세,경상,승용,남,45세,경상
2014100500100160,2014년 10월 5일 11시,일요일,충청남도 예산군 덕산면,경상사고,0,0,1,0,차대차 - 정면충돌,교차로운행방법위반,건조,맑음,교차로 - 교차로안,원동기,남,68세,경상,승용,남,33세,상해없음
2014100500100161,2014년 10월 5일 11시,일요일,충청남도 천안시 동남구 삼룡동,중상사고,0,2,0,0,차대차 - 측면직각충돌,안전거리미확보,건조,맑음,단일로 - 기타,승용,남,78세,상해없음,승용,여,59세,중상
2014100500100216,2014년 10월 5일 13시,일요일,충청남도 공주시 신풍면,중상사고,0,1,0,0,차대차 - 기타,과속,건조,맑음,교차로 - 교차로안,화물,남,51세,기타불명,이륜,남,71세,중상
2014100500100238,2014년 10월 5일 14시,일요일,충청남도 서산시 인지면,사망사고,1,0,0,0,차대차 - 기타,중앙선침범,건조,맑음,교차로 - 교차로안,이륜,남,71세,사망,건설기계,남,39세,상해없음
2014100500100317,2014년 10월 5일 16시,일요일,충청남도 서산시 동문동,부상신고사고,0,0,0,1,차대차 - 기타,안전운전불이행,건조,맑음,기타 - 기타,자전거,남,14세,부상신고,승용,남,56세,상해없음
2014100500100357,2014년 10월 5일 17시,일요일,충청남도 태안군 안면읍,중상사고,0,1,0,0,차대차 - 기타,중앙선침범,건조,맑음,기타 - 기타,승용,남,44세,상해없음,승용,남,50세,중상
2014100500100358,2014년 10월 5일 17시,일요일,충청남도 금산군 금산읍,중상사고,0,1,0,0,차대차 - 추돌 - 주정차중,안전운전불이행,건조,맑음,단일로 - 기타,원동기,남,54세,중상,승용,남,22세,기타불명
2014100500100383,2014년 10월 5일 18시,일요일,충청남도 보령시 화산동,경상사고,0,0,2,0,차대차 - 측면직각충돌,신호위반,건조,맑음,교차로 - 교차로안,승용,남,47세,상해없음,승용,여,40세,경상
2014100500100384,2014년 10월 5일 18시,일요일,충청남도 예산군 덕산면,경상사고,0,0,1,0,차대차 - 추돌 - 진행중,안전운전불이행,건조,맑음,교차로 - 교차로안,원동기,남,77세,경상,승합,남,28세,상해없음
2014100500100420,2014년 10월 5일 19시,일요일,충청남도 부여군 은산면,경상사고,0,0,1,0,차량단독 - 공작물충돌,안전운전불이행,건조,맑음,단일로 - 기타,승용,남,27세,경상,,,,
2014100500100456,2014년 10월 5일 20시,일요일,충청남도 예산군 덕산면,중상사고,0,1,0,0,차대사람 - 횡단중,안전운전불이행,건조,맑음,교차로 - 교차로안,승용,남,57세,상해없음,보행자,여,57세,중상
2014100500100512,2014년 10월 5일 23시,일요일,충청남도 당진시 송악읍,중상사고,0,1,0,0,차대차 - 기타,안전운전불이행,건조,맑음,단일로 - 기타,화물,남,52세,상해없음,화물,남,50세,기타불명
2014100600100010,2014년 10월 6일 00시,월요일,충청남도 예산군 오가면,경상사고,0,0,1,0,차대차 - 기타,안전운전불이행,건조,맑음,단일로 - 기타,승용,남,29세,상해없음,승용,남,22세,상해없음
2014100600100052,2014년 10월 6일 06시,월요일,충청남도 서산시 음암면,경상사고,0,0,2,0,차대차 - 기타,불법유턴,건조,맑음,교차로 - 교차로부근,승합,여,43세,상해없음,특수,남,40세,경상
2014100600100053,2014년 10월 6일 06시,월요일,충청남도 홍성군 홍성읍,중상사고,0,1,0,0,차대차 - 추돌 - 주정차중,안전운전불이행,건조,맑음,교차로 - 교차로안,승용,남,52세,상해없음,승용,남,66세,중상
2014100600100080,2014년 10월 6일 07시,월요일,충청남도 보령시 대천동,경상사고,0,0,1,0,차대사람 - 기타,안전운전불이행,건조,맑음,교차로 - 교차로안,승용,남,59세,상해없음,보행자,여,75세,경상
2014100600100081,2014년 10월 6일 07시,월요일,충청남도 천안시 서북구 성거읍,중상사고,0,1,1,0,차대차 - 추돌 - 주정차중,안전운전불이행,건조,맑음,단일로 - 기타,승용,남,44세,기타불명,화물,남,52세,경상
2014100600100119,2014년 10월 6일 08시,월요일,충청남도 천안시 서북구 두정동,경상사고,0,0,1,0,차대차 - 추돌 - 주정차중,안전운전불이행,건조,맑음,교차로 - 교차로부근,승용,남,23세,상해없음,승용,여,36세,경상
2014100600100120,2014년 10월 6일 08시,월요일,충청남도 서천군 비인면,경상사고,0,0,1,0,차대차 - 기타,중앙선침범,건조,맑음,기타 - 기타,승용,여,46세,상해없음,승용,여,43세,경상
2014100600100173,2014년 10월 6일 09시,월요일,충청남도 공주시 금성동,중상사고,0,1,0,0,차대사람 - 기타,안전운전불이행,건조,맑음,단일로 - 기타,화물,남,34세,상해없음,보행자,여,81세,중상
2014100600100174,2014년 10월 6일 09시,월요일,충청남도 당진시 수청리,사망사고,1,4,0,0,차대차 - 측면직각충돌,신호위반,건조,맑음,교차로 - 교차로안,승용,여,30세,중상,승용,남,24세,중상
2014100600100215,2014년 10월 6일 10시,월요일,충청남도 서산시 동문동,경상사고,0,0,2,0,차대차 - 측면직각충돌,안전운전불이행,건조,맑음,교차로 - 교차로안,승용,남,72세,경상,승용,여,20세,경상
2014100600100216,2014년 10월 6일 10시,월요일,충청남도 논산시 반월동,경상사고,0,0,1,0,차대차 - 측면직각충돌,안전운전불이행,건조,맑음,교차로 - 교차로부근,화물,남,52세,상해없음,자전거,여,57세,경상
2014100600100217,2014년 10월 6일 10시,월요일,충청남도 당진시 합덕읍,중상사고,0,1,0,0,차대차 - 기타,안전운전불이행,건조,맑음,단일로 - 기타,승용,여,63세,상해없음,자전거,남,78세,중상
2014100600100250,2014년 10월 6일 11시,월요일,충청남도 예산군 덕산면,중상사고,0,1,0,0,차대사람 - 기타,안전운전불이행,건조,맑음,기타 - 기타,승합,남,59세,상해없음,보행자,여,68세,중상
2014100600100281,2014년 10월 6일 12시,월요일,충청남도 서산시 동문동,중상사고,0,1,0,0,차대사람 - 횡단중,보행자보호의무위반,건조,맑음,단일로 - 기타,건설기계,남,58세,상해없음,보행자,여,79세,중상
2014100600100315,2014년 10월 6일 13시,월요일,충청남도 천안시 동남구 목천읍,중상사고,0,1,0,0,차대사람 - 기타,안전운전불이행,건조,맑음,단일로 - 횡단보도부근,승용,여,42세,상해없음,보행자,여,71세,중상
2014100600100348,2014년 10월 6일 14시,월요일,충청남도 서산시 동문동,중상사고,0,1,0,0,차대차 - 측면직각충돌,직진우회전진행방해,건조,맑음,교차로 - 교차로안,화물,남,54세,상해없음,자전거,여,67세,중상
2014100600100381,2014년 10월 6일 15시,월요일,충청남도 서산시 동문동,경상사고,0,0,1,0,차대사람 - 차도통행중,안전운전불이행,건조,맑음,단일로 - 기타,승용,남,64세,상해없음,보행자,여,41세,경상
2014100600100461,2014년 10월 6일 17시,월요일,충청남도 태안군 안면읍,중상사고,0,1,2,0,차대차 - 기타,중앙선침범,건조,맑음,단일로 - 기타,승용,남,55세,경상,승용,남,22세,중상
2014100600100519,2014년 10월 6일 18시,월요일,충청남도 태안군 태안읍,경상사고,0,0,4,0,차대차 - 추돌 - 주정차중,안전운전불이행,건조,맑음,단일로 - 기타,화물,남,64세,상해없음,승용,남,48세,경상
2014100600100520,2014년 10월 6일 18시,월요일,충청남도 공주시 중동,중상사고,0,1,1,0,차대차 - 측면직각충돌,신호위반,건조,맑음,교차로 - 교차로안,승용,남,28세,경상,승용,남,38세,중상
2014100600100635,2014년 10월 6일 21시,월요일,충청남도 천안시 동남구 북면,경상사고,0,0,1,0,차대차 - 기타,교차로운행방법위반,건조,맑음,교차로 - 교차로안,승용,남,55세,상해없음,이륜,남,27세,경상
2014100700100007,2014년 10월 7일 00시,화요일,충청남도 천안시 서북구 백석동,경상사고,0,0,1,0,차대차 - 기타,안전운전불이행,건조,맑음,교차로 - 교차로부근,승용,남,38세,상해없음,승용,여,46세,경상
2014100700100017,2014년 10월 7일 01시,화요일,충청남도 서산시 동문동,경상사고,0,0,1,0,차량단독 - 공작물충돌,안전운전불이행,건조,맑음,단일로 - 기타,승용,여,36세,경상,,,,
2014100700100045,2014년 10월 7일 05시,화요일,충청남도 천안시 동남구 신방동,중상사고,0,1,0,0,차대사람 - 횡단중,안전운전불이행,건조,맑음,교차로 - 교차로안,승용,남,38세,기타불명,보행자,여,78세,중상
2014100700100086,2014년 10월 7일 07시,화요일,충청남도 태안군 원북면,경상사고,0,0,2,0,차대차 - 추돌 - 주정차중,안전운전불이행,건조,맑음,단일로 - 기타,화물,남,50세,상해없음,화물,남,43세,경상
2014100700100087,2014년 10월 7일 07시,화요일,충청남도 천안시 서북구 성정동,경상사고,0,0,3,0,차대차 - 기타,신호위반,건조,맑음,교차로 - 교차로안,승용,남,55세,상해없음,승용,남,31세,경상
2014100700100088,2014년 10월 7일 07시,화요일,충청남도 청양군 운곡면,중상사고,0,1,0,0,차대차 - 기타,안전운전불이행,건조,맑음,단일로 - 기타,화물,남,59세,상해없음,이륜,여,52세,중상
2014100700100123,2014년 10월 7일 08시,화요일,충청남도 홍성군 갈산면,경상사고,0,0,1,0,차대차 - 정면충돌,중앙선침범,건조,맑음,교차로 - 교차로부근,승용,남,28세,상해없음,화물,남,65세,경상
2014100700100166,2014년 10월 7일 09시,화요일,충청남도 논산시 화지동,중상사고,0,1,0,0,차대차 - 측면직각충돌,안전운전불이행,건조,맑음,단일로 - 기타,승용,남,49세,상해없음,이륜,남,74세,중상
2014100700100201,2014년 10월 7일 10시,화요일,충청남도 서산시 대산읍,중상사고,0,1,0,0,차대사람 - 횡단중,안전운전불이행,건조,맑음,단일로 - 기타,건설기계,남,45세,상해없음,보행자,여,82세,중상
2014100700100202,2014년 10월 7일 10시,화요일,충청남도 홍성군 홍성읍,중상사고,0,1,0,0,차대사람 - 횡단중,안전운전불이행,건조,맑음,교차로 - 교차로부근,화물,남,76세,상해없음,보행자,남,53세,중상
2014100700100225,2014년 10월 7일 11시,화요일,충청남도 보령시 웅천읍,중상사고,0,1,0,0,차대차 - 기타,안전운전불이행,건조,맑음,단일로 - 기타,이륜,남,80세,상해없음,원동기,남,60세,상해없음
2014100700100252,2014년 10월 7일 12시,화요일,충청남도 서천군 문산면,경상사고,0,0,1,0,차대차 - 기타,안전운전불이행,건조,맑음,교차로 - 교차로부근,승용,남,37세,경상,농기계,남,61세,상해없음
2014100700100287,2014년 10월 7일 13시,화요일,충청남도 예산군 삽교읍,중상사고,0,1,1,0,차대차 - 측면직각충돌,안전운전불이행,건조,맑음,교차로 - 교차로안,승용,여,53세,경상,승합,남,51세,중상
2014100700100352,2014년 10월 7일 15시,화요일,충청남도 당진시 우두리,경상사고,0,0,1,0,차대차 - 측면직각충돌,신호위반,건조,맑음,교차로 - 교차로안,승용,남,62세,상해없음,승용,남,53세,경상
2014100700100469,2014년 10월 7일 18시,화요일,충청남도 논산시 지산동,중상사고,0,2,0,0,차대차 - 측면직각충돌,신호위반,건조,맑음,교차로 - 교차로안,이륜,남,44세,중상,승용,남,58세,중상
2014100700100470,2014년 10월 7일 18시,화요일,충청남도 보령시 명천동,경상사고,0,0,2,0,차대차 - 추돌 - 진행중,안전운전불이행,건조,맑음,단일로 - 기타,승용,남,62세,상해없음,승합,남,43세,경상
2014100700100518,2014년 10월 7일 19시,화요일,충청남도 아산시 음봉면,사망사고,1,0,0,0,차대사람 - 횡단중,안전운전불이행,건조,맑음,단일로 - 기타,승용,남,37세,상해없음,보행자,남,60세,사망