사고번호,사고일시,요일,시군구,사고내용,사망자수,중상자수,경상자수,부상신고자수,사고유형,법규위반,노면상태,기상상태,도로형태,가해운전자 차종,가해운전자 성별,가해운전자 연령,가해운전자 상해정도,피해운전자 차종,피해운전자 성별,피해운전자 연령,피해운전자 상해정도
2014102500100469,2014년 10월 25일 17시,토요일,충청남도 금산군 금산읍,경상사고,0,0,1,0,차대사람 - 기타,안전운전불이행,건조,맑음,교차로 - 교차로부근,승용,남,35세,상해없음,보행자,여,50세,경상
2014102500100516,2014년 10월 25일 18시,토요일,충청남도 서산시 음암면,경상사고,0,0,1,0,차대차 - 추돌 - 주정차중,안전운전불이행,건조,맑음,단일로 - 기타,이륜,남,78세,경상,승합,남,64세,기타불명
2014102500100517,2014년 10월 25일 18시,토요일,충청남도 논산시 취암동,중상사고,0,1,0,0,차대차 - 측면직각충돌,교차로운행방법위반,건조,맑음,교차로 - 교차로안,원동기,남,50세,상해없음,원동기,남,21세,중상
2014102500100518,2014년 10월 25일 18시,토요일,충청남도 홍성군 광천읍,경상사고,0,0,1,0,차대사람 - 기타,안전운전불이행,건조,맑음,단일로 - 기타,승용,남,41세,상해없음,보행자,여,47세,경상
2014102500100519,2014년 10월 25일 18시,토요일,충청남도 예산군 삽교읍,중상사고,0,1,1,0,차대차 - 추돌 - 진행중,안전운전불이행,건조,맑음,단일로 - 기타,승용,남,52세,경상,농기계,남,57세,중상
2014102500100585,2014년 10월 25일 19시,토요일,충청남도 논산시 채운면,경상사고,0,0,3,0,차대차 - 측면직각충돌,교차로운행방법위반,건조,맑음,교차로 - 교차로안,승용,남,25세,경상,승용,남,58세,경상
2014102500100586,2014년 10월 25일 19시,토요일,충청남도 논산시 광석면,경상사고,0,0,1,0,차대차 - 추돌 - 주정차중,안전운전불이행,건조,맑음,단일로 - 기타,승용,남,43세,상해없음,농기계,남,59세,상해없음
2014102500100587,2014년 10월 25일 19시,토요일,충청남도 아산시 신동,경상사고,0,0,2,0,차대차 - 추돌 - 진행중,안전운전불이행,건조,맑음,교차로 - 교차로부근,승용,여,29세,상해없음,승용,남,43세,경상
2014102500100588,2014년 10월 25일 19시,토요일,충청남도 당진시 읍내리,중상사고,0,1,0,0,차대차 - 추돌 - 진행중,안전거리미확보,건조,맑음,단일로 - 기타,승용,남,48세,상해없음,승용,여,45세,중상
2014102500100627,2014년 10월 25일 20시,토요일,충청남도 천안시 서북구 두정동,경상사고,0,0,1,0,차대차 - 측면직각충돌,신호위반,건조,맑음,교차로 - 교차로안,이륜,남,38세,상해없음,승용,남,58세,상해없음
2014102500100628,2014년 10월 25일 20시,토요일,충청남도 천안시 서북구 업성동,경상사고,0,0,2,0,차대차 - 추돌 - 주정차중,안전운전불이행,건조,맑음,단일로 - 기타,승용,여,45세,상해없음,승용,남,29세,경상
2014102500100662,2014년 10월 25일 21시,토요일,충청남도 천안시 동남구 삼룡동,경상사고,0,0,8,0,차대차 - 추돌 - 주정차중,중앙선침범,건조,맑음,교차로 - 교차로안,승용,여,54세,상해없음,승용,여,44세,경상
2014102500100687,2014년 10월 25일 22시,토요일,충청남도 태안군 안면읍,사망사고,1,0,0,0,차대사람 - 횡단중,과속,건조,맑음,교차로 - 교차로안,승용,남,57세,상해없음,보행자,여,24세,사망
2014102500100711,2014년 10월 25일 23시,토요일,충청남도 예산군 예산읍,중상사고,0,1,0,0,차대차 - 기타,안전운전불이행,건조,맑음,단일로 - 기타,승용,여,27세,상해없음,이륜,남,35세,중상
2014102600100075,2014년 10월 26일 05시,일요일,충청남도 천안시 서북구 불당동,사망사고,1,0,0,0,차대사람 - 기타,안전운전불이행,건조,맑음,단일로 - 기타,승용,남,25세,상해없음,보행자,남,44세,사망
2014102600100092,2014년 10월 26일 06시,일요일,충청남도 천안시 동남구 신부동,사망사고,1,1,0,0,차대차 - 측면직각충돌,중앙선침범,건조,맑음,단일로 - 기타,승용,남,26세,사망,승합,남,33세,중상
2014102600100108,2014년 10월 26일 07시,일요일,충청남도 논산시 내동,경상사고,0,0,7,0,차대차 - 측면직각충돌,신호위반,습기,안개,교차로 - 교차로안,승용,남,49세,경상,승용,남,63세,경상
2014102600100141,2014년 10월 26일 09시,일요일,충청남도 천안시 서북구 성환읍,경상사고,0,0,1,0,차대차 - 측면직각충돌,신호위반,건조,맑음,교차로 - 교차로안,승용,남,28세,상해없음,화물,남,60세,경상
2014102600100215,2014년 10월 26일 12시,일요일,충청남도 천안시 서북구 쌍용동,경상사고,0,0,1,0,차대사람 - 횡단중,보행자보호의무위반,건조,맑음,단일로 - 기타,승용,남,33세,상해없음,보행자,여,17세,경상
2014102600100312,2014년 10월 26일 15시,일요일,충청남도 부여군 내산면,중상사고,0,1,0,0,차대사람 - 횡단중,안전운전불이행,건조,맑음,단일로 - 기타,건설기계,남,48세,상해없음,보행자,여,7세,중상
2014102600100333,2014년 10월 26일 16시,일요일,충청남도 공주시 반포면,중상사고,0,2,0,0,차대차 - 추돌 - 주정차중,안전운전불이행,건조,맑음,단일로 - 기타,화물,남,56세,중상,화물,남,38세,기타불명
2014102600100334,2014년 10월 26일 16시,일요일,충청남도 천안시 동남구 동면,중상사고,0,2,0,0,차대차 - 기타,중앙선침범,건조,맑음,단일로 - 기타,승용,남,48세,상해없음,승용,남,45세,중상
2014102600100370,2014년 10월 26일 17시,일요일,충청남도 홍성군 광천읍,경상사고,0,0,1,0,차대차 - 추돌 - 진행중,안전운전불이행,건조,맑음,단일로 - 기타,승합,남,41세,상해없음,화물,여,52세,경상
2014102600100371,2014년 10월 26일 17시,일요일,충청남도 홍성군 홍북면,경상사고,0,0,5,0,차대차 - 추돌 - 주정차중,안전운전불이행,건조,맑음,단일로 - 기타,승용,남,27세,상해없음,승용,남,50세,경상
2014102600100372,2014년 10월 26일 17시,일요일,충청남도 예산군 고덕면,중상사고,0,1,3,0,차대차 - 측면직각충돌,중앙선침범,건조,맑음,단일로 - 교량,승용,남,55세,중상,승용,남,20세,경상
2014102600100373,2014년 10월 26일 17시,일요일,충청남도 당진시 우강면,사망사고,1,0,0,0,차대차 - 기타,안전운전불이행,건조,맑음,교차로 - 교차로안,원동기,남,72세,사망,승용,여,45세,상해없음
2014102600100413,2014년 10월 26일 18시,일요일,충청남도 천안시 서북구 불당동,경상사고,0,0,1,0,차대차 - 기타,안전운전불이행,건조,맑음,교차로 - 교차로부근,승용,남,51세,상해없음,승용,여,33세,경상
2014102600100414,2014년 10월 26일 18시,일요일,충청남도 천안시 동남구 신부동,경상사고,0,0,3,0,차대차 - 기타,차로위반,건조,맑음,단일로 - 기타,승용,남,29세,상해없음,승용,남,31세,경상
2014102600100450,2014년 10월 26일 19시,일요일,충청남도 서산시 잠홍동,중상사고,0,1,0,0,차량단독 - 기타,안전운전불이행,건조,맑음,단일로 - 기타,승합,남,50세,상해없음,,,,
2014102600100496,2014년 10월 26일 20시,일요일,충청남도 논산시 노성면,중상사고,0,1,0,0,차대차 - 추돌 - 주정차중,안전운전불이행,건조,맑음,단일로 - 기타,화물,남,55세,상해없음,농기계,남,69세,중상
2014102600100572,2014년 10월 26일 23시,일요일,충청남도 논산시 취암동,경상사고,0,0,1,0,차대차 - 측면직각충돌,중앙선침범,건조,맑음,단일로 - 기타,화물,남,47세,상해없음,원동기,남,45세,경상
2014102700100022,2014년 10월 27일 01시,월요일,충청남도 논산시 부적면,경상사고,0,0,1,0,차량단독 - 공작물충돌,안전운전불이행,건조,맑음,단일로 - 기타,승용,남,40세,경상,,,,
2014102700100041,2014년 10월 27일 03시,월요일,충청남도 보령시 명천동,경상사고,0,0,1,0,차대차 - 기타,안전운전불이행,건조,흐림,교차로 - 교차로안,승용,남,46세,상해없음,화물,남,53세,경상
2014102700100054,2014년 10월 27일 05시,월요일,충청남도 천안시 동남구 구성동,중상사고,0,1,0,0,차대사람 - 기타,안전운전불이행,건조,맑음,단일로 - 기타,승합,남,58세,상해없음,보행자,남,17세,중상
2014102700100122,2014년 10월 27일 08시,월요일,충청남도 보령시 천북면,경상사고,0,0,4,1,차대차 - 기타,안전운전불이행,건조,맑음,단일로 - 기타,화물,남,21세,부상신고,화물,남,67세,경상
2014102700100123,2014년 10월 27일 08시,월요일,충청남도 천안시 동남구 삼룡동,경상사고,0,0,1,0,차대차 - 기타,안전운전불이행,건조,맑음,교차로 - 교차로안,승용,남,65세,상해없음,승용,남,52세,경상
2014102700100163,2014년 10월 27일 09시,월요일,충청남도 서산시 석남동,중상사고,0,1,0,0,차대차 - 기타,안전운전불이행,건조,맑음,단일로 - 횡단보도상,자전거,여,59세,중상,승용,여,24세,상해없음
2014102700100164,2014년 10월 27일 09시,월요일,충청남도 논산시 광석면,중상사고,0,1,0,0,차대차 - 측면직각충돌,교차로운행방법위반,건조,맑음,교차로 - 교차로안,이륜,여,67세,중상,화물,남,75세,상해없음
2014102700100165,2014년 10월 27일 09시,월요일,충청남도 당진시 읍내리,중상사고,0,1,0,0,차대차 - 측면직각충돌,교차로운행방법위반,건조,맑음,교차로 - 교차로안,승용,남,68세,상해없음,승용,여,47세,중상
2014102700100275,2014년 10월 27일 12시,월요일,충청남도 부여군 규암면,경상사고,0,0,1,0,차대차 - 기타,안전운전불이행,건조,맑음,교차로 - 교차로안,화물,남,67세,상해없음,승용,여,43세,경상
2014102700100315,2014년 10월 27일 13시,월요일,충청남도 홍성군 광천읍,경상사고,0,0,1,0,차대차 - 기타,안전운전불이행,건조,맑음,단일로 - 기타,특수,남,52세,상해없음,승용,남,52세,경상
2014102700100316,2014년 10월 27일 13시,월요일,충청남도 서천군 장항읍,경상사고,0,0,7,0,차대차 - 측면직각충돌,직진우회전진행방해,건조,맑음,교차로 - 교차로안,승용,남,64세,경상,승용,남,56세,경상
2014102700100317,2014년 10월 27일 13시,월요일,충청남도 금산군 추부면,중상사고,0,1,0,0,차대차 - 추돌 - 진행중,안전운전불이행,건조,맑음,단일로 - 기타,건설기계,남,42세,상해없음,화물,남,57세,중상
2014102700100318,2014년 10월 27일 13시,월요일,충청남도 청양군 남양면,경상사고,0,0,2,0,차대차 - 추돌 - 진행중,안전운전불이행,건조,맑음,단일로 - 기타,승용,남,50세,상해없음,승용,여,58세,경상
2014102700100423,2014년 10월 27일 16시,월요일,충청남도 계룡시 엄사면,중상사고,0,2,8,0,차대차 - 추돌 - 진행중,안전운전불이행,건조,맑음,교차로 - 교차로부근,화물,남,50세,상해없음,승합,남,63세,경상
2014102700100424,2014년 10월 27일 16시,월요일,충청남도 홍성군 금마면,중상사고,0,1,0,0,차대차 - 기타,안전운전불이행,건조,맑음,교차로 - 교차로부근,이륜,남,76세,상해없음,화물,남,32세,상해없음
2014102700100471,2014년 10월 27일 17시,월요일,충청남도 서천군 장항읍,사망사고,1,0,0,0,차대차 - 추돌 - 주정차중,안전운전불이행,건조,맑음,단일로 - 기타,승용,남,30세,상해없음,화물,남,42세,상해없음
2014102700100567,2014년 10월 27일 19시,월요일,충청남도 서산시 석림동,중상사고,0,1,2,0,차대차 - 측면직각충돌,안전거리미확보,건조,맑음,단일로 - 기타,승용,여,49세,상해없음,승용,남,55세,경상
2014102700100568,2014년 10월 27일 19시,월요일,충청남도 공주시 신관동,경상사고,0,0,1,0,차대차 - 측면직각충돌,안전운전불이행,건조,맑음,교차로 - 교차로안,승용,남,45세,상해없음,승합,남,22세,상해없음
2014102700100638,2014년 10월 27일 21시,월요일,충청남도 천안시 서북구 직산읍,경상사고,0,0,1,0,차대차 - 기타,중앙선침범,건조,맑음,단일로 - 기타,승용,남,28세,상해없음,승용,남,43세,경상
2014102700100639,2014년 10월 27일 21시,월요일,충청남도 천안시 동남구 목천읍,경상사고,0,0,1,0,차대차 - 측면직각충돌,중앙선침범,건조,맑음,단일로 - 기타,승용,남,49세,상해없음,자전거,남,29세,경상
2014102700100687,2014년 10월 27일 23시,월요일,충청남도 천안시 서북구 성정동,경상사고,0,0,1,0,차대차 - 기타,안전운전불이행,건조,맑음,교차로 - 교차로부근,승용,남,21세,상해없음,승용,남,37세,경상
2014102700100688,2014년 10월 27일 23시,월요일,충청남도 예산군 봉산면,부상신고사고,0,0,0,1,차량단독 - 전도전복,안전운전불이행,건조,맑음,단일로 - 기타,화물,남,52세,부상신고,,,,
2014102800100020,2014년 10월 28일 01시,화요일,충청남도 예산군 예산읍,부상신고사고,0,0,0,1,차량단독 - 공작물충돌,안전운전불이행,건조,맑음,단일로 - 기타,승용,남,28세,부상신고,,,,
2014102800100085,2014년 10월 28일 07시,화요일,충청남도 천안시 서북구 백석동,경상사고,0,0,1,0,차대차 - 기타,교차로운행방법위반,건조,맑음,교차로 - 교차로안,승용,남,37세,상해없음,승용,여,52세,경상
2014102800100133,2014년 10월 28일 08시,화요일,충청남도 천안시 서북구 쌍용동,경상사고,0,0,1,0,차대사람 - 기타,안전운전불이행,건조,맑음,단일로 - 기타,승용,여,36세,상해없음,보행자,여,54세,경상
2014102800100134,2014년 10월 28일 08시,화요일,충청남도 천안시 서북구 성정동,경상사고,0,0,1,0,차대사람 - 횡단중,보행자보호의무위반,건조,맑음,단일로 - 횡단보도상,승용,여,48세,상해없음,보행자,남,7세,경상
2014102800100173,2014년 10월 28일 09시,화요일,충청남도 서천군 기산면,중상사고,0,1,0,0,차대차 - 기타,안전운전불이행,건조,맑음,교차로 - 교차로부근,화물,남,76세,상해없음,원동기,남,72세,중상
2014102800100212,2014년 10월 28일 10시,화요일,충청남도 천안시 동남구 성남면,경상사고,0,0,1,0,차대차 - 기타,안전운전불이행,건조,맑음,교차로 - 교차로안,승용,남,57세,상해없음,이륜,남,34세,경상
2014102800100238,2014년 10월 28일 11시,화요일,충청남도 당진시 송악읍,중상사고,0,1,0,0,차대차 - 측면직각충돌,안전거리미확보,건조,맑음,단일로 - 기타,화물,남,50세,상해없음,화물,남,56세,중상
2014102800100280,2014년 10월 28일 12시,화요일,충청남도 부여군 세도면,중상사고,0,1,0,0,차대차 - 측면직각충돌,교차로운행방법위반,건조,맑음,교차로 - 교차로안,화물,남,60세,상해없음,원동기,남,72세,중상
2014102800100303,2014년 10월 28일 13시,화요일,충청남도 홍성군 홍성읍,중상사고,0,1,0,0,차대차 - 기타,안전거리미확보,건조,맑음,교차로 - 교차로안,승용,여,58세,상해없음,원동기,남,69세,중상
2014102800100334,2014년 10월 28일 14시,화요일,충청남도 천안시 서북구 쌍용동,경상사고,0,0,1,0,차대사람 - 횡단중,안전운전불이행,건조,맑음,단일로 - 기타,승용,남,39세,상해없음,보행자,여,66세,경상
2014102800100335,2014년 10월 28일 14시,화요일,충청남도 논산시 연산면,중상사고,0,1,0,0,차대차 - 측면직각충돌,안전운전불이행,건조,맑음,교차로 - 교차로부근,원동기,남,69세,중상,화물,남,51세,상해없음
2014102800100336,2014년 10월 28일 14시,화요일,충청남도 당진시 석문면,경상사고,0,0,1,0,차대차 - 추돌 - 진행중,안전운전불이행,건조,맑음,교차로 - 교차로부근,승용,여,41세,상해없음,원동기,여,35세,경상
2014102800100373,2014년 10월 28일 15시,화요일,충청남도 태안군 안면읍,중상사고,0,1,0,0,차대차 - 측면직각충돌,안전운전불이행,건조,맑음,단일로 - 기타,농기계,남,72세,중상,승용,여,40세,상해없음
2014102800100374,2014년 10월 28일 15시,화요일,충청남도 논산시 채운면,중상사고,0,1,0,0,차대차 - 측면직각충돌,교차로운행방법위반,건조,맑음,교차로 - 교차로안,화물,여,60세,상해없음,원동기,여,59세,중상
2014102800100440,2014년 10월 28일 17시,화요일,충청남도 서산시 운산면,중상사고,0,1,0,0,차대차 - 기타,안전운전불이행,건조,맑음,기타 - 기타,승합,남,52세,상해없음,자전거,남,13세,중상
2014102800100441,2014년 10월 28일 17시,화요일,충청남도 서천군 서면,중상사고,0,1,0,0,차량단독 - 기타,안전운전불이행,건조,맑음,단일로 - 기타,승용,남,45세,중상,,,,
2014102800100442,2014년 10월 28일 17시,화요일,충청남도 당진시 고대면,경상사고,0,0,1,0,차대차 - 기타,안전운전불이행,건조,맑음,기타 - 기타,자전거,남,44세,경상,농기계,남,69세,상해없음
2014102800100494,2014년 10월 28일 18시,화요일,충청남도 보령시 주교면,중상사고,0,1,0,0,차대사람 - 횡단중,안전운전불이행,건조,맑음,단일로 - 기타,승용,남,57세,상해없음,보행자,여,81세,중상
2014102800100630,2014년 10월 28일 21시,화요일,충청남도 천안시 서북구 백석동,경상사고,0,0,1,0,차대차 - 추돌 - 진행중,차로위반,건조,맑음,단일로 - 기타,승용,남,33세,상해없음,승용,남,33세,경상
2014102800100667,2014년 10월 28일 22시,화요일,충청남도 천안시 동남구 신부동,경상사고,0,0,1,0,차대차 - 기타,안전운전불이행,건조,맑음,단일로 - 기타,승용,남,49세,상해없음,이륜,남,53세,경상
2014102800100700,2014년 10월 28일 23시,화요일,충청남도 아산시 읍내동,중상사고,0,1,2,0,차대차 - 추돌 - 주정차중,안전운전불이행,건조,맑음,단일로 - 기타,승용,남,43세,상해없음,승용,남,45세,상해없음
2014102800100701,2014년 10월 28일 23시,화요일,충청남도 당진시 신평면,사망사고,1,0,0,0,차대차 - 기타,안전운전불이행,건조,맑음,단일로 - 기타,승용,남,50세,상해없음,화물,남,34세,상해없음
2014102900100009,2014년 10월 29일 00시,수요일,충청남도 천안시 서북구 성정동,경상사고,0,0,1,0,차대차 - 추돌 - 진행중,안전운전불이행,건조,맑음,단일로 - 기타,승용,남,40세,상해없음,이륜,남,18세,경상
2014102900100071,2014년 10월 29일 06시,수요일,충청남도 천안시 동남구 신방동,중상사고,0,1,0,0,차대차 - 기타,중앙선침범,건조,맑음,교차로 - 교차로부근,승용,남,53세,상해없음,화물,남,50세,중상
2014102900100126,2014년 10월 29일 08시,수요일,충청남도 천안시 동남구 목천읍,경상사고,0,0,1,0,차대차 - 측면직각충돌,안전운전불이행,건조,맑음,단일로 - 기타,화물,남,57세,상해없음,승용,남,26세,경상
2014102900100159,2014년 10월 29일 09시,수요일,충청남도 홍성군 홍성읍,중상사고,0,1,0,0,차대차 - 측면직각충돌,안전운전불이행,건조,맑음,단일로 - 기타,승용,여,41세,상해없음,자전거,남,69세,중상
2014102900100191,2014년 10월 29일 10시,수요일,충청남도 아산시 배방읍,경상사고,0,0,2,0,차대차 - 추돌 - 진행중,안전운전불이행,건조,맑음,단일로 - 기타,화물,남,48세,상해없음,승용,여,29세,경상
2014102900100304,2014년 10월 29일 14시,수요일,충청남도 천안시 서북구 성정동,경상사고,0,0,1,0,차대사람 - 기타,안전운전불이행,건조,맑음,단일로 - 기타,승용,여,34세,상해없음,보행자,여,21세,경상
2014102900100305,2014년 10월 29일 14시,수요일,충청남도 예산군 예산읍,경상사고,0,0,1,0,차대사람 - 횡단중,보행자보호의무위반,건조,맑음,단일로 - 횡단보도상,승용,여,69세,상해없음,보행자,여,10세,경상
2014102900100330,2014년 10월 29일 15시,수요일,충청남도 논산시 강경읍,중상사고,0,1,0,0,차대차 - 측면직각충돌,안전운전불이행,건조,맑음,단일로 - 교량,기타불명,기타불명,기타불명,기타불명,이륜,여,59세,중상
2014102900100331,2014년 10월 29일 15시,수요일,충청남도 보령시 오천면,중상사고,0,2,1,0,차대차 - 정면충돌,중앙선침범,건조,맑음,단일로 - 기타,화물,남,52세,경상,승용,남,42세,중상
2014102900100366,2014년 10월 29일 16시,수요일,충청남도 서산시 해미면,중상사고,0,1,0,0,차대차 - 기타,안전운전불이행,건조,맑음,단일로 - 기타,승용,남,23세,상해없음,이륜,남,56세,중상
2014102900100367,2014년 10월 29일 16시,수요일,충청남도 예산군 대흥면,경상사고,0,0,1,0,차대차 - 기타,중앙선침범,건조,맑음,단일로 - 기타,승용,남,47세,기타불명,승용,남,53세,경상
2014102900100397,2014년 10월 29일 17시,수요일,충청남도 천안시 서북구 직산읍,중상사고,0,1,2,0,차대차 - 추돌 - 진행중,안전운전불이행,건조,맑음,단일로 - 기타,화물,남,59세,상해없음,화물,남,58세,경상
2014102900100398,2014년 10월 29일 17시,수요일,충청남도 천안시 서북구 두정동,부상신고사고,0,0,0,1,차대사람 - 기타,안전운전불이행,건조,맑음,단일로 - 기타,승용,남,32세,상해없음,보행자,여,5세,부상신고
2014102900100399,2014년 10월 29일 17시,수요일,충청남도 부여군 초촌면,경상사고,0,0,2,0,차대차 - 기타,안전거리미확보,건조,맑음,단일로 - 기타,승용,남,37세,상해없음,승용,여,23세,경상
2014102900100453,2014년 10월 29일 18시,수요일,충청남도 서산시 지곡면,경상사고,0,0,1,0,차대사람 - 기타,안전운전불이행,건조,맑음,단일로 - 기타,승용,여,49세,상해없음,보행자,여,59세,경상
2014102900100454,2014년 10월 29일 18시,수요일,충청남도 홍성군 홍성읍,중상사고,0,1,0,0,차대사람 - 기타,안전운전불이행,건조,맑음,단일로 - 기타,승용,여,46세,상해없음,보행자,남,78세,중상
2014102900100455,2014년 10월 29일 18시,수요일,충청남도 부여군 규암면,중상사고,0,2,0,0,차대차 - 기타,안전운전불이행,건조,맑음,단일로 - 기타,화물,남,64세,상해없음,이륜,남,77세,중상
2014102900100456,2014년 10월 29일 18시,수요일,충청남도 천안시 동남구 성남면,경상사고,0,0,2,0,차대사람 - 기타,안전운전불이행,건조,맑음,단일로 - 기타,승용,여,37세,상해없음,보행자,여,55세,경상
2014102900100457,2014년 10월 29일 18시,수요일,충청남도 천안시 동남구 병천면,중상사고,0,1,0,0,차대차 - 추돌 - 주정차중,안전운전불이행,건조,맑음,단일로 - 기타,승용,남,61세,상해없음,화물,남,37세,중상
2014102900100518,2014년 10월 29일 19시,수요일,충청남도 금산군 복수면,경상사고,0,0,1,0,차대차 - 측면직각충돌,안전운전불이행,건조,맑음,단일로 - 기타,승용,남,57세,상해없음,승합,남,61세,경상
2014102900100519,2014년 10월 29일 19시,수요일,충청남도 천안시 동남구 병천면,경상사고,0,0,1,0,차대사람 - 횡단중,안전운전불이행,건조,맑음,단일로 - 기타,승용,남,45세,상해없음,보행자,여,62세,경상
2014102900100520,2014년 10월 29일 19시,수요일,충청남도 천안시 동남구 대흥동,중상사고,0,1,0,0,차대사람 - 기타,안전운전불이행,건조,맑음,단일로 - 기타,기타불명,기타불명,기타불명,기타불명,보행자,남,59세,중상
2014102900100578,2014년 10월 29일 21시,수요일,충청남도 천안시 서북구 두정동,경상사고,0,0,1,0,차대사람 - 기타,안전운전불이행,건조,맑음,단일로 - 기타,승용,남,33세,상해없음,보행자,남,30세,경상
2014102900100652,2014년 10월 29일 23시,수요일,충청남도 보령시 동대동,경상사고,0,0,1,0,차대차 - 측면직각충돌,신호위반,건조,맑음,교차로 - 교차로안,승용,남,34세,상해없음,승용,남,47세,경상
2014103000100013,2014년 10월 30일 00시,목요일,충청남도 서산시 예천동,중상사고,0,2,1,0,차대차 - 측면직각충돌,신호위반,건조,맑음,교차로 - 교차로안,승용,남,31세,상해없음,승용,남,18세,중상
2014103000100054,2014년 10월 30일 04시,목요일,충청남도 서산시 석남동,경상사고,0,0,1,0,차대차 - 측면직각충돌,안전운전불이행,건조,맑음,교차로 - 교차로안,승용,여,54세,경상,승합,남,58세,상해없음
2014103000100055,2014년 10월 30일 04시,목요일,충청남도 서산시 해미면,중상사고,0,3,1,0,차대차 - 추돌 - 진행중,안전운전불이행,건조,맑음,단일로 - 기타,승용,남,26세,상해없음,화물,남,50세,상해없음
2014103000100105,2014년 10월 30일 07시,목요일,충청남도 보령시 신흑동,경상사고,0,0,1,0,차대사람 - 횡단중,보행자보호의무위반,건조,맑음,단일로 - 기타,건설기계,남,40세,상해없음,보행자,남,13세,경상
2014103000100142,2014년 10월 30일 08시,목요일,충청남도 천안시 서북구 성성동,경상사고,0,0,1,0,차대차 - 기타,안전운전불이행,건조,맑음,교차로 - 교차로안,승합,남,56세,상해없음,승용,남,54세,경상
2014103000100175,2014년 10월 30일 09시,목요일,충청남도 홍성군 홍북면,중상사고,0,1,0,0,차대차 - 측면직각충돌,신호위반,건조,맑음,교차로 - 교차로안,건설기계,남,54세,상해없음,승용,여,36세,중상
2014103000100176,2014년 10월 30일 09시,목요일,충청남도 서천군 장항읍,중상사고,0,1,0,0,차대차 - 기타,안전운전불이행,건조,맑음,단일로 - 기타,원동기,남,76세,중상,농기계,남,62세,기타불명
2014103000100177,2014년 10월 30일 09시,목요일,충청남도 서천군 마산면,중상사고,0,1,0,0,차대차 - 기타,직진우회전진행방해,건조,맑음,교차로 - 교차로안,원동기,남,67세,중상,승용,여,46세,상해없음
2014103000100178,2014년 10월 30일 09시,목요일,충청남도 천안시 동남구 원성동,경상사고,0,0,1,0,차대차 - 추돌 - 진행중,안전운전불이행,건조,맑음,교차로 - 교차로안,승용,남,61세,상해없음,승용,남,56세,경상
2014103000100200,2014년 10월 30일 10시,목요일,충청남도 보령시 주포면,중상사고,0,1,0,0,차대사람 - 기타,안전운전불이행,건조,맑음,교차로 - 교차로부근,화물,남,55세,상해없음,보행자,여,81세,중상
2014103000100315,2014년 10월 30일 14시,목요일,충청남도 예산군 덕산면,중상사고,0,1,0,0,차대차 - 기타,중앙선침범,건조,맑음,단일로 - 기타,승용,남,72세,상해없음,승용,여,60세,중상
2014103000100371,2014년 10월 30일 16시,목요일,충청남도 서산시 해미면,사망사고,1,0,0,0,차대차 - 측면직각충돌,신호위반,건조,맑음,교차로 - 교차로안,이륜,남,78세,사망,건설기계,남,55세,상해없음
2014103000100372,2014년 10월 30일 16시,목요일,충청남도 부여군 석성면,사망사고,1,0,0,0,차량단독 - 기타,안전운전불이행,건조,기타,단일로 - 기타,이륜,남,66세,사망,,,,
2014103000100413,2014년 10월 30일 17시,목요일,충청남도 천안시 서북구 성환읍,경상사고,0,0,6,0,차대차 - 측면직각충돌,신호위반,건조,맑음,교차로 - 교차로안,승합,기타불명,기타불명,기타불명,승용,여,34세,경상
2014103000100414,2014년 10월 30일 17시,목요일,충청남도 천안시 서북구 두정동,부상신고사고,0,0,0,1,차대차 - 추돌 - 주정차중,안전운전불이행,건조,맑음,교차로 - 교차로부근,원동기,남,30세,부상신고,화물,남,49세,상해없음
2014103000100464,2014년 10월 30일 18시,목요일,충청남도 천안시 서북구 성거읍,경상사고,0,0,1,0,차대사람 - 기타,안전운전불이행,건조,맑음,교차로 - 교차로부근,승용,남,31세,상해없음,보행자,남,41세,경상
2014103000100465,2014년 10월 30일 18시,목요일,충청남도 서천군 장항읍,사망사고,1,0,0,1,차대차 - 정면충돌,중앙선침범,건조,맑음,단일로 - 기타,화물,남,71세,부상신고,자전거,남,65세,사망
2014103000100466,2014년 10월 30일 18시,목요일,충청남도 보령시 웅천읍,사망사고,1,0,0,0,차대차 - 기타,중앙선침범,건조,흐림,단일로 - 기타,농기계,남,72세,사망,화물,남,55세,기타불명
2014103000100467,2014년 10월 30일 18시,목요일,충청남도 천안시 동남구 목천읍,중상사고,0,1,1,0,차대차 - 추돌 - 주정차중,안전운전불이행,건조,맑음,교차로 - 교차로안,화물,남,45세,상해없음,승용,여,39세,경상
2014103000100519,2014년 10월 30일 19시,목요일,충청남도 서천군 마서면,경상사고,0,0,1,0,차대차 - 기타,안전운전불이행,적설,맑음,단일로 - 기타,원동기,남,62세,경상,농기계,남,63세,상해없음