사고번호,사고일시,요일,시군구,사고내용,사망자수,중상자수,경상자수,부상신고자수,사고유형,법규위반,노면상태,기상상태,도로형태,가해운전자 차종,가해운전자 성별,가해운전자 연령,가해운전자 상해정도,피해운전자 차종,피해운전자 성별,피해운전자 연령,피해운전자 상해정도
2014103000100520,2014년 10월 30일 19시,목요일,충청남도 예산군 덕산면,중상사고,0,1,2,0,차대차 - 추돌 - 주정차중,안전거리미확보,건조,맑음,교차로 - 교차로부근,승용,여,63세,경상,화물,남,49세,중상
2014103000100554,2014년 10월 30일 20시,목요일,충청남도 홍성군 광천읍,중상사고,0,4,0,0,차대차 - 측면직각충돌,신호위반,건조,맑음,교차로 - 교차로안,승합,남,51세,상해없음,승용,여,45세,중상
2014103000100555,2014년 10월 30일 20시,목요일,충청남도 홍성군 홍성읍,중상사고,0,3,0,0,차대차 - 측면직각충돌,교차로운행방법위반,건조,맑음,교차로 - 교차로안,승용,남,37세,상해없음,승용,남,60세,중상
2014103000100590,2014년 10월 30일 21시,목요일,충청남도 논산시 벌곡면,중상사고,0,1,0,0,차대차 - 측면직각충돌,안전운전불이행,건조,맑음,교차로 - 교차로부근,기타불명,기타불명,기타불명,기타불명,자전거,남,63세,중상
2014103000100622,2014년 10월 30일 22시,목요일,충청남도 천안시 동남구 목천읍,사망사고,1,0,0,0,차대사람 - 차도통행중,안전운전불이행,건조,맑음,단일로 - 기타,이륜,남,61세,상해없음,보행자,여,86세,사망
2014103000100669,2014년 10월 30일 23시,목요일,충청남도 논산시 강산동,경상사고,0,0,2,0,차대차 - 추돌 - 진행중,안전운전불이행,건조,흐림,교차로 - 교차로부근,화물,남,40세,상해없음,화물,남,47세,경상
2014103100100112,2014년 10월 31일 07시,금요일,충청남도 천안시 서북구 쌍용동,경상사고,0,0,2,0,차대차 - 추돌 - 주정차중,안전운전불이행,건조,맑음,단일로 - 기타,승용,남,55세,상해없음,승용,남,33세,경상
2014103100100144,2014년 10월 31일 08시,금요일,충청남도 부여군 장암면,중상사고,0,1,0,0,차대사람 - 횡단중,보행자보호의무위반,습기,비,단일로 - 횡단보도상,승용,남,47세,상해없음,보행자,남,9세,중상
2014103100100180,2014년 10월 31일 09시,금요일,충청남도 천안시 동남구 구성동,경상사고,0,0,1,0,차대차 - 측면직각충돌,안전운전불이행,습기,비,교차로 - 교차로부근,승용,남,67세,상해없음,승용,여,40세,경상
2014103100100201,2014년 10월 31일 10시,금요일,충청남도 예산군 고덕면,경상사고,0,0,1,0,차대사람 - 기타,안전운전불이행,습기,비,단일로 - 기타,승용,남,54세,상해없음,보행자,여,75세,경상
2014103100100202,2014년 10월 31일 10시,금요일,충청남도 청양군 대치면,경상사고,0,0,2,0,차대차 - 기타,중앙선침범,습기,비,단일로 - 기타,승용,남,41세,상해없음,승용,여,46세,경상
2014103100100232,2014년 10월 31일 11시,금요일,충청남도 홍성군 홍성읍,사망사고,1,2,2,0,차대차 - 기타,신호위반,습기,비,교차로 - 교차로안,화물,남,68세,사망,승용,남,36세,경상
2014103100100255,2014년 10월 31일 12시,금요일,충청남도 태안군 고남면,중상사고,0,1,0,0,차대사람 - 길가장자리구역통행중,안전운전불이행,습기,비,단일로 - 기타,화물,남,41세,상해없음,보행자,남,74세,중상
2014103100100256,2014년 10월 31일 12시,금요일,충청남도 공주시 의당면,중상사고,0,1,0,0,차량단독 - 공작물충돌,안전운전불이행,습기,비,단일로 - 기타,승용,남,55세,중상,,,,
2014103100100257,2014년 10월 31일 12시,금요일,충청남도 예산군 광시면,경상사고,0,0,1,0,차대차 - 기타,기타,습기,비,교차로 - 교차로안,이륜,남,52세,경상,승용,남,63세,상해없음
2014103100100336,2014년 10월 31일 15시,금요일,충청남도 부여군 초촌면,사망사고,1,0,1,0,차량단독 - 공작물충돌,안전운전불이행,습기,비,단일로 - 기타,화물,남,28세,상해없음,,,,
2014103100100408,2014년 10월 31일 17시,금요일,충청남도 서산시 예천동,경상사고,0,0,1,0,차대차 - 측면직각충돌,안전운전불이행,습기,비,단일로 - 기타,원동기,남,18세,경상,승용,여,31세,상해없음
2014103100100409,2014년 10월 31일 17시,금요일,충청남도 부여군 옥산면,중상사고,0,1,1,0,차량단독 - 공작물충돌,안전운전불이행,습기,비,단일로 - 기타,화물,남,46세,경상,,,,
2014103100100410,2014년 10월 31일 17시,금요일,충청남도 당진시 채운동,경상사고,0,0,2,0,차대차 - 측면직각충돌,안전운전불이행,습기,비,단일로 - 기타,승용,남,41세,상해없음,승용,여,28세,경상
2014103100100481,2014년 10월 31일 18시,금요일,충청남도 천안시 서북구 신당동,경상사고,0,0,1,0,차대차 - 추돌 - 주정차중,안전운전불이행,습기,비,단일로 - 기타,승용,남,29세,상해없음,승용,남,32세,경상
2014103100100482,2014년 10월 31일 18시,금요일,충청남도 공주시 산성동,경상사고,0,0,1,0,차대차 - 측면직각충돌,교차로운행방법위반,습기,비,교차로 - 교차로안,승용,남,47세,상해없음,승용,여,59세,경상
2014103100100483,2014년 10월 31일 18시,금요일,충청남도 천안시 동남구 신방동,경상사고,0,0,1,0,차대차 - 추돌 - 진행중,안전운전불이행,습기,비,교차로 - 교차로안,승합,남,62세,상해없음,승용,여,55세,경상
2014103100100484,2014년 10월 31일 18시,금요일,충청남도 천안시 동남구 대흥동,중상사고,0,1,0,0,차대사람 - 횡단중,안전운전불이행,습기,비,단일로 - 기타,승용,남,24세,상해없음,보행자,남,55세,중상
2014103100100485,2014년 10월 31일 18시,금요일,충청남도 천안시 동남구 목천읍,경상사고,0,0,1,0,차대차 - 추돌 - 진행중,안전운전불이행,건조,맑음,단일로 - 기타,승용,남,39세,상해없음,승용,여,51세,경상
2014103100100566,2014년 10월 31일 19시,금요일,충청남도 서산시 읍내동,경상사고,0,0,1,0,차대차 - 측면직각충돌,직진우회전진행방해,습기,맑음,교차로 - 교차로안,승용,남,50세,상해없음,승용,여,45세,경상
2014103100100567,2014년 10월 31일 19시,금요일,충청남도 천안시 서북구 두정동,중상사고,0,1,0,0,차대사람 - 보도통행중,보행자보호의무위반,습기,비,교차로 - 교차로안,승용,여,40세,상해없음,보행자,여,25세,중상
2014103100100568,2014년 10월 31일 19시,금요일,충청남도 홍성군 홍성읍,경상사고,0,0,1,0,차대사람 - 횡단중,안전운전불이행,습기,비,단일로 - 기타,승용,남,41세,상해없음,보행자,여,17세,경상
2014103100100569,2014년 10월 31일 19시,금요일,충청남도 공주시 산성동,경상사고,0,0,4,0,차대차 - 추돌 - 진행중,안전운전불이행,습기,비,단일로 - 기타,화물,남,52세,상해없음,승용,남,38세,경상
2014103100100638,2014년 10월 31일 20시,금요일,충청남도 당진시 채운동,경상사고,0,0,1,0,차대차 - 정면충돌,교차로운행방법위반,건조,흐림,교차로 - 교차로안,승용,남,59세,상해없음,승용,남,31세,경상
2014103100100687,2014년 10월 31일 21시,금요일,충청남도 태안군 남면,사망사고,1,1,0,0,차대사람 - 길가장자리구역통행중,안전운전불이행,습기,비,단일로 - 기타,화물,남,53세,상해없음,보행자,여,68세,사망
2014103100100688,2014년 10월 31일 21시,금요일,충청남도 천안시 서북구 쌍용동,중상사고,0,1,2,0,차대차 - 추돌 - 주정차중,안전운전불이행,건조,맑음,단일로 - 기타,승용,남,49세,상해없음,승용,남,58세,중상
2014103100100689,2014년 10월 31일 21시,금요일,충청남도 천안시 서북구 직산읍,경상사고,0,0,2,0,차대차 - 기타,안전운전불이행,습기,비,교차로 - 교차로부근,승용,남,45세,상해없음,승용,여,51세,상해없음
2014103100100690,2014년 10월 31일 21시,금요일,충청남도 부여군 규암면,경상사고,0,0,1,0,차량단독 - 전도전복,안전운전불이행,습기,비,단일로 - 기타,승용,남,63세,경상,,,,
2014103100100691,2014년 10월 31일 21시,금요일,충청남도 당진시 송악읍,경상사고,0,0,2,0,차대차 - 측면직각충돌,교차로운행방법위반,건조,맑음,교차로 - 교차로부근,승용,남,31세,상해없음,승용,남,25세,경상
2014103100100733,2014년 10월 31일 22시,금요일,충청남도 천안시 서북구 성환읍,중상사고,0,2,0,0,차대사람 - 기타,안전운전불이행,습기,비,교차로 - 교차로부근,승용,여,43세,상해없음,보행자,여,54세,중상
2014103100100734,2014년 10월 31일 22시,금요일,충청남도 논산시 연무읍,중상사고,0,1,0,0,차량단독 - 공작물충돌,안전운전불이행,습기,비,단일로 - 기타,승용,여,61세,중상,,,,
2014103100100778,2014년 10월 31일 23시,금요일,충청남도 천안시 서북구 두정동,경상사고,0,0,1,0,차대사람 - 기타,안전운전불이행,건조,맑음,단일로 - 기타,승용,남,26세,상해없음,보행자,남,29세,경상
2014110100100014,2014년 11월 1일 00시,토요일,충청남도 아산시 모종동,경상사고,0,0,3,0,차대차 - 추돌 - 주정차중,안전운전불이행,건조,맑음,교차로 - 교차로부근,승용,여,43세,상해없음,승용,남,29세,경상
2014110100100088,2014년 11월 1일 02시,토요일,충청남도 서산시 읍내동,중상사고,0,1,0,0,차량단독 - 공작물충돌,안전운전불이행,건조,맑음,교차로 - 교차로안,승용,남,27세,중상,,,,
2014110100100089,2014년 11월 1일 02시,토요일,충청남도 논산시 등화동,경상사고,0,0,1,0,차대차 - 기타,신호위반,습기,비,교차로 - 교차로안,승용,남,32세,기타불명,화물,남,57세,경상
2014110100100090,2014년 11월 1일 02시,토요일,충청남도 아산시 배방읍,중상사고,0,1,0,0,차량단독 - 도로외이탈 - 기타,안전운전불이행,습기,비,단일로 - 기타,승용,남,35세,중상,,,,
2014110100100091,2014년 11월 1일 02시,토요일,충청남도 당진시 읍내리,중상사고,0,1,0,0,차대사람 - 길가장자리구역통행중,안전운전불이행,건조,맑음,교차로 - 교차로안,승용,남,40세,상해없음,보행자,남,38세,중상
2014110100100137,2014년 11월 1일 04시,토요일,충청남도 공주시 신관동,사망사고,2,3,0,0,차량단독 - 공작물충돌,과속,습기,흐림,단일로 - 기타,승용,남,22세,사망,,,,
2014110100100160,2014년 11월 1일 06시,토요일,충청남도 논산시 연무읍,중상사고,0,1,0,0,차대차 - 측면직각충돌,교차로운행방법위반,습기,비,교차로 - 교차로안,화물,남,57세,상해없음,이륜,여,58세,중상
2014110100100189,2014년 11월 1일 08시,토요일,충청남도 천안시 서북구 성환읍,중상사고,0,1,0,0,차대차 - 측면직각충돌,교차로운행방법위반,습기,비,교차로 - 교차로안,승용,남,39세,상해없음,이륜,남,74세,중상
2014110100100190,2014년 11월 1일 08시,토요일,충청남도 공주시 웅진동,중상사고,0,1,1,0,차대차 - 정면충돌,안전운전불이행,습기,비,교차로 - 교차로안,화물,남,34세,상해없음,승용,남,27세,경상
2014110100100215,2014년 11월 1일 09시,토요일,충청남도 예산군 예산읍,경상사고,0,0,1,0,차대차 - 기타,직진우회전진행방해,습기,흐림,교차로 - 교차로안,건설기계,남,68세,상해없음,이륜,남,32세,경상
2014110100100216,2014년 11월 1일 09시,토요일,충청남도 예산군 덕산면,경상사고,0,0,1,0,차대차 - 추돌 - 주정차중,안전운전불이행,건조,맑음,교차로 - 교차로부근,승용,남,72세,상해없음,승용,여,32세,경상
2014110100100282,2014년 11월 1일 11시,토요일,충청남도 보령시 동대동,중상사고,0,1,0,0,차대차 - 측면직각충돌,신호위반,건조,맑음,교차로 - 교차로안,이륜,남,64세,중상,화물,남,58세,상해없음
2014110100100342,2014년 11월 1일 13시,토요일,충청남도 천안시 동남구 영성동,중상사고,0,1,1,0,차대사람 - 기타,안전운전불이행,건조,맑음,단일로 - 기타,승용,남,77세,상해없음,보행자,여,82세,중상
2014110100100372,2014년 11월 1일 14시,토요일,충청남도 서산시 석남동,경상사고,0,0,1,0,차대차 - 추돌 - 진행중,안전거리미확보,건조,맑음,단일로 - 기타,승용,여,50세,상해없음,승용,여,25세,경상
2014110100100406,2014년 11월 1일 15시,토요일,충청남도 천안시 서북구 두정동,경상사고,0,0,1,0,차대차 - 측면직각충돌,직진우회전진행방해,건조,맑음,교차로 - 교차로안,화물,남,22세,상해없음,승용,여,27세,경상
2014110100100430,2014년 11월 1일 16시,토요일,충청남도 보령시 성주면,경상사고,0,0,3,0,차대차 - 측면직각충돌,중앙선침범,건조,맑음,단일로 - 터널,승용,남,21세,경상,승용,남,49세,경상
2014110100100431,2014년 11월 1일 16시,토요일,충청남도 당진시 신평면,부상신고사고,0,0,0,1,차대사람 - 기타,안전운전불이행,건조,맑음,기타 - 기타,기타불명,기타불명,기타불명,기타불명,보행자,여,51세,부상신고
2014110100100432,2014년 11월 1일 16시,토요일,충청남도 금산군 군북면,경상사고,0,0,1,0,차대차 - 기타,교차로운행방법위반,건조,맑음,교차로 - 교차로안,승용,여,35세,상해없음,승용,여,39세,경상
2014110100100433,2014년 11월 1일 16시,토요일,충청남도 천안시 동남구 광덕면,경상사고,0,0,2,0,차대차 - 추돌 - 주정차중,안전운전불이행,건조,맑음,교차로 - 교차로부근,화물,남,70세,상해없음,승용,남,30세,경상
2014110100100468,2014년 11월 1일 17시,토요일,충청남도 천안시 동남구 신방동,경상사고,0,0,1,0,차대차 - 측면직각충돌,교차로운행방법위반,건조,맑음,교차로 - 교차로안,승용,여,28세,상해없음,승용,남,48세,상해없음
2014110100100525,2014년 11월 1일 18시,토요일,충청남도 아산시 용화동,경상사고,0,0,1,0,차대사람 - 보도통행중,보행자보호의무위반,건조,맑음,단일로 - 횡단보도상,승용,여,42세,상해없음,보행자,여,15세,경상
2014110100100526,2014년 11월 1일 18시,토요일,충청남도 서천군 마서면,경상사고,0,0,1,0,차대차 - 기타,안전거리미확보,건조,맑음,단일로 - 기타,승용,남,25세,상해없음,자전거,남,51세,경상
2014110100100529,2014년 11월 1일 18시,토요일,충청남도 서산시 해미면,경상사고,0,0,1,0,차대차 - 추돌 - 진행중,안전운전불이행,건조,맑음,단일로 - 기타,승용,여,29세,상해없음,승용,여,53세,경상
2014110100100577,2014년 11월 1일 19시,토요일,충청남도 당진시 고대면,중상사고,0,1,0,0,차대사람 - 기타,안전운전불이행,건조,맑음,단일로 - 기타,특수,남,64세,상해없음,보행자,여,80세,중상
2014110100100616,2014년 11월 1일 20시,토요일,충청남도 공주시 중동,경상사고,0,0,1,0,차대차 - 측면직각충돌,안전운전불이행,습기,흐림,단일로 - 기타,승용,여,40세,상해없음,이륜,남,21세,경상
2014110100100617,2014년 11월 1일 20시,토요일,충청남도 천안시 동남구 청당동,경상사고,0,0,1,0,차대차 - 측면직각충돌,신호위반,건조,맑음,교차로 - 교차로안,승용,여,63세,상해없음,승용,여,38세,경상
2014110100100674,2014년 11월 1일 22시,토요일,충청남도 서산시 동문동,경상사고,0,0,1,0,차대사람 - 기타,안전운전불이행,건조,맑음,단일로 - 기타,승합,남,45세,상해없음,보행자,남,71세,경상
2014110100100691,2014년 11월 1일 23시,토요일,충청남도 서산시 예천동,경상사고,0,0,1,0,차대차 - 추돌 - 주정차중,안전거리미확보,건조,맑음,단일로 - 기타,화물,남,59세,상해없음,승용,남,31세,경상
2014110100100692,2014년 11월 1일 23시,토요일,충청남도 아산시 온천동,경상사고,0,0,1,0,차대사람 - 기타,안전운전불이행,건조,맑음,단일로 - 기타,승용,남,22세,상해없음,보행자,남,29세,경상
2014110200100057,2014년 11월 2일 02시,일요일,충청남도 서산시 음암면,경상사고,0,0,1,0,차대차 - 추돌 - 주정차중,안전운전불이행,건조,맑음,단일로 - 기타,화물,남,75세,경상,화물,남,42세,상해없음
2014110200100058,2014년 11월 2일 02시,일요일,충청남도 천안시 서북구 성정동,경상사고,0,0,2,0,차대차 - 기타,신호위반,건조,맑음,교차로 - 교차로안,승용,여,27세,상해없음,승용,남,45세,경상
2014110200100083,2014년 11월 2일 04시,일요일,충청남도 서산시 읍내동,중상사고,0,1,0,0,차대사람 - 기타,안전운전불이행,건조,흐림,단일로 - 기타,승용,남,39세,상해없음,보행자,남,18세,중상
2014110200100084,2014년 11월 2일 04시,일요일,충청남도 천안시 서북구 쌍용동,경상사고,0,0,1,0,차대차 - 기타,안전운전불이행,습기,비,교차로 - 교차로부근,승용,남,22세,상해없음,승용,여,33세,경상
2014110200100202,2014년 11월 2일 11시,일요일,충청남도 예산군 덕산면,경상사고,0,0,4,0,차대차 - 측면직각충돌,직진우회전진행방해,습기,비,교차로 - 교차로안,승용,남,65세,상해없음,승합,남,34세,경상
2014110200100220,2014년 11월 2일 12시,일요일,충청남도 서천군 마서면,경상사고,0,0,1,0,차대차 - 기타,직진우회전진행방해,습기,흐림,교차로 - 교차로안,승용,남,44세,상해없음,원동기,남,65세,경상
2014110200100221,2014년 11월 2일 12시,일요일,충청남도 당진시 송악읍,경상사고,0,0,1,0,차대차 - 측면직각충돌,안전운전불이행,건조,맑음,단일로 - 기타,승용,남,43세,상해없음,승용,남,55세,경상
2014110200100241,2014년 11월 2일 13시,일요일,충청남도 아산시 인주면,중상사고,0,1,2,0,차대차 - 추돌 - 주정차중,안전운전불이행,건조,맑음,교차로 - 교차로부근,승합,남,56세,상해없음,승용,남,61세,경상
2014110200100268,2014년 11월 2일 14시,일요일,충청남도 태안군 태안읍,경상사고,0,0,5,0,차대차 - 측면직각충돌,기타,건조,맑음,교차로 - 교차로안,승용,여,63세,경상,승용,남,40세,경상
2014110200100270,2014년 11월 2일 14시,일요일,충청남도 당진시 송악읍,경상사고,0,0,1,0,차대차 - 추돌 - 진행중,안전운전불이행,건조,맑음,단일로 - 기타,승합,남,54세,상해없음,승용,남,52세,경상
2014110200100343,2014년 11월 2일 16시,일요일,충청남도 공주시 신관동,중상사고,0,1,0,0,차대사람 - 횡단중,안전운전불이행,건조,흐림,단일로 - 기타,승용,남,52세,상해없음,보행자,남,7세,중상
2014110200100344,2014년 11월 2일 16시,일요일,충청남도 부여군 외산면,사망사고,1,1,0,0,차대차 - 정면충돌,중앙선침범,건조,맑음,단일로 - 기타,화물,남,53세,사망,화물,남,47세,중상
2014110200100378,2014년 11월 2일 17시,일요일,충청남도 서산시 해미면,경상사고,0,0,2,3,차대차 - 추돌 - 주정차중,안전운전불이행,건조,맑음,단일로 - 기타,승용,남,41세,상해없음,승용,남,22세,부상신고
2014110200100379,2014년 11월 2일 17시,일요일,충청남도 아산시 음봉면,경상사고,0,0,1,0,차대사람 - 길가장자리구역통행중,안전운전불이행,건조,맑음,단일로 - 기타,승용,남,67세,상해없음,보행자,남,20세,경상
2014110200100426,2014년 11월 2일 18시,일요일,충청남도 천안시 동남구 북면,사망사고,1,0,0,0,차대차 - 기타,안전운전불이행,건조,맑음,단일로 - 기타,화물,남,60세,상해없음,이륜,남,54세,사망
2014110200100467,2014년 11월 2일 19시,일요일,충청남도 계룡시 두마면,중상사고,0,2,0,0,차대차 - 측면직각충돌,신호위반,건조,맑음,교차로 - 교차로안,승용,남,48세,중상,승용,남,32세,중상
2014110200100468,2014년 11월 2일 19시,일요일,충청남도 아산시 온천동,경상사고,0,0,1,0,차대차 - 측면직각충돌,신호위반,건조,맑음,교차로 - 교차로안,승용,남,18세,상해없음,승용,남,57세,경상
2014110200100513,2014년 11월 2일 20시,일요일,충청남도 서천군 서천읍,중상사고,0,1,5,0,차대차 - 기타,직진우회전진행방해,건조,맑음,교차로 - 교차로안,승용,여,54세,경상,승용,여,57세,상해없음
2014110200100514,2014년 11월 2일 20시,일요일,충청남도 천안시 서북구 성거읍,경상사고,0,0,2,0,차대차 - 측면직각충돌,안전거리미확보,건조,맑음,단일로 - 기타,승용,기타불명,기타불명,기타불명,승용,남,35세,경상
2014110200100541,2014년 11월 2일 21시,일요일,충청남도 천안시 서북구 불당동,중상사고,0,1,0,0,차대사람 - 횡단중,안전운전불이행,건조,맑음,단일로 - 기타,승용,남,61세,상해없음,보행자,남,38세,중상
2014110200100542,2014년 11월 2일 21시,일요일,충청남도 아산시 영인면,경상사고,0,0,2,0,차대차 - 추돌 - 주정차중,안전운전불이행,건조,맑음,교차로 - 교차로부근,승용,남,38세,상해없음,승용,남,27세,경상
2014110300100032,2014년 11월 3일 03시,월요일,충청남도 천안시 서북구 업성동,중상사고,0,2,1,0,차대차 - 측면직각충돌,신호위반,건조,맑음,교차로 - 교차로안,승용,여,28세,상해없음,화물,남,62세,경상
2014110300100033,2014년 11월 3일 03시,월요일,충청남도 홍성군 갈산면,부상신고사고,0,0,0,1,차대사람 - 보도통행중,안전운전불이행,건조,맑음,단일로 - 기타,기타불명,기타불명,기타불명,기타불명,보행자,남,55세,부상신고
2014110300100044,2014년 11월 3일 05시,월요일,충청남도 천안시 서북구 업성동,경상사고,0,0,2,0,차대차 - 추돌 - 주정차중,안전운전불이행,건조,맑음,교차로 - 교차로부근,화물,남,47세,상해없음,화물,남,69세,경상
2014110300100080,2014년 11월 3일 07시,월요일,충청남도 청양군 대치면,중상사고,0,3,0,0,차대차 - 측면직각충돌,신호위반,건조,맑음,교차로 - 교차로안,승용,여,41세,중상,화물,남,57세,상해없음
2014110300100081,2014년 11월 3일 07시,월요일,충청남도 논산시 연무읍,사망사고,1,0,0,0,차대사람 - 기타,안전운전불이행,건조,맑음,단일로 - 기타,화물,남,51세,상해없음,보행자,남,36세,사망
2014110300100124,2014년 11월 3일 08시,월요일,충청남도 서산시 석남동,경상사고,0,0,1,0,차대사람 - 횡단중,안전운전불이행,건조,맑음,교차로 - 교차로안,승용,여,46세,상해없음,보행자,여,32세,경상
2014110300100125,2014년 11월 3일 08시,월요일,충청남도 부여군 부여읍,중상사고,0,1,0,0,차대차 - 측면직각충돌,안전운전불이행,건조,맑음,교차로 - 교차로안,승용,남,55세,상해없음,자전거,남,7세,중상
2014110300100154,2014년 11월 3일 09시,월요일,충청남도 태안군 태안읍,중상사고,0,1,0,0,차대차 - 측면직각충돌,교차로운행방법위반,건조,맑음,교차로 - 교차로안,이륜,남,76세,중상,승용,여,53세,상해없음
2014110300100155,2014년 11월 3일 09시,월요일,충청남도 당진시 합덕읍,경상사고,0,0,1,0,차대차 - 측면직각충돌,안전운전불이행,건조,맑음,교차로 - 교차로안,승용,남,51세,상해없음,농기계,남,69세,경상
2014110300100221,2014년 11월 3일 11시,월요일,충청남도 천안시 동남구 원성동,중상사고,0,1,1,0,차대차 - 기타,안전운전불이행,건조,맑음,교차로 - 교차로부근,화물,남,63세,상해없음,승합,남,54세,상해없음
2014110300100245,2014년 11월 3일 12시,월요일,충청남도 논산시 부적면,경상사고,0,0,2,0,차대차 - 추돌 - 주정차중,안전운전불이행,건조,맑음,교차로 - 교차로부근,승용,여,54세,상해없음,화물,여,29세,경상
2014110300100278,2014년 11월 3일 13시,월요일,충청남도 보령시 궁촌동,중상사고,0,1,0,0,차량단독 - 기타,안전운전불이행,건조,맑음,단일로 - 기타,이륜,남,56세,중상,,,,
2014110300100313,2014년 11월 3일 14시,월요일,충청남도 서산시 음암면,경상사고,0,0,1,0,차대차 - 기타,안전운전불이행,건조,맑음,단일로 - 기타,화물,남,46세,상해없음,자전거,남,71세,경상
2014110300100314,2014년 11월 3일 14시,월요일,충청남도 천안시 동남구 신방동,중상사고,0,2,1,0,차대차 - 추돌 - 주정차중,안전운전불이행,건조,맑음,단일로 - 기타,화물,남,46세,기타불명,승용,남,28세,중상
2014110300100353,2014년 11월 3일 15시,월요일,충청남도 서산시 읍내동,중상사고,0,1,0,0,차대사람 - 횡단중,보행자보호의무위반,건조,맑음,교차로 - 교차로부근,승용,남,82세,상해없음,보행자,여,64세,중상
2014110300100354,2014년 11월 3일 15시,월요일,충청남도 홍성군 홍성읍,중상사고,0,2,0,0,차대차 - 기타,교차로운행방법위반,건조,맑음,교차로 - 교차로안,화물,남,65세,상해없음,승용,여,41세,중상
2014110300100355,2014년 11월 3일 15시,월요일,충청남도 부여군 부여읍,중상사고,0,1,0,0,차대차 - 기타,교차로운행방법위반,건조,맑음,교차로 - 교차로안,승용,여,59세,상해없음,승용,남,71세,중상
2014110300100356,2014년 11월 3일 15시,월요일,충청남도 당진시 순성면,경상사고,0,0,1,0,차대차 - 기타,안전운전불이행,건조,맑음,단일로 - 기타,승용,여,40세,상해없음,농기계,남,60세,경상
2014110300100357,2014년 11월 3일 15시,월요일,충청남도 천안시 동남구 목천읍,부상신고사고,0,0,0,1,차대차 - 기타,안전운전불이행,건조,맑음,단일로 - 기타,자전거,남,77세,부상신고,화물,남,58세,상해없음
2014110300100399,2014년 11월 3일 16시,월요일,충청남도 예산군 예산읍,경상사고,0,0,1,0,차대차 - 기타,안전운전불이행,건조,맑음,단일로 - 기타,이륜,여,56세,경상,승용,남,66세,상해없음
2014110300100429,2014년 11월 3일 17시,월요일,충청남도 서산시 해미면,중상사고,0,1,0,0,차량단독 - 공작물충돌,안전운전불이행,건조,맑음,단일로 - 기타,화물,남,54세,중상,,,,
2014110300100430,2014년 11월 3일 17시,월요일,충청남도 서산시 고북면,중상사고,0,3,3,0,차대차 - 정면충돌,신호위반,건조,맑음,교차로 - 교차로안,승용,여,46세,경상,화물,남,57세,경상
2014110300100431,2014년 11월 3일 17시,월요일,충청남도 태안군 고남면,중상사고,0,1,0,0,차대사람 - 길가장자리구역통행중,안전운전불이행,건조,맑음,단일로 - 기타,승용,남,69세,상해없음,보행자,여,76세,중상
2014110300100483,2014년 11월 3일 18시,월요일,충청남도 태안군 태안읍,중상사고,0,1,0,0,차대사람 - 횡단중,신호위반,건조,맑음,교차로 - 교차로안,승용,여,36세,상해없음,보행자,여,57세,중상
2014110300100484,2014년 11월 3일 18시,월요일,충청남도 계룡시 금암동,경상사고,0,0,1,0,차대차 - 추돌 - 진행중,기타,건조,맑음,교차로 - 교차로안,화물,남,59세,상해없음,승용,남,35세,경상
2014110300100485,2014년 11월 3일 18시,월요일,충청남도 예산군 응봉면,중상사고,0,1,1,0,차대차 - 정면충돌,신호위반,건조,맑음,교차로 - 교차로안,승용,남,72세,경상,승용,남,62세,중상
2014110300100486,2014년 11월 3일 18시,월요일,충청남도 부여군 부여읍,경상사고,0,0,1,0,차대차 - 추돌 - 진행중,과속,건조,맑음,단일로 - 교량,승용,남,54세,상해없음,이륜,남,55세,경상
2014110300100487,2014년 11월 3일 18시,월요일,충청남도 당진시 송산면,중상사고,0,1,0,0,차대사람 - 기타,안전운전불이행,건조,기타,단일로 - 횡단보도부근,승용,남,52세,상해없음,보행자,여,77세,중상
2014110300100538,2014년 11월 3일 19시,월요일,충청남도 천안시 서북구 두정동,경상사고,0,0,1,0,차대차 - 기타,신호위반,건조,맑음,교차로 - 교차로안,승용,여,50세,상해없음,승용,남,50세,경상
2014110300100576,2014년 11월 3일 20시,월요일,충청남도 홍성군 홍성읍,중상사고,0,1,0,0,차대사람 - 기타,안전운전불이행,건조,맑음,단일로 - 기타,승용,남,68세,상해없음,보행자,남,55세,중상
2014110300100577,2014년 11월 3일 20시,월요일,충청남도 아산시 풍기동,경상사고,0,0,1,0,차대차 - 추돌 - 주정차중,안전운전불이행,건조,맑음,교차로 - 교차로부근,승합,남,59세,상해없음,화물,남,43세,경상
2014110300100578,2014년 11월 3일 20시,월요일,충청남도 보령시 주포면,경상사고,0,0,1,0,차대차 - 기타,직진우회전진행방해,건조,맑음,교차로 - 교차로안,특수,남,58세,상해없음,승용,남,49세,상해없음
2014110300100609,2014년 11월 3일 21시,월요일,충청남도 논산시 내동,중상사고,0,1,0,0,차대차 - 기타,교차로운행방법위반,건조,맑음,교차로 - 교차로안,승용,남,41세,상해없음,이륜,남,21세,중상
2014110300100634,2014년 11월 3일 22시,월요일,충청남도 태안군 태안읍,경상사고,0,0,1,0,차대차 - 측면직각충돌,안전운전불이행,건조,맑음,교차로 - 교차로안,이륜,남,16세,경상,승용,남,55세,상해없음