사고번호,사고일시,요일,시군구,사고내용,사망자수,중상자수,경상자수,부상신고자수,사고유형,법규위반,노면상태,기상상태,도로형태,가해운전자 차종,가해운전자 성별,가해운전자 연령,가해운전자 상해정도,피해운전자 차종,피해운전자 성별,피해운전자 연령,피해운전자 상해정도
2014110300100660,2014년 11월 3일 23시,월요일,충청남도 태안군 태안읍,경상사고,0,0,1,0,차량단독 - 공작물충돌,안전운전불이행,건조,맑음,교차로 - 교차로안,승용,남,38세,경상,,,,
2014110300100661,2014년 11월 3일 23시,월요일,충청남도 천안시 서북구 두정동,중상사고,0,2,0,0,차대사람 - 횡단중,안전운전불이행,건조,맑음,단일로 - 기타,승용,남,55세,상해없음,보행자,남,57세,중상
2014110400100060,2014년 11월 4일 06시,화요일,충청남도 천안시 서북구 성정동,경상사고,0,0,1,0,차대차 - 측면직각충돌,안전운전불이행,건조,맑음,교차로 - 교차로안,승용,남,30세,상해없음,화물,남,48세,경상
2014110400100061,2014년 11월 4일 06시,화요일,충청남도 천안시 동남구 봉명동,경상사고,0,0,2,0,차대차 - 추돌 - 주정차중,안전운전불이행,건조,맑음,단일로 - 기타,승용,남,53세,상해없음,승용,남,66세,경상
2014110400100087,2014년 11월 4일 07시,화요일,충청남도 천안시 서북구 성거읍,중상사고,0,1,0,0,차대차 - 추돌 - 진행중,안전운전불이행,건조,맑음,단일로 - 기타,승용,남,46세,상해없음,원동기,남,76세,중상
2014110400100088,2014년 11월 4일 07시,화요일,충청남도 천안시 서북구 성정동,경상사고,0,0,1,0,차대사람 - 보도통행중,안전운전불이행,건조,맑음,단일로 - 기타,승용,남,20세,상해없음,보행자,여,20세,경상
2014110400100089,2014년 11월 4일 07시,화요일,충청남도 서천군 서천읍,중상사고,0,1,0,0,차대차 - 측면직각충돌,안전거리미확보,건조,맑음,단일로 - 기타,승용,여,44세,상해없음,화물,남,56세,상해없음
2014110400100090,2014년 11월 4일 07시,화요일,충청남도 금산군 금산읍,경상사고,0,0,2,0,차대차 - 기타,교차로운행방법위반,건조,맑음,교차로 - 교차로안,승용,남,64세,상해없음,이륜,남,71세,경상
2014110400100091,2014년 11월 4일 07시,화요일,충청남도 천안시 동남구 대흥동,경상사고,0,0,1,0,차대사람 - 횡단중,안전운전불이행,건조,맑음,단일로 - 기타,승용,남,48세,상해없음,보행자,여,54세,경상
2014110400100145,2014년 11월 4일 08시,화요일,충청남도 천안시 서북구 성정동,경상사고,0,0,1,0,차대차 - 측면직각충돌,안전운전불이행,건조,맑음,단일로 - 기타,승용,남,29세,상해없음,승용,남,46세,상해없음
2014110400100146,2014년 11월 4일 08시,화요일,충청남도 천안시 서북구 두정동,경상사고,0,0,2,0,차대차 - 기타,안전운전불이행,건조,맑음,교차로 - 교차로부근,건설기계,남,58세,상해없음,승용,여,49세,경상
2014110400100147,2014년 11월 4일 08시,화요일,충청남도 논산시 상월면,경상사고,0,0,1,0,차대차 - 추돌 - 주정차중,안전운전불이행,건조,맑음,교차로 - 교차로부근,승용,남,19세,상해없음,승용,남,32세,경상
2014110400100195,2014년 11월 4일 09시,화요일,충청남도 논산시 취암동,중상사고,0,1,0,0,차대사람 - 보도통행중,기타,건조,맑음,단일로 - 기타,이륜,여,60세,상해없음,보행자,여,5세,중상
2014110400100220,2014년 11월 4일 10시,화요일,충청남도 홍성군 홍성읍,경상사고,0,0,1,0,차대차 - 측면직각충돌,안전거리미확보,건조,맑음,교차로 - 교차로안,원동기,여,56세,경상,승용,남,72세,상해없음
2014110400100255,2014년 11월 4일 11시,화요일,충청남도 천안시 동남구 신부동,경상사고,0,0,2,0,차대차 - 기타,안전운전불이행,건조,맑음,기타 - 기타,승용,여,59세,상해없음,승용,남,23세,경상
2014110400100284,2014년 11월 4일 12시,화요일,충청남도 논산시 연무읍,중상사고,0,1,0,0,차대사람 - 횡단중,안전운전불이행,건조,맑음,교차로 - 교차로안,승용,남,56세,상해없음,보행자,여,71세,중상
2014110400100323,2014년 11월 4일 13시,화요일,충청남도 태안군 남면,경상사고,0,0,2,0,차대차 - 정면충돌,안전운전불이행,건조,맑음,단일로 - 기타,화물,남,64세,경상,승용,남,71세,경상
2014110400100324,2014년 11월 4일 13시,화요일,충청남도 홍성군 홍성읍,경상사고,0,0,1,0,차대차 - 측면직각충돌,교차로운행방법위반,건조,맑음,교차로 - 교차로안,승용,남,27세,상해없음,승용,남,41세,경상
2014110400100325,2014년 11월 4일 13시,화요일,충청남도 보령시 성주면,중상사고,0,1,0,0,차대사람 - 기타,안전운전불이행,건조,맑음,교차로 - 교차로안,건설기계,남,58세,상해없음,보행자,여,70세,중상
2014110400100326,2014년 11월 4일 13시,화요일,충청남도 천안시 동남구 북면,경상사고,0,0,2,0,차대차 - 기타,중앙선침범,습기,맑음,단일로 - 기타,화물,남,59세,상해없음,승합,남,58세,경상
2014110400100351,2014년 11월 4일 14시,화요일,충청남도 당진시 대호지면,중상사고,0,1,0,0,차대차 - 측면직각충돌,안전운전불이행,건조,맑음,단일로 - 기타,건설기계,남,69세,상해없음,화물,남,64세,중상
2014110400100395,2014년 11월 4일 15시,화요일,충청남도 예산군 덕산면,중상사고,0,1,0,0,차대사람 - 횡단중,안전운전불이행,건조,맑음,교차로 - 교차로부근,승용,남,25세,상해없음,보행자,남,6세,중상
2014110400100396,2014년 11월 4일 15시,화요일,충청남도 당진시 채운동,경상사고,0,0,1,0,차량단독 - 기타,안전운전불이행,건조,맑음,교차로 - 교차로안,승합,남,67세,상해없음,,,,
2014110400100438,2014년 11월 4일 16시,화요일,충청남도 서산시 동문동,경상사고,0,0,1,0,차대차 - 기타,교차로운행방법위반,건조,맑음,교차로 - 교차로안,이륜,남,17세,경상,화물,남,62세,상해없음
2014110400100439,2014년 11월 4일 16시,화요일,충청남도 예산군 덕산면,중상사고,0,1,0,0,차대차 - 기타,안전운전불이행,건조,맑음,교차로 - 교차로안,승용,남,64세,상해없음,자전거,남,89세,중상
2014110400100488,2014년 11월 4일 17시,화요일,충청남도 서산시 대산읍,경상사고,0,0,2,0,차대차 - 추돌 - 주정차중,안전운전불이행,건조,맑음,단일로 - 기타,승용,남,52세,상해없음,승용,남,43세,경상
2014110400100489,2014년 11월 4일 17시,화요일,충청남도 논산시 화지동,중상사고,0,1,1,0,차대사람 - 기타,안전운전불이행,건조,맑음,단일로 - 기타,승용,남,59세,상해없음,보행자,여,34세,중상
2014110400100490,2014년 11월 4일 17시,화요일,충청남도 예산군 덕산면,중상사고,0,7,0,0,차대차 - 기타,안전운전불이행,건조,맑음,단일로 - 기타,승용,남,53세,기타불명,화물,남,46세,중상
2014110400100541,2014년 11월 4일 18시,화요일,충청남도 태안군 근흥면,경상사고,0,0,1,0,차대사람 - 보도통행중,보행자보호의무위반,건조,맑음,교차로 - 교차로안,승용,기타불명,기타불명,기타불명,보행자,여,60세,경상
2014110400100542,2014년 11월 4일 18시,화요일,충청남도 청양군 운곡면,사망사고,1,0,0,0,차대사람 - 기타,과속,건조,맑음,단일로 - 기타,화물,남,49세,상해없음,보행자,여,78세,사망
2014110400100590,2014년 11월 4일 19시,화요일,충청남도 서산시 지곡면,경상사고,0,0,1,0,차대차 - 기타,신호위반,건조,맑음,교차로 - 교차로안,승용,남,21세,상해없음,승용,남,45세,경상
2014110400100591,2014년 11월 4일 19시,화요일,충청남도 천안시 서북구 두정동,경상사고,0,0,1,0,차대차 - 기타,교차로운행방법위반,건조,맑음,교차로 - 교차로안,승합,여,32세,상해없음,승용,남,41세,경상
2014110400100592,2014년 11월 4일 19시,화요일,충청남도 금산군 추부면,경상사고,0,0,2,0,차대차 - 측면직각충돌,신호위반,건조,맑음,교차로 - 교차로안,승용,여,57세,경상,승용,여,46세,경상
2014110400100593,2014년 11월 4일 19시,화요일,충청남도 천안시 동남구 안서동,중상사고,0,1,0,0,차대사람 - 기타,안전운전불이행,건조,맑음,단일로 - 기타,기타불명,기타불명,기타불명,기타불명,보행자,여,20세,중상
2014110400100622,2014년 11월 4일 20시,화요일,충청남도 논산시 취암동,중상사고,0,1,0,0,차대사람 - 차도통행중,안전운전불이행,건조,맑음,교차로 - 교차로부근,승용,남,25세,상해없음,보행자,남,44세,중상
2014110400100658,2014년 11월 4일 21시,화요일,충청남도 서산시 인지면,사망사고,1,0,0,0,차대사람 - 기타,안전운전불이행,건조,맑음,교차로 - 교차로부근,화물,남,63세,상해없음,보행자,남,58세,사망
2014110400100659,2014년 11월 4일 21시,화요일,충청남도 천안시 서북구 쌍용동,경상사고,0,0,1,0,차대사람 - 기타,신호위반,건조,맑음,교차로 - 교차로안,이륜,남,17세,상해없음,보행자,여,47세,경상
2014110400100724,2014년 11월 4일 23시,화요일,충청남도 천안시 서북구 직산읍,경상사고,0,0,2,0,차대차 - 측면직각충돌,안전운전불이행,건조,맑음,교차로 - 교차로안,승용,남,49세,상해없음,승용,여,27세,경상
2014110500100052,2014년 11월 5일 03시,수요일,충청남도 부여군 규암면,경상사고,0,0,1,0,차량단독 - 기타,안전운전불이행,건조,맑음,단일로 - 기타,승용,남,27세,경상,,,,
2014110500100073,2014년 11월 5일 05시,수요일,충청남도 천안시 서북구 성정동,중상사고,0,1,0,0,차대차 - 측면직각충돌,안전운전불이행,건조,맑음,단일로 - 기타,자전거,남,76세,중상,승용,남,51세,상해없음
2014110500100168,2014년 11월 5일 08시,수요일,충청남도 천안시 동남구 북면,중상사고,0,2,2,0,차대차 - 추돌 - 진행중,안전운전불이행,건조,맑음,단일로 - 기타,승용,여,42세,경상,화물,남,72세,상해없음
2014110500100260,2014년 11월 5일 10시,수요일,충청남도 예산군 오가면,경상사고,0,0,4,1,차대차 - 정면충돌,안전운전불이행,건조,흐림,단일로 - 기타,화물,남,71세,상해없음,승합,남,33세,경상
2014110500100294,2014년 11월 5일 11시,수요일,충청남도 서산시 예천동,경상사고,0,0,2,0,차대차 - 측면직각충돌,신호위반,건조,맑음,교차로 - 교차로안,승용,여,44세,경상,화물,남,46세,경상
2014110500100295,2014년 11월 5일 11시,수요일,충청남도 공주시 의당면,중상사고,0,1,0,0,차대차 - 측면직각충돌,안전운전불이행,건조,맑음,교차로 - 교차로안,승용,남,48세,상해없음,원동기,남,72세,중상
2014110500100296,2014년 11월 5일 11시,수요일,충청남도 부여군 석성면,경상사고,0,0,1,0,차대차 - 측면직각충돌,신호위반,건조,맑음,교차로 - 교차로안,화물,남,72세,상해없음,화물,남,48세,경상
2014110500100327,2014년 11월 5일 12시,수요일,충청남도 부여군 임천면,중상사고,0,1,0,0,차대차 - 기타,교차로운행방법위반,건조,맑음,교차로 - 교차로안,이륜,남,88세,중상,화물,남,71세,상해없음
2014110500100408,2014년 11월 5일 15시,수요일,충청남도 보령시 신흑동,경상사고,0,0,1,1,차대차 - 추돌 - 주정차중,안전운전불이행,건조,맑음,기타 - 기타,승용,여,31세,상해없음,승용,남,25세,경상
2014110500100409,2014년 11월 5일 15시,수요일,충청남도 공주시 신관동,경상사고,0,0,1,0,차대차 - 측면직각충돌,안전운전불이행,건조,맑음,교차로 - 교차로안,원동기,남,16세,경상,승용,남,55세,상해없음
2014110500100410,2014년 11월 5일 15시,수요일,충청남도 논산시 연무읍,경상사고,0,0,5,0,차대차 - 추돌 - 진행중,안전운전불이행,건조,맑음,단일로 - 기타,화물,남,67세,상해없음,승용,남,58세,경상
2014110500100486,2014년 11월 5일 17시,수요일,충청남도 태안군 남면,중상사고,0,1,2,0,차대차 - 측면직각충돌,안전운전불이행,건조,맑음,단일로 - 기타,승용,여,20세,경상,화물,남,65세,중상
2014110500100487,2014년 11월 5일 17시,수요일,충청남도 태안군 태안읍,경상사고,0,0,3,0,차대차 - 측면직각충돌,직진우회전진행방해,건조,맑음,교차로 - 교차로안,화물,남,61세,경상,승용,남,59세,경상
2014110500100488,2014년 11월 5일 17시,수요일,충청남도 논산시 연무읍,경상사고,0,0,1,0,차대차 - 추돌 - 진행중,안전운전불이행,건조,맑음,교차로 - 교차로안,승용,남,78세,상해없음,승용,여,35세,경상
2014110500100489,2014년 11월 5일 17시,수요일,충청남도 보령시 대천동,경상사고,0,0,2,0,차대차 - 기타,안전운전불이행,건조,맑음,교차로 - 교차로부근,승용,남,66세,상해없음,승용,남,64세,기타불명
2014110500100539,2014년 11월 5일 18시,수요일,충청남도 천안시 서북구 쌍용동,부상신고사고,0,0,0,1,차대차 - 기타,안전운전불이행,건조,맑음,단일로 - 기타,승용,남,59세,상해없음,화물,여,42세,부상신고
2014110500100595,2014년 11월 5일 19시,수요일,충청남도 아산시 신창면,경상사고,0,0,1,0,차대차 - 추돌 - 주정차중,안전운전불이행,건조,맑음,교차로 - 교차로부근,승용,기타불명,기타불명,기타불명,승용,남,42세,경상
2014110500100641,2014년 11월 5일 20시,수요일,충청남도 아산시 도고면,경상사고,0,0,1,0,차대차 - 추돌 - 주정차중,안전운전불이행,건조,맑음,교차로 - 교차로부근,승용,남,50세,상해없음,승용,남,52세,경상
2014110500100642,2014년 11월 5일 20시,수요일,충청남도 천안시 동남구 구성동,경상사고,0,0,2,0,차대차 - 기타,안전운전불이행,건조,맑음,교차로 - 교차로안,승용,남,36세,상해없음,이륜,남,17세,경상
2014110500100679,2014년 11월 5일 21시,수요일,충청남도 아산시 모종동,중상사고,0,1,1,0,차대차 - 정면충돌,중앙선침범,건조,맑음,교차로 - 교차로부근,이륜,남,19세,경상,이륜,남,23세,중상
2014110500100680,2014년 11월 5일 21시,수요일,충청남도 천안시 동남구 구성동,경상사고,0,0,1,0,차대차 - 측면직각충돌,안전운전불이행,건조,맑음,단일로 - 기타,승합,남,52세,상해없음,승합,남,45세,상해없음
2014110500100713,2014년 11월 5일 22시,수요일,충청남도 보령시 웅천읍,중상사고,0,2,0,0,차대사람 - 기타,중앙선침범,건조,맑음,단일로 - 기타,승용,남,53세,기타불명,보행자,여,49세,중상
2014110500100742,2014년 11월 5일 23시,수요일,충청남도 아산시 온천동,경상사고,0,0,1,0,차대차 - 추돌 - 주정차중,안전운전불이행,건조,맑음,교차로 - 교차로부근,승용,남,53세,상해없음,승용,남,52세,경상
2014110600100008,2014년 11월 6일 00시,목요일,충청남도 논산시 취암동,경상사고,0,0,1,0,차대차 - 측면직각충돌,신호위반,건조,맑음,교차로 - 교차로안,승용,남,45세,상해없음,이륜,남,16세,경상
2014110600100023,2014년 11월 6일 02시,목요일,충청남도 서산시 동문동,중상사고,0,5,3,1,차대차 - 측면직각충돌,직진우회전진행방해,건조,맑음,교차로 - 교차로안,승용,여,36세,경상,승합,남,33세,중상
2014110600100038,2014년 11월 6일 04시,목요일,충청남도 예산군 예산읍,중상사고,0,1,0,0,차량단독 - 공작물충돌,안전운전불이행,건조,맑음,교차로 - 교차로안,화물,남,43세,중상,,,,
2014110600100065,2014년 11월 6일 06시,목요일,충청남도 홍성군 홍성읍,경상사고,0,0,2,0,차대차 - 측면직각충돌,교차로운행방법위반,건조,맑음,교차로 - 교차로안,승용,남,61세,상해없음,승합,남,73세,경상
2014110600100066,2014년 11월 6일 06시,목요일,충청남도 홍성군 홍북면,경상사고,0,0,2,0,차대차 - 측면직각충돌,교차로운행방법위반,건조,맑음,교차로 - 교차로안,승용,남,54세,상해없음,화물,남,63세,경상
2014110600100092,2014년 11월 6일 07시,목요일,충청남도 서산시 해미면,경상사고,0,0,2,0,차대차 - 측면직각충돌,직진우회전진행방해,건조,맑음,교차로 - 교차로안,승용,여,51세,경상,승용,여,54세,경상
2014110600100127,2014년 11월 6일 08시,목요일,충청남도 천안시 서북구 성정동,경상사고,0,0,1,0,차대차 - 기타,중앙선침범,건조,맑음,교차로 - 교차로부근,승용,여,41세,상해없음,원동기,남,49세,경상
2014110600100128,2014년 11월 6일 08시,목요일,충청남도 논산시 강산동,중상사고,0,1,1,0,차대차 - 측면직각충돌,직진우회전진행방해,건조,맑음,교차로 - 교차로안,승용,남,24세,경상,승용,남,55세,중상
2014110600100129,2014년 11월 6일 08시,목요일,충청남도 예산군 삽교읍,중상사고,0,1,1,0,차대차 - 측면직각충돌,신호위반,건조,맑음,교차로 - 교차로안,건설기계,남,53세,상해없음,승용,남,31세,중상
2014110600100162,2014년 11월 6일 09시,목요일,충청남도 아산시 탕정면,중상사고,0,1,1,0,차대차 - 측면직각충돌,안전운전불이행,건조,맑음,교차로 - 교차로안,화물,남,32세,상해없음,승용,여,54세,중상
2014110600100163,2014년 11월 6일 09시,목요일,충청남도 서천군 장항읍,경상사고,0,0,1,0,차대차 - 기타,안전운전불이행,건조,맑음,교차로 - 교차로부근,화물,남,45세,상해없음,자전거,남,92세,경상
2014110600100164,2014년 11월 6일 09시,목요일,충청남도 당진시 수청리,중상사고,0,1,1,0,차대차 - 측면직각충돌,신호위반,건조,맑음,교차로 - 교차로안,승용,여,41세,상해없음,승용,남,65세,경상
2014110600100223,2014년 11월 6일 11시,목요일,충청남도 공주시 의당면,중상사고,0,5,8,0,차량단독 - 도로외이탈 - 기타,기타,건조,맑음,단일로 - 기타,승합,남,54세,상해없음,,,,
2014110600100308,2014년 11월 6일 14시,목요일,충청남도 예산군 대술면,경상사고,0,0,1,0,차량단독 - 공작물충돌,안전운전불이행,건조,맑음,단일로 - 기타,화물,남,59세,경상,,,,
2014110600100309,2014년 11월 6일 14시,목요일,충청남도 당진시 읍내리,경상사고,0,0,1,0,차대차 - 측면직각충돌,교차로운행방법위반,건조,맑음,교차로 - 교차로안,승용,남,66세,상해없음,승용,남,31세,상해없음
2014110600100369,2014년 11월 6일 16시,목요일,충청남도 예산군 예산읍,중상사고,0,1,0,0,차대사람 - 기타,안전운전불이행,건조,맑음,단일로 - 기타,승용,남,48세,상해없음,보행자,남,39세,중상
2014110600100402,2014년 11월 6일 17시,목요일,충청남도 천안시 서북구 두정동,경상사고,0,0,1,0,차대차 - 기타,안전운전불이행,건조,맑음,단일로 - 기타,화물,남,53세,기타불명,승용,남,34세,경상
2014110600100403,2014년 11월 6일 17시,목요일,충청남도 천안시 서북구 성정동,중상사고,0,1,0,0,차대차 - 추돌 - 주정차중,안전운전불이행,건조,맑음,단일로 - 기타,승용,여,55세,상해없음,승용,여,62세,중상
2014110600100404,2014년 11월 6일 17시,목요일,충청남도 홍성군 광천읍,중상사고,0,2,1,0,차대차 - 기타,신호위반,건조,맑음,교차로 - 교차로안,승용,남,57세,경상,승용,여,39세,중상
2014110600100405,2014년 11월 6일 17시,목요일,충청남도 아산시 둔포면,경상사고,0,0,1,0,차대사람 - 기타,안전운전불이행,건조,맑음,단일로 - 기타,승용,여,35세,상해없음,보행자,남,42세,경상
2014110600100465,2014년 11월 6일 18시,목요일,충청남도 금산군 금산읍,경상사고,0,0,2,0,차대사람 - 기타,신호위반,습기,비,교차로 - 교차로안,승용,남,54세,상해없음,보행자,여,73세,경상
2014110600100522,2014년 11월 6일 19시,목요일,충청남도 아산시 배방읍,중상사고,0,1,0,0,차대차 - 정면충돌,안전운전불이행,건조,맑음,단일로 - 기타,화물,남,64세,상해없음,승용,남,50세,중상
2014110600100523,2014년 11월 6일 19시,목요일,충청남도 보령시 청라면,경상사고,0,0,1,0,차량단독 - 전도전복,안전운전불이행,건조,맑음,교차로 - 교차로부근,승용,남,69세,경상,,,,
2014110600100524,2014년 11월 6일 19시,목요일,충청남도 예산군 오가면,경상사고,0,0,1,0,차량단독 - 공작물충돌,안전운전불이행,건조,맑음,단일로 - 기타,승용,남,20세,상해없음,,,,
2014110600100525,2014년 11월 6일 19시,목요일,충청남도 당진시 신평면,중상사고,0,1,0,0,차대사람 - 차도통행중,안전운전불이행,건조,맑음,교차로 - 교차로부근,승용,남,48세,상해없음,보행자,여,59세,중상
2014110600100551,2014년 11월 6일 20시,목요일,충청남도 천안시 서북구 성거읍,사망사고,1,0,0,0,차대사람 - 횡단중,안전운전불이행,건조,맑음,단일로 - 기타,승용,남,26세,상해없음,보행자,남,82세,사망
2014110600100552,2014년 11월 6일 20시,목요일,충청남도 서천군 마서면,중상사고,0,1,0,0,차량단독 - 기타,안전운전불이행,건조,맑음,교차로 - 교차로부근,자전거,여,71세,중상,,,,
2014110600100553,2014년 11월 6일 20시,목요일,충청남도 당진시 읍내리,경상사고,0,0,2,0,차대차 - 추돌 - 진행중,안전거리미확보,건조,맑음,교차로 - 교차로부근,승용,남,35세,상해없음,승합,남,61세,경상
2014110600100585,2014년 11월 6일 21시,목요일,충청남도 천안시 서북구 성환읍,중상사고,0,1,0,0,차대차 - 기타,보행자보호의무위반,건조,맑음,단일로 - 횡단보도상,승용,남,57세,상해없음,승용,남,44세,기타불명
2014110600100586,2014년 11월 6일 21시,목요일,충청남도 부여군 부여읍,중상사고,0,1,0,0,차대차 - 기타,안전운전불이행,건조,맑음,교차로 - 교차로부근,승용,남,20세,상해없음,자전거,남,65세,중상
2014110600100613,2014년 11월 6일 22시,목요일,충청남도 천안시 서북구 두정동,경상사고,0,0,1,0,차대차 - 기타,안전운전불이행,건조,맑음,교차로 - 교차로안,승용,남,25세,기타불명,승용,남,24세,경상
2014110600100614,2014년 11월 6일 22시,목요일,충청남도 논산시 대교동,중상사고,0,1,0,0,차대사람 - 차도통행중,안전운전불이행,습기,안개,단일로 - 기타,승용,남,59세,상해없음,보행자,남,56세,중상
2014110700100014,2014년 11월 7일 00시,금요일,충청남도 천안시 서북구 성거읍,중상사고,0,1,0,0,차대차 - 기타,안전운전불이행,건조,맑음,단일로 - 기타,화물,남,55세,상해없음,자전거,남,34세,중상
2014110700100032,2014년 11월 7일 01시,금요일,충청남도 당진시 수청리,경상사고,0,0,1,0,차대차 - 정면충돌,중앙선침범,건조,맑음,기타 - 기타,승용,여,34세,상해없음,승용,남,53세,경상
2014110700100063,2014년 11월 7일 03시,금요일,충청남도 천안시 서북구 백석동,중상사고,0,1,1,0,차대차 - 추돌 - 주정차중,안전거리미확보,건조,맑음,교차로 - 교차로부근,화물,남,30세,상해없음,화물,남,39세,경상
2014110700100076,2014년 11월 7일 04시,금요일,충청남도 당진시 송악읍,경상사고,0,0,1,0,차대차 - 추돌 - 진행중,안전운전불이행,건조,맑음,단일로 - 기타,승용,여,42세,상해없음,건설기계,남,45세,경상
2014110700100104,2014년 11월 7일 06시,금요일,충청남도 서산시 예천동,중상사고,0,1,0,0,차대차 - 측면직각충돌,안전운전불이행,건조,맑음,단일로 - 기타,자전거,여,70세,중상,화물,남,43세,상해없음
2014110700100105,2014년 11월 7일 06시,금요일,충청남도 보령시 청라면,중상사고,0,1,0,0,차대차 - 기타,안전운전불이행,건조,흐림,단일로 - 기타,화물,남,39세,상해없음,농기계,남,71세,중상
2014110700100131,2014년 11월 7일 07시,금요일,충청남도 논산시 연무읍,경상사고,0,0,1,0,차대차 - 측면직각충돌,신호위반,건조,맑음,교차로 - 교차로안,승용,남,23세,상해없음,승용,남,45세,경상
2014110700100172,2014년 11월 7일 08시,금요일,충청남도 천안시 서북구 차암동,경상사고,0,0,1,0,차대차 - 기타,안전운전불이행,건조,맑음,교차로 - 교차로부근,승용,남,36세,상해없음,승용,여,44세,경상
2014110700100207,2014년 11월 7일 09시,금요일,충청남도 부여군 부여읍,중상사고,0,1,0,0,차대사람 - 횡단중,보행자보호의무위반,건조,맑음,단일로 - 횡단보도상,화물,남,43세,상해없음,보행자,남,61세,중상
2014110700100235,2014년 11월 7일 10시,금요일,충청남도 태안군 근흥면,중상사고,0,1,0,0,차대차 - 추돌 - 진행중,안전운전불이행,건조,맑음,단일로 - 기타,건설기계,남,53세,상해없음,농기계,남,50세,중상
2014110700100236,2014년 11월 7일 10시,금요일,충청남도 논산시 내동,중상사고,0,1,0,0,차대차 - 측면직각충돌,중앙선침범,건조,맑음,교차로 - 교차로안,이륜,남,67세,중상,건설기계,남,58세,상해없음
2014110700100259,2014년 11월 7일 11시,금요일,충청남도 태안군 원북면,중상사고,0,1,0,0,차대사람 - 길가장자리구역통행중,안전운전불이행,건조,맑음,단일로 - 기타,화물,남,57세,상해없음,보행자,남,72세,중상
2014110700100261,2014년 11월 7일 11시,금요일,충청남도 부여군 구룡면,경상사고,0,0,2,0,차대차 - 추돌 - 주정차중,안전운전불이행,건조,맑음,단일로 - 기타,승합,남,59세,경상,화물,남,47세,경상
2014110700100262,2014년 11월 7일 11시,금요일,충청남도 청양군 청양읍,경상사고,0,0,1,0,차대차 - 측면직각충돌,직진우회전진행방해,건조,맑음,교차로 - 교차로안,승용,여,49세,상해없음,승용,남,79세,상해없음
2014110700100294,2014년 11월 7일 12시,금요일,충청남도 논산시 대교동,경상사고,0,0,1,0,차대차 - 측면직각충돌,교차로운행방법위반,건조,맑음,교차로 - 교차로안,화물,여,48세,상해없음,원동기,남,77세,경상
2014110700100295,2014년 11월 7일 12시,금요일,충청남도 서천군 장항읍,중상사고,0,1,0,0,차대차 - 기타,중앙선침범,건조,맑음,단일로 - 기타,화물,남,59세,상해없음,화물,남,63세,중상
2014110700100317,2014년 11월 7일 13시,금요일,충청남도 논산시 강경읍,중상사고,0,1,0,0,차대사람 - 길가장자리구역통행중,안전운전불이행,건조,맑음,교차로 - 교차로부근,승용,남,64세,상해없음,보행자,여,70세,중상
2014110700100318,2014년 11월 7일 13시,금요일,충청남도 서천군 종천면,중상사고,0,1,0,0,차량단독 - 기타,안전운전불이행,건조,맑음,단일로 - 기타,승용,남,73세,중상,,,,
2014110700100356,2014년 11월 7일 14시,금요일,충청남도 천안시 서북구 성환읍,경상사고,0,0,1,0,차대차 - 기타,안전운전불이행,건조,맑음,교차로 - 교차로부근,승합,남,47세,상해없음,화물,여,52세,경상
2014110700100389,2014년 11월 7일 15시,금요일,충청남도 천안시 서북구 성정동,경상사고,0,0,1,0,차대차 - 기타,교차로운행방법위반,건조,맑음,교차로 - 교차로안,화물,남,40세,상해없음,화물,남,69세,경상
2014110700100417,2014년 11월 7일 16시,금요일,충청남도 천안시 서북구 성정동,경상사고,0,0,1,0,차대사람 - 기타,안전운전불이행,건조,맑음,기타 - 기타,승용,여,50세,상해없음,보행자,남,38세,경상
2014110700100418,2014년 11월 7일 16시,금요일,충청남도 아산시 둔포면,중상사고,0,1,0,0,차대차 - 측면직각충돌,안전운전불이행,건조,맑음,교차로 - 교차로안,화물,남,54세,상해없음,승용,남,36세,중상
2014110700100459,2014년 11월 7일 17시,금요일,충청남도 천안시 서북구 두정동,경상사고,0,0,1,0,차대차 - 측면직각충돌,직진우회전진행방해,건조,맑음,교차로 - 교차로안,승용,남,49세,상해없음,승용,남,23세,경상
2014110700100520,2014년 11월 7일 18시,금요일,충청남도 서산시 동문동,경상사고,0,0,1,0,차대차 - 추돌 - 진행중,안전운전불이행,건조,맑음,교차로 - 교차로부근,승용,남,47세,상해없음,승용,여,26세,경상
2014110700100521,2014년 11월 7일 18시,금요일,충청남도 아산시 배방읍,중상사고,0,1,0,0,차대차 - 기타,안전운전불이행,건조,맑음,교차로 - 교차로부근,화물,남,42세,상해없음,승용,남,32세,중상
2014110700100522,2014년 11월 7일 18시,금요일,충청남도 아산시 권곡동,경상사고,0,0,1,0,차대사람 - 횡단중,보행자보호의무위반,건조,맑음,기타 - 기타,승용,여,60세,상해없음,보행자,여,56세,경상
2014110700100523,2014년 11월 7일 18시,금요일,충청남도 천안시 동남구 원성동,부상신고사고,0,0,0,1,차대사람 - 기타,안전운전불이행,건조,맑음,단일로 - 기타,기타불명,기타불명,기타불명,기타불명,보행자,여,13세,부상신고
2014110700100524,2014년 11월 7일 18시,금요일,충청남도 천안시 동남구 북면,경상사고,0,0,1,0,차대사람 - 기타,안전운전불이행,건조,맑음,단일로 - 기타,화물,남,56세,기타불명,보행자,여,41세,경상