사고번호,사고일시,요일,시군구,사고내용,사망자수,중상자수,경상자수,부상신고자수,사고유형,법규위반,노면상태,기상상태,도로형태,가해운전자 차종,가해운전자 성별,가해운전자 연령,가해운전자 상해정도,피해운전자 차종,피해운전자 성별,피해운전자 연령,피해운전자 상해정도
2014110700100588,2014년 11월 7일 19시,금요일,충청남도 당진시 신평면,경상사고,0,0,26,1,차대차 - 측면직각충돌,안전거리미확보,건조,맑음,단일로 - 기타,화물,남,50세,상해없음,승합,남,47세,경상
2014110700100589,2014년 11월 7일 19시,금요일,충청남도 천안시 동남구 목천읍,경상사고,0,0,1,0,차대차 - 추돌 - 주정차중,안전운전불이행,건조,맑음,단일로 - 기타,승용,남,61세,상해없음,승용,남,41세,경상
2014110700100638,2014년 11월 7일 20시,금요일,충청남도 천안시 서북구 두정동,경상사고,0,0,1,0,차대사람 - 기타,안전운전불이행,건조,맑음,단일로 - 기타,승용,남,19세,상해없음,보행자,남,41세,경상
2014110700100639,2014년 11월 7일 20시,금요일,충청남도 아산시 배방읍,중상사고,0,1,4,0,차대차 - 추돌 - 주정차중,안전운전불이행,건조,맑음,교차로 - 교차로부근,승용,남,45세,상해없음,승용,남,44세,중상
2014110700100640,2014년 11월 7일 20시,금요일,충청남도 당진시 읍내리,중상사고,0,1,0,0,차대사람 - 기타,안전운전불이행,건조,맑음,단일로 - 기타,승용,여,28세,상해없음,보행자,남,21세,중상
2014110700100641,2014년 11월 7일 20시,금요일,충청남도 당진시 송산면,경상사고,0,0,1,0,차대차 - 추돌 - 진행중,안전운전불이행,건조,맑음,단일로 - 기타,승합,남,34세,상해없음,승합,남,46세,상해없음
2014110700100678,2014년 11월 7일 21시,금요일,충청남도 당진시 신평면,사망사고,1,0,0,0,차량단독 - 전도전복,안전운전불이행,건조,맑음,단일로 - 기타,화물,남,52세,사망,,,,
2014110800100015,2014년 11월 8일 00시,토요일,충청남도 천안시 서북구 두정동,경상사고,0,0,1,0,차대사람 - 길가장자리구역통행중,안전운전불이행,건조,맑음,교차로 - 교차로부근,승용,남,26세,상해없음,보행자,남,27세,경상
2014110800100036,2014년 11월 8일 01시,토요일,충청남도 부여군 홍산면,중상사고,0,3,0,0,차대차 - 기타,중앙선침범,건조,맑음,단일로 - 기타,승합,남,54세,상해없음,승용,남,42세,중상
2014110800100071,2014년 11월 8일 03시,토요일,충청남도 서산시 음암면,중상사고,0,1,0,0,차대차 - 추돌 - 진행중,안전운전불이행,건조,맑음,단일로 - 기타,승용,남,25세,상해없음,승용,남,27세,중상
2014110800100131,2014년 11월 8일 07시,토요일,충청남도 천안시 서북구 백석동,경상사고,0,0,1,0,차대차 - 추돌 - 주정차중,안전운전불이행,건조,맑음,교차로 - 교차로부근,승용,남,29세,상해없음,승용,남,34세,경상
2014110800100132,2014년 11월 8일 07시,토요일,충청남도 당진시 송산면,중상사고,0,1,1,0,차대차 - 기타,중앙선침범,건조,맑음,단일로 - 기타,승용,남,23세,중상,승합,남,59세,경상
2014110800100146,2014년 11월 8일 08시,토요일,충청남도 금산군 진산면,경상사고,0,0,2,0,차대차 - 측면직각충돌,안전운전불이행,건조,맑음,교차로 - 교차로부근,화물,남,76세,경상,승용,여,30세,경상
2014110800100173,2014년 11월 8일 09시,토요일,충청남도 홍성군 홍성읍,중상사고,0,1,0,0,차량단독 - 기타,안전운전불이행,건조,맑음,교차로 - 교차로안,자전거,남,90세 이상,중상,,,90세 이상,
2014110800100174,2014년 11월 8일 09시,토요일,충청남도 예산군 삽교읍,경상사고,0,0,1,0,차대사람 - 횡단중,안전운전불이행,건조,맑음,교차로 - 교차로안,화물,남,53세,상해없음,보행자,여,51세,경상
2014110800100221,2014년 11월 8일 11시,토요일,충청남도 공주시 월송동,중상사고,0,2,1,0,차대차 - 추돌 - 주정차중,안전거리미확보,건조,맑음,단일로 - 기타,화물,남,33세,상해없음,승용,여,25세,중상
2014110800100244,2014년 11월 8일 12시,토요일,충청남도 천안시 서북구 성정동,중상사고,0,2,0,0,차대차 - 기타,교차로운행방법위반,건조,맑음,교차로 - 교차로안,승용,남,49세,상해없음,승용,여,49세,중상
2014110800100245,2014년 11월 8일 12시,토요일,충청남도 천안시 동남구 신부동,경상사고,0,0,2,0,차대차 - 추돌 - 주정차중,안전운전불이행,건조,맑음,교차로 - 교차로안,승용,남,23세,기타불명,승용,남,41세,경상
2014110800100246,2014년 11월 8일 12시,토요일,충청남도 천안시 동남구 목천읍,경상사고,0,0,1,0,차대사람 - 보도통행중,안전운전불이행,건조,맑음,단일로 - 기타,화물,남,57세,상해없음,보행자,남,4세,경상
2014110800100340,2014년 11월 8일 15시,토요일,충청남도 논산시 상월면,중상사고,0,2,0,0,차대차 - 측면직각충돌,신호위반,건조,맑음,교차로 - 교차로안,건설기계,남,56세,중상,건설기계,남,48세,중상
2014110800100341,2014년 11월 8일 15시,토요일,충청남도 당진시 읍내리,중상사고,0,1,0,0,차대사람 - 기타,안전운전불이행,건조,맑음,교차로 - 교차로부근,화물,남,47세,상해없음,보행자,여,71세,중상
2014110800100369,2014년 11월 8일 16시,토요일,충청남도 태안군 소원면,경상사고,0,0,1,0,차대차 - 기타,안전운전불이행,기타,맑음,기타 - 기타,화물,남,48세,상해없음,승용,남,27세,기타불명
2014110800100370,2014년 11월 8일 16시,토요일,충청남도 청양군 장평면,중상사고,0,1,0,0,차대차 - 추돌 - 진행중,안전운전불이행,건조,맑음,단일로 - 기타,승합,남,53세,상해없음,농기계,남,57세,중상
2014110800100406,2014년 11월 8일 17시,토요일,충청남도 천안시 서북구 두정동,경상사고,0,0,1,0,차대차 - 추돌 - 주정차중,안전운전불이행,건조,맑음,단일로 - 기타,화물,남,54세,상해없음,승용,남,42세,경상
2014110800100407,2014년 11월 8일 17시,토요일,충청남도 서천군 마서면,경상사고,0,0,2,0,차대차 - 추돌 - 주정차중,안전운전불이행,건조,맑음,기타 - 기타,화물,남,47세,상해없음,승용,여,27세,경상
2014110800100463,2014년 11월 8일 18시,토요일,충청남도 천안시 서북구 직산읍,경상사고,0,0,1,0,차대차 - 추돌 - 진행중,안전운전불이행,건조,맑음,단일로 - 기타,화물,남,52세,상해없음,승용,남,38세,경상
2014110800100464,2014년 11월 8일 18시,토요일,충청남도 천안시 서북구 쌍용동,경상사고,0,0,1,0,차대차 - 추돌 - 진행중,안전운전불이행,건조,맑음,단일로 - 기타,승용,남,31세,상해없음,승용,남,50세,경상
2014110800100465,2014년 11월 8일 18시,토요일,충청남도 논산시 강경읍,중상사고,0,1,0,0,차대차 - 기타,안전운전불이행,건조,맑음,단일로 - 기타,승용,남,25세,상해없음,자전거,여,66세,중상
2014110800100466,2014년 11월 8일 18시,토요일,충청남도 아산시 배방읍,부상신고사고,0,0,0,1,차대사람 - 횡단중,안전운전불이행,건조,맑음,단일로 - 기타,승용,기타불명,기타불명,기타불명,보행자,남,7세,부상신고
2014110800100467,2014년 11월 8일 18시,토요일,충청남도 당진시 합덕읍,경상사고,0,0,1,0,차대사람 - 기타,안전운전불이행,건조,맑음,교차로 - 교차로부근,승용,여,59세,상해없음,보행자,여,54세,경상
2014110800100511,2014년 11월 8일 19시,토요일,충청남도 천안시 서북구 직산읍,중상사고,0,1,0,0,차대사람 - 기타,안전운전불이행,건조,맑음,단일로 - 횡단보도상,승용,여,40세,상해없음,보행자,남,21세,중상
2014110800100546,2014년 11월 8일 20시,토요일,충청남도 천안시 동남구 구성동,경상사고,0,0,3,0,차대차 - 기타,안전운전불이행,건조,맑음,단일로 - 기타,승용,남,33세,상해없음,승용,남,48세,경상
2014110800100585,2014년 11월 8일 21시,토요일,충청남도 청양군 청양읍,사망사고,1,1,0,0,차량단독 - 전도전복,안전운전불이행,건조,맑음,단일로 - 기타,이륜,남,45세,중상,,,,
2014110800100640,2014년 11월 8일 23시,토요일,충청남도 논산시 취암동,경상사고,0,0,1,1,차대차 - 측면직각충돌,교차로운행방법위반,건조,흐림,교차로 - 교차로안,승용,남,42세,부상신고,승용,남,26세,경상
2014110900100020,2014년 11월 9일 00시,일요일,충청남도 천안시 서북구 입장면,사망사고,1,0,0,0,차대차 - 기타,안전운전불이행,건조,맑음,미분류 - 미분류,승용,남,33세,기타불명,이륜,남,42세,사망
2014110900100059,2014년 11월 9일 02시,일요일,충청남도 천안시 서북구 쌍용동,경상사고,0,0,2,0,차대차 - 기타,안전운전불이행,건조,맑음,교차로 - 교차로안,승용,여,19세,경상,승용,남,74세,상해없음
2014110900100060,2014년 11월 9일 02시,일요일,충청남도 보령시 대천동,경상사고,0,0,1,0,차대차 - 기타,안전운전불이행,건조,맑음,단일로 - 기타,승용,기타불명,기타불명,기타불명,승용,남,32세,경상
2014110900100105,2014년 11월 9일 07시,일요일,충청남도 보령시 궁촌동,사망사고,1,0,0,0,차량단독 - 공작물충돌,안전운전불이행,건조,맑음,단일로 - 기타,이륜,남,78세,사망,,,,
2014110900100114,2014년 11월 9일 08시,일요일,충청남도 당진시 수청리,중상사고,0,1,0,0,차대차 - 측면직각충돌,신호위반,건조,맑음,교차로 - 교차로안,승용,남,41세,상해없음,승용,남,38세,중상
2014110900100133,2014년 11월 9일 09시,일요일,충청남도 천안시 서북구 불당동,중상사고,0,1,0,0,차대사람 - 횡단중,신호위반,건조,맑음,교차로 - 교차로안,원동기,남,44세,상해없음,보행자,여,45세,중상
2014110900100193,2014년 11월 9일 12시,일요일,충청남도 홍성군 갈산면,중상사고,0,1,0,0,차량단독 - 공작물충돌,안전운전불이행,건조,맑음,단일로 - 기타,원동기,남,48세,중상,,,,
2014110900100194,2014년 11월 9일 12시,일요일,충청남도 당진시 면천면,중상사고,0,1,0,0,차대차 - 추돌 - 진행중,안전운전불이행,건조,맑음,단일로 - 기타,승용,여,46세,상해없음,이륜,남,88세,중상
2014110900100225,2014년 11월 9일 13시,일요일,충청남도 서산시 해미면,경상사고,0,0,1,0,차대사람 - 횡단중,안전운전불이행,건조,맑음,단일로 - 기타,승용,남,63세,기타불명,보행자,남,7세,경상
2014110900100259,2014년 11월 9일 14시,일요일,충청남도 논산시 내동,중상사고,0,1,2,0,차대차 - 측면직각충돌,교차로운행방법위반,건조,맑음,교차로 - 교차로안,이륜,남,18세,경상,승합,남,38세,경상
2014110900100260,2014년 11월 9일 14시,일요일,충청남도 금산군 추부면,경상사고,0,0,1,0,차대사람 - 기타,안전운전불이행,건조,맑음,단일로 - 기타,원동기,여,21세,상해없음,보행자,남,23세,경상
2014110900100261,2014년 11월 9일 14시,일요일,충청남도 천안시 동남구 신부동,경상사고,0,0,3,0,차대차 - 추돌 - 주정차중,안전운전불이행,건조,맑음,단일로 - 기타,승용,남,58세,상해없음,승용,여,55세,경상
2014110900100263,2014년 11월 9일 14시,일요일,충청남도 홍성군 갈산면,중상사고,0,1,0,0,차대차 - 추돌 - 진행중,안전운전불이행,건조,맑음,단일로 - 기타,승용,남,45세,상해없음,승용,남,59세,중상
2014110900100292,2014년 11월 9일 15시,일요일,충청남도 서산시 석남동,중상사고,0,2,0,0,차대차 - 추돌 - 주정차중,안전거리미확보,건조,맑음,단일로 - 기타,승용,여,51세,상해없음,화물,남,43세,중상
2014110900100294,2014년 11월 9일 15시,일요일,충청남도 부여군 양화면,중상사고,0,1,1,0,차대차 - 측면직각충돌,안전운전불이행,건조,맑음,교차로 - 교차로부근,원동기,남,73세,중상,이륜,남,50세,경상
2014110900100328,2014년 11월 9일 16시,일요일,충청남도 아산시 풍기동,중상사고,0,1,0,0,차대사람 - 기타,안전운전불이행,건조,맑음,단일로 - 기타,승용,남,31세,상해없음,보행자,여,61세,중상
2014110900100398,2014년 11월 9일 18시,일요일,충청남도 서산시 예천동,경상사고,0,0,1,0,차대차 - 추돌 - 주정차중,안전운전불이행,건조,맑음,단일로 - 기타,승용,여,31세,상해없음,승용,남,30세,경상
2014110900100399,2014년 11월 9일 18시,일요일,충청남도 홍성군 홍성읍,경상사고,0,0,2,0,차대차 - 기타,신호위반,건조,맑음,교차로 - 교차로안,승용,여,52세,상해없음,승용,여,41세,경상
2014110900100400,2014년 11월 9일 18시,일요일,충청남도 청양군 목면,중상사고,0,2,1,0,차대차 - 추돌 - 주정차중,안전운전불이행,건조,맑음,교차로 - 교차로부근,화물,남,78세,상해없음,승용,여,54세,중상
2014110900100403,2014년 11월 9일 18시,일요일,충청남도 당진시 송악읍,경상사고,0,0,2,0,차대차 - 추돌 - 진행중,안전운전불이행,건조,맑음,단일로 - 기타,승용,남,58세,상해없음,승용,남,51세,경상
2014110900100483,2014년 11월 9일 20시,일요일,충청남도 천안시 서북구 성거읍,경상사고,0,0,1,0,차대차 - 측면직각충돌,안전거리미확보,건조,맑음,단일로 - 기타,화물,남,50세,상해없음,승용,남,53세,경상
2014110900100506,2014년 11월 9일 21시,일요일,충청남도 서산시 인지면,중상사고,0,2,0,0,차량단독 - 공작물충돌,안전운전불이행,건조,맑음,단일로 - 기타,승용,남,52세,중상,,,,
2014110900100550,2014년 11월 9일 23시,일요일,충청남도 당진시 신평면,사망사고,1,0,0,0,차대차 - 추돌 - 주정차중,안전운전불이행,건조,맑음,단일로 - 기타,승용,남,32세,상해없음,특수,남,55세,기타불명
2014111000100073,2014년 11월 10일 07시,월요일,충청남도 천안시 동남구 용곡동,중상사고,0,1,0,0,차대차 - 추돌 - 진행중,안전운전불이행,건조,맑음,교차로 - 교차로안,승용,남,39세,상해없음,이륜,남,51세,중상
2014111000100115,2014년 11월 10일 08시,월요일,충청남도 당진시 읍내리,경상사고,0,0,1,0,차대차 - 측면직각충돌,교차로운행방법위반,건조,맑음,교차로 - 교차로안,승용,여,31세,상해없음,이륜,여,49세,경상
2014111000100150,2014년 11월 10일 09시,월요일,충청남도 서산시 읍내동,중상사고,0,1,0,0,차대차 - 측면직각충돌,신호위반,건조,맑음,교차로 - 교차로안,이륜,남,53세,중상,승용,남,62세,상해없음
2014111000100151,2014년 11월 10일 09시,월요일,충청남도 예산군 덕산면,중상사고,0,1,1,0,차대차 - 기타,안전운전불이행,건조,맑음,단일로 - 기타,특수,남,37세,상해없음,승용,여,65세,중상
2014111000100152,2014년 11월 10일 09시,월요일,충청남도 당진시 대덕리,경상사고,0,0,1,0,차대차 - 측면직각충돌,안전운전불이행,건조,맑음,교차로 - 교차로부근,승용,남,39세,상해없음,승용,남,37세,경상
2014111000100214,2014년 11월 10일 11시,월요일,충청남도 천안시 서북구 불당동,경상사고,0,0,1,0,차대사람 - 횡단중,보행자보호의무위반,건조,맑음,단일로 - 기타,승용,여,43세,상해없음,보행자,여,10세,경상
2014111000100279,2014년 11월 10일 13시,월요일,충청남도 부여군 규암면,중상사고,0,1,0,0,차대사람 - 기타,안전운전불이행,건조,맑음,단일로 - 기타,화물,남,51세,상해없음,보행자,남,40세,중상
2014111000100280,2014년 11월 10일 13시,월요일,충청남도 당진시 사기소리,경상사고,0,0,1,0,차대차 - 측면직각충돌,교차로운행방법위반,건조,맑음,교차로 - 교차로안,건설기계,남,55세,상해없음,이륜,남,70세,경상
2014111000100307,2014년 11월 10일 14시,월요일,충청남도 논산시 가야곡면,중상사고,0,1,0,0,차대사람 - 보도통행중,안전운전불이행,건조,맑음,단일로 - 기타,화물,남,72세,상해없음,보행자,남,77세,중상
2014111000100308,2014년 11월 10일 14시,월요일,충청남도 당진시 채운동,경상사고,0,0,1,0,차대차 - 기타,교차로운행방법위반,건조,맑음,교차로 - 교차로안,화물,남,61세,상해없음,자전거,남,82세,경상
2014111000100349,2014년 11월 10일 15시,월요일,충청남도 아산시 온천동,중상사고,0,1,0,0,차대사람 - 기타,안전운전불이행,건조,맑음,교차로 - 교차로부근,승용,여,78세,상해없음,보행자,남,73세,중상
2014111000100392,2014년 11월 10일 16시,월요일,충청남도 공주시 교동,경상사고,0,0,1,0,차대사람 - 횡단중,안전운전불이행,건조,맑음,교차로 - 교차로안,승용,여,59세,상해없음,보행자,여,13세,경상
2014111000100436,2014년 11월 10일 17시,월요일,충청남도 홍성군 홍성읍,중상사고,0,1,0,0,차대사람 - 기타,안전운전불이행,건조,맑음,단일로 - 기타,승용,여,52세,상해없음,보행자,남,62세,중상
2014111000100437,2014년 11월 10일 17시,월요일,충청남도 부여군 부여읍,중상사고,0,1,0,0,차대차 - 기타,안전운전불이행,건조,맑음,단일로 - 기타,자전거,남,79세,중상,승합,남,52세,상해없음
2014111000100488,2014년 11월 10일 18시,월요일,충청남도 태안군 소원면,중상사고,0,1,0,0,차대사람 - 기타,안전운전불이행,건조,맑음,단일로 - 기타,화물,남,50세,상해없음,보행자,여,79세,중상
2014111000100489,2014년 11월 10일 18시,월요일,충청남도 홍성군 금마면,경상사고,0,0,1,0,차량단독 - 공작물충돌,안전운전불이행,건조,맑음,교차로 - 교차로안,화물,여,55세,상해없음,,,,
2014111000100490,2014년 11월 10일 18시,월요일,충청남도 서천군 마서면,경상사고,0,0,1,0,차대차 - 기타,안전운전불이행,건조,맑음,교차로 - 교차로안,승합,남,55세,상해없음,자전거,남,53세,경상
2014111000100491,2014년 11월 10일 18시,월요일,충청남도 보령시 죽정동,중상사고,0,1,0,0,차대사람 - 기타,안전운전불이행,건조,맑음,단일로 - 기타,승합,남,74세,상해없음,보행자,남,69세,중상
2014111000100492,2014년 11월 10일 18시,월요일,충청남도 보령시 명천동,경상사고,0,0,1,0,차대차 - 추돌 - 진행중,안전운전불이행,건조,맑음,기타 - 기타,승용,여,38세,상해없음,승용,남,41세,경상
2014111000100586,2014년 11월 10일 20시,월요일,충청남도 천안시 동남구 구성동,경상사고,0,0,2,0,차대차 - 측면직각충돌,안전운전불이행,건조,맑음,단일로 - 기타,승용,여,49세,경상,승합,남,46세,상해없음
2014111000100610,2014년 11월 10일 21시,월요일,충청남도 천안시 동남구 다가동,경상사고,0,0,1,0,차대사람 - 횡단중,보행자보호의무위반,건조,맑음,교차로 - 교차로안,승용,남,40세,상해없음,보행자,남,66세,경상
2014111000100647,2014년 11월 10일 22시,월요일,충청남도 아산시 온천동,경상사고,0,0,1,0,차대차 - 추돌 - 진행중,안전운전불이행,건조,맑음,단일로 - 기타,승용,남,33세,상해없음,승용,남,26세,경상
2014111000100669,2014년 11월 10일 23시,월요일,충청남도 서천군 서천읍,중상사고,0,1,0,0,차량단독 - 공작물충돌,안전운전불이행,건조,맑음,교차로 - 교차로부근,화물,남,52세,중상,,,,
2014111100100012,2014년 11월 11일 00시,화요일,충청남도 아산시 음봉면,경상사고,0,0,2,0,차대차 - 추돌 - 주정차중,안전운전불이행,건조,맑음,교차로 - 교차로부근,승용,남,38세,상해없음,승용,남,31세,경상
2014111100100033,2014년 11월 11일 02시,화요일,충청남도 당진시 읍내리,경상사고,0,0,2,0,차대차 - 측면직각충돌,교차로운행방법위반,건조,맑음,교차로 - 교차로안,승용,남,29세,상해없음,승용,남,31세,경상
2014111100100050,2014년 11월 11일 04시,화요일,충청남도 홍성군 갈산면,경상사고,0,0,1,0,차대차 - 측면직각충돌,신호위반,건조,맑음,교차로 - 교차로안,승용,여,51세,상해없음,승용,남,33세,경상
2014111100100134,2014년 11월 11일 08시,화요일,충청남도 천안시 동남구 청당동,경상사고,0,0,2,0,차대차 - 기타,안전운전불이행,건조,맑음,단일로 - 기타,승용,남,39세,기타불명,승용,남,42세,경상
2014111100100182,2014년 11월 11일 09시,화요일,충청남도 천안시 동남구 대흥동,경상사고,0,0,1,0,차대사람 - 횡단중,안전운전불이행,건조,맑음,단일로 - 횡단보도부근,승합,기타불명,기타불명,기타불명,보행자,여,23세,경상
2014111100100183,2014년 11월 11일 09시,화요일,충청남도 천안시 동남구 대흥동,중상사고,0,4,0,0,차대차 - 기타,중앙선침범,건조,맑음,단일로 - 기타,승용,남,41세,상해없음,승용,남,40세,중상
2014111100100184,2014년 11월 11일 09시,화요일,충청남도 천안시 동남구 구성동,중상사고,0,1,0,0,차대차 - 기타,안전운전불이행,건조,맑음,단일로 - 기타,승용,여,70세,중상,화물,남,59세,상해없음
2014111100100283,2014년 11월 11일 13시,화요일,충청남도 당진시 합덕읍,경상사고,0,0,1,0,차대차 - 측면직각충돌,신호위반,건조,맑음,교차로 - 교차로안,원동기,남,75세,경상,승용,여,39세,상해없음
2014111100100310,2014년 11월 11일 14시,화요일,충청남도 태안군 안면읍,중상사고,0,1,0,0,차대차 - 측면직각충돌,중앙선침범,건조,맑음,기타 - 기타,승용,남,64세,상해없음,이륜,남,53세,중상
2014111100100311,2014년 11월 11일 14시,화요일,충청남도 당진시 석문면,경상사고,0,0,1,0,차대차 - 측면직각충돌,교차로운행방법위반,건조,맑음,교차로 - 교차로안,특수,남,58세,기타불명,화물,남,48세,경상
2014111100100337,2014년 11월 11일 15시,화요일,충청남도 서산시 동문동,경상사고,0,0,1,0,차대차 - 측면직각충돌,안전운전불이행,건조,맑음,교차로 - 교차로안,이륜,남,36세,경상,승용,여,31세,상해없음
2014111100100338,2014년 11월 11일 15시,화요일,충청남도 태안군 태안읍,부상신고사고,0,0,0,1,차대차 - 기타,교차로운행방법위반,건조,맑음,교차로 - 교차로안,이륜,남,86세,부상신고,승용,여,44세,상해없음
2014111100100408,2014년 11월 11일 17시,화요일,충청남도 논산시 취암동,경상사고,0,0,1,0,차대사람 - 보도통행중,안전운전불이행,건조,맑음,단일로 - 기타,승용,남,43세,상해없음,보행자,남,3세,경상
2014111100100409,2014년 11월 11일 17시,화요일,충청남도 당진시 송산면,중상사고,0,2,1,0,차대차 - 추돌 - 진행중,안전운전불이행,건조,맑음,단일로 - 기타,승합,남,38세,상해없음,승용,남,55세,중상
2014111100100410,2014년 11월 11일 17시,화요일,충청남도 청양군 운곡면,중상사고,0,1,0,0,차대차 - 기타,안전운전불이행,건조,맑음,단일로 - 기타,승용,여,61세,상해없음,이륜,기타불명,기타불명,기타불명
2014111100100456,2014년 11월 11일 18시,화요일,충청남도 천안시 서북구 성거읍,경상사고,0,0,2,0,차대차 - 기타,중앙선침범,건조,맑음,교차로 - 교차로부근,승용,여,53세,상해없음,승용,여,37세,경상
2014111100100457,2014년 11월 11일 18시,화요일,충청남도 홍성군 홍성읍,중상사고,0,2,3,0,차대차 - 측면직각충돌,교차로운행방법위반,건조,맑음,교차로 - 교차로안,화물,남,62세,기타불명,승합,남,69세,중상
2014111100100458,2014년 11월 11일 18시,화요일,충청남도 서천군 서천읍,경상사고,0,0,1,0,차대차 - 기타,안전운전불이행,건조,맑음,교차로 - 교차로부근,승용,남,75세,상해없음,승용,여,40세,경상
2014111100100459,2014년 11월 11일 18시,화요일,충청남도 보령시 남곡동,경상사고,0,0,4,0,차대차 - 기타,중앙선침범,건조,맑음,단일로 - 기타,화물,남,55세,경상,승용,남,30세,경상
2014111100100511,2014년 11월 11일 19시,화요일,충청남도 천안시 서북구 쌍용동,중상사고,0,1,0,0,차대차 - 기타,신호위반,건조,맑음,교차로 - 교차로안,승합,남,53세,상해없음,승용,여,49세,중상
2014111100100512,2014년 11월 11일 19시,화요일,충청남도 서천군 장항읍,중상사고,0,1,0,0,차대차 - 기타,직진우회전진행방해,건조,맑음,교차로 - 교차로안,승용,남,47세,상해없음,승용,여,58세,중상
2014111100100583,2014년 11월 11일 21시,화요일,충청남도 서산시 읍내동,경상사고,0,0,1,0,차대사람 - 차도통행중,안전운전불이행,건조,맑음,단일로 - 기타,승용,남,57세,상해없음,보행자,남,44세,경상
2014111100100584,2014년 11월 11일 21시,화요일,충청남도 천안시 서북구 성거읍,사망사고,1,0,0,0,차대사람 - 기타,안전운전불이행,건조,맑음,단일로 - 기타,승합,남,36세,상해없음,보행자,남,52세,사망
2014111100100604,2014년 11월 11일 22시,화요일,충청남도 당진시 시곡리,중상사고,0,1,0,0,차대차 - 기타,안전운전불이행,습기,비,단일로 - 교량,승용,남,21세,상해없음,승용,남,41세,중상
2014111100100652,2014년 11월 11일 23시,화요일,충청남도 아산시 인주면,중상사고,0,1,0,0,차대사람 - 횡단중,안전운전불이행,습기,비,기타 - 기타,승용,남,46세,상해없음,보행자,남,47세,중상
2014111200100019,2014년 11월 12일 00시,수요일,충청남도 보령시 동대동,경상사고,0,0,2,0,차대차 - 기타,교차로운행방법위반,습기,비,교차로 - 교차로안,승용,남,40세,상해없음,승용,남,37세,경상
2014111200100040,2014년 11월 12일 01시,수요일,충청남도 보령시 주산면,사망사고,1,1,1,0,차대차 - 추돌 - 진행중,안전운전불이행,습기,비,단일로 - 기타,화물,남,39세,사망,화물,남,35세,경상
2014111200100104,2014년 11월 12일 06시,수요일,충청남도 아산시 온천동,경상사고,0,0,2,0,차대차 - 기타,신호위반,습기,비,교차로 - 교차로안,승용,남,40세,상해없음,승용,남,53세,경상
2014111200100105,2014년 11월 12일 06시,수요일,충청남도 금산군 부리면,중상사고,0,1,0,0,차량단독 - 도로외이탈 - 추락,기타,습기,비,단일로 - 기타,승용,남,41세,중상,,,,
2014111200100129,2014년 11월 12일 07시,수요일,충청남도 태안군 태안읍,경상사고,0,0,2,0,차대차 - 정면충돌,중앙선침범,건조,맑음,단일로 - 기타,승용,여,42세,경상,승용,남,71세,경상
2014111200100130,2014년 11월 12일 07시,수요일,충청남도 아산시 온천동,경상사고,0,0,2,0,차대차 - 기타,안전운전불이행,건조,맑음,기타 - 기타,승용,남,42세,상해없음,승용,여,31세,경상
2014111200100222,2014년 11월 12일 09시,수요일,충청남도 태안군 원북면,중상사고,0,1,0,1,차대차 - 측면직각충돌,직진우회전진행방해,건조,맑음,교차로 - 교차로안,승용,남,72세,부상신고,이륜,남,65세,중상
2014111200100223,2014년 11월 12일 09시,수요일,충청남도 아산시 권곡동,경상사고,0,0,1,0,차대사람 - 횡단중,보행자보호의무위반,습기,비,단일로 - 기타,승용,여,62세,상해없음,보행자,남,8세,경상
2014111200100224,2014년 11월 12일 09시,수요일,충청남도 천안시 동남구 신부동,경상사고,0,0,3,0,차대차 - 추돌 - 진행중,안전운전불이행,건조,맑음,단일로 - 기타,화물,남,59세,상해없음,승용,남,47세,경상
2014111200100248,2014년 11월 12일 10시,수요일,충청남도 공주시 정안면,경상사고,0,0,2,0,차대차 - 추돌 - 진행중,안전운전불이행,건조,맑음,단일로 - 기타,화물,남,57세,상해없음,승용,남,34세,경상
2014111200100307,2014년 11월 12일 12시,수요일,충청남도 논산시 상월면,중상사고,0,1,1,0,차대차 - 측면직각충돌,중앙선침범,건조,맑음,단일로 - 기타,승용,남,67세,상해없음,승용,여,63세,중상
2014111200100308,2014년 11월 12일 12시,수요일,충청남도 논산시 성동면,중상사고,0,2,1,0,차량단독 - 공작물충돌,안전운전불이행,건조,맑음,단일로 - 기타,승용,남,22세,경상,,,,
2014111200100309,2014년 11월 12일 12시,수요일,충청남도 논산시 강경읍,경상사고,0,0,1,0,차대차 - 측면직각충돌,안전운전불이행,건조,맑음,교차로 - 교차로안,화물,남,57세,상해없음,자전거,남,72세,상해없음
2014111200100339,2014년 11월 12일 13시,수요일,충청남도 천안시 서북구 백석동,경상사고,0,0,1,0,차대차 - 추돌 - 진행중,안전운전불이행,건조,맑음,단일로 - 기타,승용,남,47세,상해없음,승용,남,33세,경상
2014111200100340,2014년 11월 12일 13시,수요일,충청남도 보령시 청소면,중상사고,0,1,2,0,차대차 - 기타,직진우회전진행방해,습기,비,교차로 - 교차로안,화물,남,51세,상해없음,승합,남,39세,경상