사고번호,사고일시,요일,시군구,사고내용,사망자수,중상자수,경상자수,부상신고자수,사고유형,법규위반,노면상태,기상상태,도로형태,가해운전자 차종,가해운전자 성별,가해운전자 연령,가해운전자 상해정도,피해운전자 차종,피해운전자 성별,피해운전자 연령,피해운전자 상해정도
2014111200100366,2014년 11월 12일 14시,수요일,충청남도 홍성군 홍성읍,경상사고,0,0,1,0,차대사람 - 기타,안전운전불이행,습기,비,교차로 - 교차로부근,화물,남,46세,기타불명,보행자,여,34세,경상
2014111200100395,2014년 11월 12일 15시,수요일,충청남도 홍성군 금마면,경상사고,0,0,1,0,차대차 - 기타,교차로운행방법위반,건조,맑음,교차로 - 교차로안,화물,남,72세,상해없음,승용,남,66세,경상
2014111200100396,2014년 11월 12일 15시,수요일,충청남도 예산군 덕산면,중상사고,0,1,1,0,차대차 - 기타,안전운전불이행,습기,비,교차로 - 교차로안,승용,남,70세,경상,화물,남,59세,중상
2014111200100397,2014년 11월 12일 15시,수요일,충청남도 당진시 신평면,경상사고,0,0,1,0,차대사람 - 길가장자리구역통행중,안전운전불이행,건조,맑음,단일로 - 기타,승용,남,25세,상해없음,보행자,여,32세,경상
2014111200100398,2014년 11월 12일 15시,수요일,충청남도 금산군 금산읍,경상사고,0,0,1,0,차대사람 - 기타,안전운전불이행,습기,비,단일로 - 기타,화물,남,69세,상해없음,보행자,여,55세,경상
2014111200100477,2014년 11월 12일 17시,수요일,충청남도 천안시 서북구 쌍용동,중상사고,0,1,0,0,차대차 - 측면직각충돌,신호위반,습기,비,교차로 - 교차로안,승용,여,52세,상해없음,승용,여,50세,중상
2014111200100478,2014년 11월 12일 17시,수요일,충청남도 부여군 홍산면,경상사고,0,0,1,0,차대차 - 기타,직진우회전진행방해,건조,맑음,교차로 - 교차로안,이륜,남,69세,경상,승합,남,31세,상해없음
2014111200100528,2014년 11월 12일 18시,수요일,충청남도 보령시 남포면,사망사고,1,0,0,0,차대사람 - 횡단중,안전운전불이행,건조,맑음,단일로 - 횡단보도부근,승용,남,55세,기타불명,보행자,여,46세,사망
2014111200100529,2014년 11월 12일 18시,수요일,충청남도 보령시 남포면,중상사고,0,2,0,0,차대차 - 추돌 - 진행중,안전운전불이행,건조,흐림,단일로 - 기타,승용,여,28세,상해없음,승용,남,55세,중상
2014111200100530,2014년 11월 12일 18시,수요일,충청남도 천안시 동남구 광덕면,사망사고,1,0,0,0,차대사람 - 횡단중,안전운전불이행,습기,비,교차로 - 교차로안,승용,남,74세,상해없음,보행자,여,70세,사망
2014111200100531,2014년 11월 12일 18시,수요일,충청남도 천안시 동남구 신방동,경상사고,0,0,1,0,차대사람 - 횡단중,안전운전불이행,습기,흐림,교차로 - 교차로부근,승용,남,25세,상해없음,보행자,남,8세,경상
2014111200100602,2014년 11월 12일 19시,수요일,충청남도 천안시 동남구 수신면,중상사고,0,1,0,0,차대차 - 측면직각충돌,안전운전불이행,습기,비,교차로 - 교차로부근,승용,남,51세,상해없음,승용,남,42세,중상
2014111200100650,2014년 11월 12일 20시,수요일,충청남도 아산시 배방읍,사망사고,1,0,0,0,차대사람 - 보도통행중,안전운전불이행,건조,흐림,기타 - 기타,승용,남,25세,상해없음,보행자,남,51세,사망
2014111200100651,2014년 11월 12일 20시,수요일,충청남도 천안시 동남구 구성동,경상사고,0,0,1,0,차대차 - 추돌 - 진행중,안전운전불이행,습기,비,단일로 - 기타,승용,여,54세,상해없음,원동기,남,24세,경상
2014111200100688,2014년 11월 12일 21시,수요일,충청남도 서산시 대산읍,경상사고,0,0,2,0,차대차 - 추돌 - 주정차중,안전운전불이행,건조,맑음,교차로 - 교차로부근,승용,남,38세,상해없음,승용,여,44세,경상
2014111300100037,2014년 11월 13일 02시,목요일,충청남도 아산시 배방읍,경상사고,0,0,1,0,차대차 - 추돌 - 주정차중,안전운전불이행,건조,맑음,단일로 - 기타,승용,남,32세,상해없음,승용,남,53세,경상
2014111300100085,2014년 11월 13일 07시,목요일,충청남도 서산시 동문동,중상사고,0,1,0,0,차대차 - 추돌 - 진행중,안전운전불이행,건조,맑음,단일로 - 기타,승용,남,38세,상해없음,자전거,여,73세,중상
2014111300100086,2014년 11월 13일 07시,목요일,충청남도 공주시 우성면,중상사고,0,1,0,0,차대차 - 기타,안전운전불이행,건조,흐림,교차로 - 교차로안,건설기계,남,36세,상해없음,승용,남,28세,중상
2014111300100162,2014년 11월 13일 09시,목요일,충청남도 서산시 갈산동,경상사고,0,0,1,0,차대차 - 기타,안전운전불이행,건조,맑음,단일로 - 기타,승용,여,54세,경상,화물,남,63세,상해없음
2014111300100163,2014년 11월 13일 09시,목요일,충청남도 천안시 서북구 두정동,중상사고,0,2,0,0,차대차 - 측면직각충돌,신호위반,건조,맑음,교차로 - 교차로안,승합,남,53세,상해없음,승용,여,46세,중상
2014111300100196,2014년 11월 13일 10시,목요일,충청남도 천안시 서북구 직산읍,경상사고,0,0,3,0,차대차 - 추돌 - 진행중,안전운전불이행,건조,맑음,단일로 - 기타,화물,남,53세,상해없음,승용,남,34세,경상
2014111300100197,2014년 11월 13일 10시,목요일,충청남도 홍성군 광천읍,경상사고,0,0,2,0,차대차 - 기타,차로위반,건조,맑음,단일로 - 기타,승용,남,64세,기타불명,승용,여,39세,경상
2014111300100236,2014년 11월 13일 11시,목요일,충청남도 천안시 서북구 성정동,사망사고,1,0,0,0,차대차 - 측면직각충돌,안전운전불이행,건조,맑음,교차로 - 교차로부근,원동기,남,69세,상해없음,원동기,남,65세,사망
2014111300100302,2014년 11월 13일 13시,목요일,충청남도 천안시 서북구 성거읍,경상사고,0,0,1,0,차대차 - 측면직각충돌,교차로운행방법위반,건조,맑음,교차로 - 교차로부근,승용,남,60세,상해없음,승용,남,66세,경상
2014111300100303,2014년 11월 13일 13시,목요일,충청남도 홍성군 홍성읍,중상사고,0,1,0,0,차대차 - 측면직각충돌,신호위반,건조,맑음,교차로 - 교차로안,승용,남,69세,상해없음,승용,남,57세,중상
2014111300100336,2014년 11월 13일 14시,목요일,충청남도 천안시 동남구 영성동,중상사고,0,1,0,0,차대차 - 기타,안전거리미확보,건조,맑음,단일로 - 기타,승용,남,65세,상해없음,이륜,남,23세,중상
2014111300100337,2014년 11월 13일 14시,목요일,충청남도 천안시 동남구 영성동,중상사고,0,1,0,0,차대차 - 기타,교차로운행방법위반,건조,맑음,교차로 - 교차로안,화물,남,47세,상해없음,이륜,남,19세,중상
2014111300100362,2014년 11월 13일 15시,목요일,충청남도 논산시 내동,경상사고,0,0,1,0,차대차 - 추돌 - 주정차중,안전운전불이행,건조,맑음,단일로 - 기타,이륜,남,20세,경상,승용,남,52세,기타불명
2014111300100363,2014년 11월 13일 15시,목요일,충청남도 당진시 읍내리,부상신고사고,0,0,0,1,차대사람 - 길가장자리구역통행중,안전운전불이행,건조,맑음,교차로 - 교차로부근,기타불명,기타불명,기타불명,기타불명,보행자,남,16세,부상신고
2014111300100404,2014년 11월 13일 16시,목요일,충청남도 논산시 취암동,경상사고,0,0,1,0,차대사람 - 차도통행중,안전운전불이행,건조,맑음,단일로 - 기타,승용,여,60세,기타불명,보행자,여,22세,경상
2014111300100405,2014년 11월 13일 16시,목요일,충청남도 당진시 석문면,중상사고,0,1,0,0,차대차 - 기타,중앙선침범,건조,맑음,단일로 - 기타,승용,남,48세,상해없음,화물,남,48세,중상
2014111300100406,2014년 11월 13일 16시,목요일,충청남도 천안시 동남구 봉명동,중상사고,0,1,2,0,차대차 - 기타,교차로운행방법위반,건조,맑음,교차로 - 교차로안,화물,남,54세,상해없음,승합,여,53세,상해없음
2014111300100448,2014년 11월 13일 17시,목요일,충청남도 천안시 서북구 성정동,경상사고,0,0,1,0,차대차 - 기타,안전거리미확보,건조,맑음,기타 - 기타,승용,남,48세,상해없음,승합,남,50세,상해없음
2014111300100449,2014년 11월 13일 17시,목요일,충청남도 논산시 부창동,사망사고,1,0,0,0,차량단독 - 전도전복,안전운전불이행,건조,맑음,미분류 - 미분류,이륜,남,71세,사망,,,,
2014111300100450,2014년 11월 13일 17시,목요일,충청남도 논산시 취암동,경상사고,0,0,1,0,차대차 - 추돌 - 진행중,안전운전불이행,건조,맑음,교차로 - 교차로안,승용,남,58세,상해없음,승용,남,33세,경상
2014111300100451,2014년 11월 13일 17시,목요일,충청남도 공주시 신풍면,중상사고,0,7,0,0,차대차 - 측면직각충돌,신호위반,건조,맑음,교차로 - 교차로안,승용,남,56세,중상,화물,남,63세,중상
2014111300100507,2014년 11월 13일 18시,목요일,충청남도 천안시 서북구 성환읍,중상사고,0,1,0,0,차대차 - 기타,신호위반,건조,맑음,교차로 - 교차로안,승용,여,45세,상해없음,승용,여,46세,중상
2014111300100508,2014년 11월 13일 18시,목요일,충청남도 홍성군 은하면,경상사고,0,0,1,0,차대차 - 기타,안전운전불이행,건조,맑음,단일로 - 기타,승용,남,57세,상해없음,농기계,남,77세,경상
2014111300100509,2014년 11월 13일 18시,목요일,충청남도 홍성군 홍성읍,경상사고,0,0,1,0,차대차 - 기타,교차로운행방법위반,건조,맑음,교차로 - 교차로안,화물,남,46세,상해없음,이륜,남,27세,경상
2014111300100510,2014년 11월 13일 18시,목요일,충청남도 홍성군 광천읍,중상사고,0,1,0,0,차대차 - 기타,안전운전불이행,건조,맑음,단일로 - 기타,승합,남,47세,상해없음,승용,남,53세,중상
2014111300100511,2014년 11월 13일 18시,목요일,충청남도 보령시 신흑동,경상사고,0,0,1,0,차대차 - 추돌 - 진행중,신호위반,습기,비,교차로 - 교차로안,승용,남,25세,상해없음,승용,남,32세,상해없음
2014111300100512,2014년 11월 13일 18시,목요일,충청남도 보령시 내항동,경상사고,0,0,1,0,차대사람 - 차도통행중,안전운전불이행,건조,맑음,단일로 - 기타,승용,여,48세,상해없음,보행자,여,59세,경상
2014111300100513,2014년 11월 13일 18시,목요일,충청남도 보령시 동대동,중상사고,0,1,0,0,차대사람 - 기타,안전운전불이행,건조,맑음,교차로 - 교차로부근,승용,남,48세,상해없음,보행자,남,82세,중상
2014111300100568,2014년 11월 13일 19시,목요일,충청남도 천안시 서북구 성환읍,중상사고,0,1,0,0,차량단독 - 공작물충돌,안전운전불이행,건조,맑음,기타 - 기타,화물,남,69세,상해없음,,,,
2014111300100569,2014년 11월 13일 19시,목요일,충청남도 예산군 삽교읍,중상사고,0,1,0,0,차대차 - 기타,안전운전불이행,건조,맑음,교차로 - 교차로안,승용,남,59세,상해없음,원동기,남,45세,중상
2014111300100570,2014년 11월 13일 19시,목요일,충청남도 천안시 동남구 봉명동,중상사고,0,1,0,0,차대사람 - 기타,안전운전불이행,건조,맑음,교차로 - 교차로안,승용,남,55세,상해없음,보행자,남,10세,중상
2014111300100604,2014년 11월 13일 20시,목요일,충청남도 당진시 읍내리,경상사고,0,0,2,0,차대차 - 기타,차로위반,건조,맑음,단일로 - 기타,승용,여,55세,경상,승용,여,30세,경상
2014111300100634,2014년 11월 13일 21시,목요일,충청남도 아산시 탕정면,경상사고,0,0,1,0,차대차 - 추돌 - 주정차중,안전운전불이행,건조,맑음,교차로 - 교차로부근,승용,남,41세,상해없음,승용,남,34세,경상
2014111300100635,2014년 11월 13일 21시,목요일,충청남도 아산시 득산동,중상사고,0,2,2,0,차대차 - 측면직각충돌,신호위반,건조,맑음,교차로 - 교차로안,화물,여,53세,기타불명,승용,남,74세,경상
2014111300100636,2014년 11월 13일 21시,목요일,충청남도 천안시 동남구 병천면,경상사고,0,0,6,0,차대차 - 기타,중앙선침범,건조,맑음,단일로 - 기타,승용,남,34세,상해없음,승합,남,45세,경상
2014111300100688,2014년 11월 13일 23시,목요일,충청남도 당진시 읍내리,경상사고,0,0,1,0,차대차 - 기타,교차로운행방법위반,건조,맑음,교차로 - 교차로안,승용,남,53세,상해없음,승용,남,35세,상해없음
2014111300100689,2014년 11월 13일 23시,목요일,충청남도 천안시 동남구 목천읍,중상사고,0,1,1,0,차대차 - 기타,신호위반,건조,맑음,교차로 - 교차로안,화물,남,58세,상해없음,승용,남,34세,경상
2014111300100690,2014년 11월 13일 23시,목요일,충청남도 천안시 동남구 목천읍,경상사고,0,0,1,0,차대차 - 추돌 - 진행중,안전운전불이행,건조,맑음,단일로 - 기타,승용,남,27세,상해없음,화물,남,57세,경상
2014111400100034,2014년 11월 14일 01시,금요일,충청남도 아산시 온천동,경상사고,0,0,1,0,차대차 - 추돌 - 진행중,안전운전불이행,건조,맑음,단일로 - 기타,승용,기타불명,기타불명,기타불명,승용,여,37세,경상
2014111400100050,2014년 11월 14일 02시,금요일,충청남도 아산시 온천동,경상사고,0,0,1,0,차대차 - 측면직각충돌,직진우회전진행방해,건조,맑음,교차로 - 교차로안,승용,남,37세,상해없음,승용,남,27세,경상
2014111400100072,2014년 11월 14일 04시,금요일,충청남도 천안시 서북구 성정동,중상사고,0,1,0,0,차대차 - 측면직각충돌,직진우회전진행방해,건조,맑음,교차로 - 교차로안,승용,남,25세,중상,승용,여,26세,상해없음
2014111400100082,2014년 11월 14일 05시,금요일,충청남도 아산시 영인면,사망사고,1,0,0,0,차대사람 - 횡단중,안전운전불이행,건조,맑음,교차로 - 교차로부근,화물,남,65세,상해없음,보행자,여,78세,사망
2014111400100111,2014년 11월 14일 06시,금요일,충청남도 태안군 원북면,경상사고,0,0,3,0,차대차 - 측면직각충돌,직진우회전진행방해,건조,맑음,교차로 - 교차로안,화물,여,62세,경상,승용,남,56세,경상
2014111400100112,2014년 11월 14일 06시,금요일,충청남도 공주시 신풍면,중상사고,0,2,0,0,차대차 - 측면직각충돌,신호위반,건조,맑음,교차로 - 교차로안,승용,남,61세,중상,화물,남,51세,중상
2014111400100113,2014년 11월 14일 06시,금요일,충청남도 청양군 청양읍,중상사고,0,1,3,0,차대차 - 측면직각충돌,신호위반,건조,맑음,교차로 - 교차로안,화물,남,78세,상해없음,화물,남,62세,경상
2014111400100135,2014년 11월 14일 07시,금요일,충청남도 천안시 서북구 입장면,중상사고,0,1,0,0,차대사람 - 횡단중,보행자보호의무위반,건조,맑음,단일로 - 횡단보도상,화물,남,38세,상해없음,보행자,여,52세,중상
2014111400100136,2014년 11월 14일 07시,금요일,충청남도 당진시 읍내리,경상사고,0,0,2,0,차대차 - 기타,안전운전불이행,건조,맑음,단일로 - 기타,화물,남,49세,상해없음,승합,남,46세,경상
2014111400100170,2014년 11월 14일 08시,금요일,충청남도 서천군 장항읍,중상사고,0,1,2,0,차대차 - 기타,중앙선침범,습기,흐림,단일로 - 기타,승용,여,26세,중상,승용,남,31세,경상
2014111400100171,2014년 11월 14일 08시,금요일,충청남도 당진시 송악읍,경상사고,0,0,2,0,차대차 - 기타,중앙선침범,건조,맑음,단일로 - 기타,승용,남,47세,상해없음,승용,남,47세,경상
2014111400100205,2014년 11월 14일 09시,금요일,충청남도 천안시 서북구 성환읍,중상사고,0,1,1,0,차대차 - 기타,안전운전불이행,건조,맑음,교차로 - 교차로안,화물,남,41세,상해없음,원동기,남,74세,경상
2014111400100242,2014년 11월 14일 10시,금요일,충청남도 예산군 신암면,중상사고,0,1,0,0,차량단독 - 기타,안전운전불이행,건조,맑음,단일로 - 기타,농기계,남,78세,중상,,,,
2014111400100269,2014년 11월 14일 11시,금요일,충청남도 아산시 초사동,경상사고,0,0,1,0,차대차 - 추돌 - 진행중,안전거리미확보,건조,맑음,단일로 - 기타,승합,남,53세,상해없음,화물,남,58세,경상
2014111400100270,2014년 11월 14일 11시,금요일,충청남도 보령시 청라면,경상사고,0,0,1,0,차대차 - 추돌 - 진행중,과속,건조,맑음,교차로 - 교차로부근,건설기계,남,50세,상해없음,화물,남,65세,상해없음
2014111400100271,2014년 11월 14일 11시,금요일,충청남도 예산군 대흥면,중상사고,0,1,0,0,차대차 - 측면직각충돌,기타,건조,맑음,교차로 - 교차로안,화물,남,73세,상해없음,자전거,남,77세,중상
2014111400100291,2014년 11월 14일 12시,금요일,충청남도 아산시 온천동,경상사고,0,0,1,0,차대사람 - 차도통행중,안전운전불이행,건조,맑음,단일로 - 기타,승용,여,54세,상해없음,보행자,남,66세,경상
2014111400100412,2014년 11월 14일 15시,금요일,충청남도 아산시 인주면,중상사고,0,1,0,0,차대사람 - 차도통행중,중앙선침범,건조,맑음,단일로 - 기타,승용,남,34세,상해없음,보행자,남,54세,중상
2014111400100413,2014년 11월 14일 15시,금요일,충청남도 당진시 채운동,부상신고사고,0,0,0,1,차대사람 - 기타,보행자보호의무위반,건조,맑음,기타 - 기타,기타불명,기타불명,기타불명,기타불명,보행자,여,10세,부상신고
2014111400100458,2014년 11월 14일 16시,금요일,충청남도 천안시 서북구 성정동,경상사고,0,0,1,0,차대사람 - 기타,안전운전불이행,건조,맑음,단일로 - 기타,화물,남,51세,상해없음,보행자,여,14세,경상
2014111400100459,2014년 11월 14일 16시,금요일,충청남도 아산시 영인면,중상사고,0,1,3,0,차대차 - 추돌 - 주정차중,안전거리미확보,건조,맑음,단일로 - 기타,화물,남,44세,상해없음,화물,남,45세,경상
2014111400100460,2014년 11월 14일 16시,금요일,충청남도 예산군 삽교읍,경상사고,0,0,1,0,차대사람 - 길가장자리구역통행중,안전운전불이행,건조,맑음,단일로 - 기타,승용,여,54세,기타불명,보행자,남,17세,경상
2014111400100461,2014년 11월 14일 16시,금요일,충청남도 청양군 청양읍,부상신고사고,0,0,0,1,차대차 - 측면직각충돌,안전운전불이행,습기,비,교차로 - 교차로안,승용,남,74세,부상신고,승용,남,41세,상해없음
2014111400100497,2014년 11월 14일 17시,금요일,충청남도 서산시 읍내동,경상사고,0,0,1,0,차대사람 - 횡단중,안전운전불이행,습기,비,교차로 - 교차로부근,기타불명,기타불명,기타불명,기타불명,보행자,남,78세,경상
2014111400100498,2014년 11월 14일 17시,금요일,충청남도 당진시 석문면,중상사고,0,1,0,0,차대차 - 정면충돌,중앙선침범,건조,맑음,단일로 - 기타,승용,남,40세,상해없음,화물,남,67세,중상
2014111400100499,2014년 11월 14일 17시,금요일,충청남도 천안시 동남구 병천면,경상사고,0,0,1,0,차대사람 - 기타,안전운전불이행,건조,맑음,단일로 - 기타,승용,여,50세,상해없음,보행자,남,23세,경상
2014111400100564,2014년 11월 14일 18시,금요일,충청남도 태안군 소원면,사망사고,1,0,0,0,차대사람 - 횡단중,안전운전불이행,건조,맑음,교차로 - 교차로안,화물,여,63세,상해없음,보행자,남,78세,사망
2014111400100565,2014년 11월 14일 18시,금요일,충청남도 천안시 서북구 성정동,경상사고,0,0,1,0,차대차 - 기타,안전운전불이행,건조,맑음,교차로 - 교차로부근,승용,여,31세,상해없음,원동기,남,38세,경상
2014111400100566,2014년 11월 14일 18시,금요일,충청남도 당진시 송산면,중상사고,0,1,0,0,차대사람 - 기타,안전운전불이행,습기,비,단일로 - 기타,승용,남,39세,상해없음,보행자,남,77세,중상
2014111400100632,2014년 11월 14일 19시,금요일,충청남도 홍성군 홍성읍,경상사고,0,0,1,0,차대차 - 측면직각충돌,신호위반,건조,흐림,단일로 - 기타,승용,남,48세,기타불명,승용,여,37세,경상
2014111400100633,2014년 11월 14일 19시,금요일,충청남도 보령시 신흑동,중상사고,0,1,0,0,차대사람 - 보도통행중,안전운전불이행,습기,흐림,기타 - 기타,승용,여,53세,상해없음,보행자,여,66세,중상
2014111400100634,2014년 11월 14일 19시,금요일,충청남도 예산군 예산읍,경상사고,0,0,1,0,차량단독 - 기타,안전운전불이행,습기,비,단일로 - 기타,이륜,남,44세,상해없음,,,,
2014111400100670,2014년 11월 14일 20시,금요일,충청남도 아산시 모종동,경상사고,0,0,1,0,차대차 - 측면직각충돌,안전운전불이행,건조,맑음,교차로 - 교차로부근,승용,남,29세,상해없음,이륜,남,22세,경상
2014111400100671,2014년 11월 14일 20시,금요일,충청남도 아산시 신창면,경상사고,0,0,1,0,차대차 - 측면직각충돌,안전운전불이행,건조,맑음,단일로 - 기타,승합,남,46세,상해없음,이륜,남,16세,경상
2014111400100672,2014년 11월 14일 20시,금요일,충청남도 보령시 동대동,중상사고,0,1,2,0,차대차 - 추돌 - 진행중,차로위반,습기,흐림,단일로 - 교량,승용,여,62세,상해없음,승용,남,42세,경상
2014111400100718,2014년 11월 14일 21시,금요일,충청남도 아산시 권곡동,중상사고,0,1,0,0,차대차 - 측면직각충돌,직진우회전진행방해,건조,맑음,교차로 - 교차로안,승용,남,32세,상해없음,이륜,남,35세,중상
2014111400100719,2014년 11월 14일 21시,금요일,충청남도 부여군 규암면,중상사고,0,1,1,0,차대차 - 측면직각충돌,신호위반,건조,맑음,교차로 - 교차로안,승용,남,54세,상해없음,승용,여,30세,경상
2014111400100755,2014년 11월 14일 22시,금요일,충청남도 서산시 대산읍,사망사고,1,3,1,0,차대차 - 측면직각충돌,중앙선침범,건조,맑음,단일로 - 기타,승용,여,40세,중상,승용,남,34세,경상
2014111400100756,2014년 11월 14일 22시,금요일,충청남도 계룡시 엄사면,경상사고,0,0,1,0,차대차 - 추돌 - 진행중,안전운전불이행,건조,맑음,교차로 - 교차로부근,승용,여,40세,상해없음,승용,남,58세,상해없음
2014111400100757,2014년 11월 14일 22시,금요일,충청남도 홍성군 광천읍,중상사고,0,1,1,0,차대사람 - 기타,안전운전불이행,습기,안개,단일로 - 기타,승용,여,46세,경상,보행자,남,59세,중상
2014111400100793,2014년 11월 14일 23시,금요일,충청남도 홍성군 광천읍,경상사고,0,0,1,0,차대사람 - 기타,안전운전불이행,건조,맑음,단일로 - 기타,승용,남,27세,상해없음,보행자,남,46세,경상
2014111500100020,2014년 11월 15일 00시,토요일,충청남도 아산시 둔포면,경상사고,0,0,4,0,차대차 - 측면직각충돌,교차로운행방법위반,건조,맑음,교차로 - 교차로안,승용,남,44세,상해없음,승용,남,29세,상해없음
2014111500100059,2014년 11월 15일 02시,토요일,충청남도 보령시 동대동,경상사고,0,0,1,0,차대사람 - 기타,안전운전불이행,건조,맑음,단일로 - 기타,승용,남,29세,상해없음,보행자,여,19세,경상
2014111500100060,2014년 11월 15일 02시,토요일,충청남도 청양군 청양읍,중상사고,0,1,0,0,차대차 - 측면직각충돌,교차로운행방법위반,기타,안개,교차로 - 교차로안,화물,남,63세,상해없음,승용,남,26세,중상
2014111500100116,2014년 11월 15일 06시,토요일,충청남도 천안시 서북구 쌍용동,중상사고,0,1,0,0,차대차 - 기타,안전운전불이행,건조,맑음,단일로 - 기타,자전거,남,65세,중상,승용,남,61세,상해없음
2014111500100117,2014년 11월 15일 06시,토요일,충청남도 예산군 예산읍,사망사고,1,0,0,0,차대사람 - 횡단중,안전운전불이행,건조,맑음,단일로 - 기타,승용,남,49세,상해없음,보행자,여,14세,사망
2014111500100162,2014년 11월 15일 08시,토요일,충청남도 서천군 서면,경상사고,0,0,1,0,차대차 - 기타,기타,건조,맑음,교차로 - 교차로안,화물,남,44세,상해없음,승용,여,37세,경상
2014111500100255,2014년 11월 15일 11시,토요일,충청남도 당진시 합덕읍,중상사고,0,1,0,0,차대차 - 측면직각충돌,교차로운행방법위반,건조,맑음,교차로 - 교차로안,승용,남,57세,상해없음,화물,남,66세,중상
2014111500100287,2014년 11월 15일 12시,토요일,충청남도 홍성군 홍성읍,경상사고,0,0,1,0,차대차 - 기타,안전운전불이행,건조,맑음,교차로 - 교차로안,승용,여,48세,상해없음,승용,여,48세,경상
2014111500100318,2014년 11월 15일 13시,토요일,충청남도 당진시 송악읍,경상사고,0,0,1,0,차대차 - 기타,안전운전불이행,건조,맑음,단일로 - 기타,건설기계,남,36세,상해없음,승용,남,37세,상해없음
2014111500100349,2014년 11월 15일 14시,토요일,충청남도 아산시 둔포면,경상사고,0,0,3,0,차대차 - 측면직각충돌,신호위반,건조,맑음,교차로 - 교차로안,승용,남,42세,상해없음,승용,여,20세,경상
2014111500100421,2014년 11월 15일 16시,토요일,충청남도 서산시 해미면,경상사고,0,0,2,0,차대차 - 추돌 - 진행중,안전운전불이행,건조,맑음,교차로 - 교차로부근,승용,남,47세,상해없음,승용,여,41세,경상
2014111500100517,2014년 11월 15일 18시,토요일,충청남도 보령시 신흑동,중상사고,0,1,0,0,차대사람 - 길가장자리구역통행중,안전운전불이행,건조,흐림,단일로 - 기타,화물,남,59세,상해없음,보행자,남,55세,중상
2014111500100518,2014년 11월 15일 18시,토요일,충청남도 금산군 금산읍,중상사고,0,1,0,0,차대차 - 측면직각충돌,직진우회전진행방해,건조,맑음,교차로 - 교차로안,승용,남,61세,상해없음,원동기,남,33세,중상
2014111500100556,2014년 11월 15일 19시,토요일,충청남도 천안시 서북구 성거읍,중상사고,0,1,0,0,차대차 - 기타,안전운전불이행,건조,맑음,단일로 - 기타,승합,남,52세,상해없음,승합,남,54세,상해없음
2014111500100595,2014년 11월 15일 20시,토요일,충청남도 천안시 서북구 성정동,부상신고사고,0,0,0,1,차대차 - 기타,안전운전불이행,건조,맑음,단일로 - 기타,자전거,남,57세,부상신고,승용,여,45세,상해없음
2014111500100596,2014년 11월 15일 20시,토요일,충청남도 천안시 동남구 목천읍,경상사고,0,0,1,0,차대차 - 추돌 - 주정차중,안전운전불이행,건조,맑음,단일로 - 기타,이륜,남,50세,경상,승용,여,31세,기타불명
2014111500100617,2014년 11월 15일 21시,토요일,충청남도 논산시 성동면,경상사고,0,0,2,0,차대차 - 측면직각충돌,신호위반,건조,맑음,교차로 - 교차로안,화물,남,65세,상해없음,승용,남,54세,경상
2014111500100618,2014년 11월 15일 21시,토요일,충청남도 아산시 인주면,경상사고,0,0,1,0,차대사람 - 기타,안전운전불이행,건조,맑음,단일로 - 기타,승용,남,42세,상해없음,보행자,남,40세,경상
2014111500100619,2014년 11월 15일 21시,토요일,충청남도 서천군 서천읍,경상사고,0,0,1,0,차대사람 - 길가장자리구역통행중,안전운전불이행,건조,기타,단일로 - 기타,승용,여,39세,상해없음,보행자,남,28세,경상
2014111500100673,2014년 11월 15일 23시,토요일,충청남도 아산시 인주면,경상사고,0,0,1,0,차대차 - 추돌 - 주정차중,안전운전불이행,건조,맑음,교차로 - 교차로부근,승용,남,35세,상해없음,승용,남,32세,경상
2014111600100018,2014년 11월 16일 00시,일요일,충청남도 천안시 동남구 신부동,경상사고,0,0,2,0,차대차 - 기타,안전운전불이행,건조,맑음,단일로 - 기타,승합,남,53세,상해없음,이륜,남,18세,경상
2014111600100056,2014년 11월 16일 02시,일요일,충청남도 공주시 신관동,경상사고,0,0,1,0,차대사람 - 기타,안전운전불이행,건조,맑음,단일로 - 기타,원동기,남,25세,상해없음,보행자,남,30세,경상
2014111600100129,2014년 11월 16일 08시,일요일,충청남도 금산군 군북면,사망사고,1,0,0,0,차량단독 - 도로외이탈 - 추락,안전운전불이행,건조,맑음,교차로 - 교차로부근,원동기,남,75세,사망,,,,
2014111600100141,2014년 11월 16일 09시,일요일,충청남도 부여군 부여읍,중상사고,0,1,0,0,차대차 - 측면직각충돌,직진우회전진행방해,건조,맑음,교차로 - 교차로안,승용,여,63세,상해없음,원동기,남,72세,중상
2014111600100159,2014년 11월 16일 10시,일요일,충청남도 천안시 동남구 구성동,경상사고,0,0,2,0,차대차 - 측면직각충돌,안전운전불이행,건조,맑음,단일로 - 기타,승용,남,65세,상해없음,승용,남,29세,경상
2014111600100186,2014년 11월 16일 11시,일요일,충청남도 아산시 온천동,사망사고,1,0,0,0,차대사람 - 횡단중,안전운전불이행,건조,맑음,교차로 - 교차로안,승합,남,51세,상해없음,보행자,여,90세,사망