사고번호,사고일시,요일,시군구,사고내용,사망자수,중상자수,경상자수,부상신고자수,사고유형,법규위반,노면상태,기상상태,도로형태,가해운전자 차종,가해운전자 성별,가해운전자 연령,가해운전자 상해정도,피해운전자 차종,피해운전자 성별,피해운전자 연령,피해운전자 상해정도
2014111600100187,2014년 11월 16일 11시,일요일,충청남도 천안시 동남구 병천면,경상사고,0,0,2,0,차대차 - 추돌 - 주정차중,중앙선침범,건조,맑음,단일로 - 기타,화물,남,55세,상해없음,승용,남,68세,경상
2014111600100188,2014년 11월 16일 11시,일요일,충청남도 천안시 동남구 목천읍,경상사고,0,0,1,0,차대차 - 추돌 - 진행중,안전운전불이행,건조,맑음,단일로 - 기타,승용,여,49세,상해없음,승용,여,37세,경상
2014111600100270,2014년 11월 16일 14시,일요일,충청남도 부여군 규암면,경상사고,0,0,1,0,차량단독 - 전도전복,안전운전불이행,건조,맑음,교차로 - 교차로부근,원동기,남,72세,경상,,,,
2014111600100271,2014년 11월 16일 14시,일요일,충청남도 천안시 동남구 광덕면,경상사고,0,0,7,0,차대차 - 추돌 - 주정차중,안전운전불이행,건조,맑음,단일로 - 기타,화물,남,34세,상해없음,승용,남,22세,경상
2014111600100323,2014년 11월 16일 16시,일요일,충청남도 논산시 양촌면,중상사고,0,1,0,0,차대차 - 측면직각충돌,중앙선침범,건조,맑음,단일로 - 기타,화물,남,62세,중상,화물,남,65세,상해없음
2014111600100324,2014년 11월 16일 16시,일요일,충청남도 아산시 영인면,부상신고사고,0,0,0,1,차대차 - 기타,중앙선침범,건조,맑음,교차로 - 교차로안,승용,남,72세,상해없음,승용,남,39세,부상신고
2014111600100325,2014년 11월 16일 16시,일요일,충청남도 당진시 합덕읍,사망사고,1,1,0,0,차대차 - 기타,중앙선침범,건조,맑음,교차로 - 교차로안,승용,남,23세,중상,승용,남,57세,사망
2014111600100363,2014년 11월 16일 17시,일요일,충청남도 서산시 음암면,중상사고,0,1,0,0,차량단독 - 도로외이탈 - 추락,안전운전불이행,건조,맑음,단일로 - 기타,승용,남,52세,중상,,,,
2014111600100393,2014년 11월 16일 18시,일요일,충청남도 태안군 안면읍,경상사고,0,0,1,0,차량단독 - 공작물충돌,안전운전불이행,건조,맑음,단일로 - 기타,화물,남,40세,경상,,,,
2014111600100394,2014년 11월 16일 18시,일요일,충청남도 서산시 동문동,중상사고,0,1,0,0,차대차 - 측면직각충돌,차로위반,건조,맑음,교차로 - 교차로부근,원동기,남,54세,중상,건설기계,남,38세,상해없음
2014111600100431,2014년 11월 16일 19시,일요일,충청남도 논산시 반월동,중상사고,0,1,0,0,차대사람 - 횡단중,보행자보호의무위반,건조,맑음,단일로 - 횡단보도상,이륜,남,18세,상해없음,보행자,남,23세,중상
2014111600100432,2014년 11월 16일 19시,일요일,충청남도 보령시 대천동,중상사고,0,1,0,0,차대사람 - 보도통행중,보행자보호의무위반,건조,흐림,단일로 - 기타,승용,남,65세,상해없음,보행자,여,60세,중상
2014111600100433,2014년 11월 16일 19시,일요일,충청남도 공주시 송선동,사망사고,1,0,0,0,차대사람 - 횡단중,안전운전불이행,건조,흐림,단일로 - 기타,승합,남,43세,상해없음,보행자,여,66세,사망
2014111600100471,2014년 11월 16일 20시,일요일,충청남도 천안시 서북구 성정동,경상사고,0,0,1,0,차대차 - 측면직각충돌,안전운전불이행,건조,맑음,단일로 - 기타,승용,남,40세,상해없음,원동기,남,42세,경상
2014111600100472,2014년 11월 16일 20시,일요일,충청남도 당진시 대덕리,중상사고,0,1,0,0,차대사람 - 횡단중,안전운전불이행,건조,맑음,단일로 - 기타,승용,남,47세,상해없음,보행자,남,31세,중상
2014111600100473,2014년 11월 16일 20시,일요일,충청남도 천안시 동남구 봉명동,중상사고,0,1,0,0,차대차 - 측면직각충돌,신호위반,건조,맑음,교차로 - 교차로안,승용,남,35세,기타불명,승용,남,52세,중상
2014111600100492,2014년 11월 16일 21시,일요일,충청남도 서산시 갈산동,경상사고,0,0,2,0,차대차 - 측면직각충돌,교차로운행방법위반,건조,맑음,교차로 - 교차로안,승용,남,40세,경상,승용,남,76세,경상
2014111600100493,2014년 11월 16일 21시,일요일,충청남도 홍성군 홍성읍,중상사고,0,1,0,0,차대사람 - 횡단중,안전운전불이행,습기,비,단일로 - 기타,승용,남,25세,상해없음,보행자,여,57세,중상
2014111600100551,2014년 11월 16일 23시,일요일,충청남도 천안시 동남구 목천읍,경상사고,0,0,1,0,차대차 - 추돌 - 진행중,안전거리미확보,건조,맑음,단일로 - 기타,승용,남,54세,상해없음,원동기,남,17세,경상
2014111700100093,2014년 11월 17일 07시,월요일,충청남도 서산시 해미면,중상사고,0,1,0,0,차대사람 - 기타,안전운전불이행,건조,맑음,단일로 - 터널,이륜,기타불명,기타불명,기타불명,보행자,여,68세,중상
2014111700100094,2014년 11월 17일 07시,월요일,충청남도 태안군 원북면,경상사고,0,0,1,0,차대차 - 측면직각충돌,중앙선침범,건조,맑음,단일로 - 기타,승용,남,50세,상해없음,승용,남,43세,경상
2014111700100095,2014년 11월 17일 07시,월요일,충청남도 예산군 삽교읍,경상사고,0,0,1,0,차대차 - 측면직각충돌,직진우회전진행방해,건조,맑음,교차로 - 교차로안,특수,남,39세,상해없음,화물,남,56세,경상
2014111700100132,2014년 11월 17일 08시,월요일,충청남도 천안시 서북구 불당동,경상사고,0,0,1,0,차대사람 - 기타,안전운전불이행,습기,비,기타 - 기타,자전거,남,13세,상해없음,보행자,여,55세,경상
2014111700100133,2014년 11월 17일 08시,월요일,충청남도 아산시 둔포면,경상사고,0,0,1,0,차대차 - 추돌 - 진행중,안전운전불이행,습기,비,교차로 - 교차로부근,화물,남,52세,상해없음,승용,여,40세,경상
2014111700100134,2014년 11월 17일 08시,월요일,충청남도 부여군 부여읍,경상사고,0,0,1,0,차대차 - 기타,안전운전불이행,습기,맑음,교차로 - 교차로안,승용,여,32세,경상,승용,남,41세,상해없음
2014111700100171,2014년 11월 17일 09시,월요일,충청남도 서산시 운산면,경상사고,0,0,2,1,차대차 - 측면직각충돌,교차로운행방법위반,건조,흐림,교차로 - 교차로안,승용,여,55세,부상신고,승용,남,75세,경상
2014111700100211,2014년 11월 17일 10시,월요일,충청남도 예산군 신암면,중상사고,0,1,1,0,차대차 - 정면충돌,중앙선침범,건조,맑음,단일로 - 기타,승용,여,51세,경상,화물,남,40세,중상
2014111700100212,2014년 11월 17일 10시,월요일,충청남도 천안시 동남구 신방동,경상사고,0,0,1,0,차대사람 - 기타,안전운전불이행,건조,맑음,교차로 - 교차로부근,승합,여,50세,상해없음,보행자,남,82세,경상
2014111700100238,2014년 11월 17일 11시,월요일,충청남도 예산군 고덕면,경상사고,0,0,1,0,차대차 - 측면직각충돌,불법유턴,건조,맑음,단일로 - 기타,이륜,남,77세,경상,승합,여,56세,상해없음
2014111700100270,2014년 11월 17일 12시,월요일,충청남도 부여군 부여읍,경상사고,0,0,1,0,차대차 - 기타,안전운전불이행,건조,맑음,교차로 - 교차로부근,이륜,남,86세,경상,화물,남,47세,상해없음
2014111700100297,2014년 11월 17일 13시,월요일,충청남도 서산시 동문동,중상사고,0,1,0,0,차대차 - 측면직각충돌,안전운전불이행,건조,맑음,교차로 - 교차로안,승용,남,42세,상해없음,자전거,여,41세,중상
2014111700100298,2014년 11월 17일 13시,월요일,충청남도 서산시 운산면,경상사고,0,0,1,0,차대사람 - 기타,안전운전불이행,건조,맑음,기타 - 기타,화물,남,57세,상해없음,보행자,남,16세,경상
2014111700100326,2014년 11월 17일 14시,월요일,충청남도 천안시 서북구 성정동,부상신고사고,0,0,0,2,차대차 - 기타,안전운전불이행,건조,맑음,기타 - 기타,승용,남,39세,상해없음,승용,남,21세,부상신고
2014111700100364,2014년 11월 17일 15시,월요일,충청남도 부여군 부여읍,경상사고,0,0,1,0,차대차 - 기타,안전운전불이행,건조,맑음,교차로 - 교차로안,자전거,남,76세,경상,승용,남,51세,상해없음
2014111700100365,2014년 11월 17일 15시,월요일,충청남도 금산군 추부면,중상사고,0,1,5,0,차대차 - 기타,기타,습기,흐림,교차로 - 교차로안,승용,남,31세,상해없음,승합,남,35세,상해없음
2014111700100482,2014년 11월 17일 18시,월요일,충청남도 아산시 탕정면,경상사고,0,0,1,0,차대차 - 추돌 - 주정차중,안전운전불이행,건조,맑음,교차로 - 교차로부근,승용,남,41세,상해없음,승용,남,20세,경상
2014111700100534,2014년 11월 17일 19시,월요일,충청남도 당진시 면천면,경상사고,0,0,1,0,차대차 - 측면직각충돌,교차로운행방법위반,건조,맑음,교차로 - 교차로안,승합,남,64세,상해없음,승용,남,35세,경상
2014111700100574,2014년 11월 17일 20시,월요일,충청남도 서산시 읍내동,경상사고,0,0,1,0,차대차 - 측면직각충돌,직진우회전진행방해,건조,맑음,교차로 - 교차로안,이륜,남,16세,경상,승합,남,72세,상해없음
2014111700100610,2014년 11월 17일 21시,월요일,충청남도 서산시 운산면,중상사고,0,2,0,0,차대차 - 측면직각충돌,안전운전불이행,건조,맑음,단일로 - 기타,승용,남,64세,상해없음,승합,남,52세,중상
2014111700100648,2014년 11월 17일 22시,월요일,충청남도 천안시 서북구 성정동,경상사고,0,0,2,0,차대차 - 추돌 - 주정차중,안전운전불이행,건조,맑음,교차로 - 교차로부근,승용,남,30세,상해없음,승용,여,48세,경상
2014111700100649,2014년 11월 17일 22시,월요일,충청남도 아산시 권곡동,경상사고,0,0,2,0,차대차 - 추돌 - 주정차중,안전운전불이행,건조,맑음,교차로 - 교차로부근,승용,남,26세,상해없음,승용,남,31세,경상
2014111700100670,2014년 11월 17일 23시,월요일,충청남도 아산시 용화동,부상신고사고,0,0,0,1,차대사람 - 기타,안전운전불이행,건조,맑음,단일로 - 기타,화물,남,51세,상해없음,보행자,남,25세,부상신고
2014111800100031,2014년 11월 18일 02시,화요일,충청남도 천안시 서북구 입장면,경상사고,0,0,2,0,차대차 - 측면직각충돌,신호위반,건조,맑음,교차로 - 교차로안,승용,남,32세,상해없음,화물,남,57세,경상
2014111800100092,2014년 11월 18일 07시,화요일,충청남도 당진시 송산면,중상사고,0,2,3,0,차대차 - 측면직각충돌,교차로운행방법위반,건조,맑음,교차로 - 교차로안,승합,남,53세,상해없음,특수,남,45세,상해없음
2014111800100128,2014년 11월 18일 08시,화요일,충청남도 논산시 덕지동,경상사고,0,0,1,0,차대차 - 추돌 - 주정차중,안전운전불이행,건조,맑음,교차로 - 교차로부근,승용,남,43세,상해없음,승용,여,42세,경상
2014111800100219,2014년 11월 18일 11시,화요일,충청남도 서산시 읍내동,경상사고,0,0,2,0,차대차 - 측면직각충돌,기타,건조,맑음,교차로 - 교차로안,승용,여,24세,상해없음,승용,남,61세,경상
2014111800100220,2014년 11월 18일 11시,화요일,충청남도 천안시 서북구 두정동,경상사고,0,0,1,0,차대차 - 기타,교차로운행방법위반,건조,맑음,교차로 - 교차로안,승용,남,57세,상해없음,승용,여,42세,경상
2014111800100252,2014년 11월 18일 12시,화요일,충청남도 서산시 부석면,경상사고,0,0,2,0,차대차 - 측면직각충돌,기타,건조,맑음,교차로 - 교차로안,화물,남,50세,상해없음,승용,여,49세,경상
2014111800100253,2014년 11월 18일 12시,화요일,충청남도 아산시 온천동,경상사고,0,0,1,0,차대사람 - 횡단중,안전운전불이행,건조,맑음,교차로 - 교차로부근,승용,여,37세,상해없음,보행자,남,80세,경상
2014111800100282,2014년 11월 18일 13시,화요일,충청남도 보령시 동대동,중상사고,0,2,0,0,차대차 - 추돌 - 진행중,직진우회전진행방해,건조,맑음,교차로 - 교차로부근,이륜,남,88세,중상,승용,여,45세,상해없음
2014111800100376,2014년 11월 18일 16시,화요일,충청남도 서산시 동문동,경상사고,0,0,1,0,차대차 - 측면직각충돌,직진우회전진행방해,건조,맑음,교차로 - 교차로안,화물,남,59세,상해없음,승합,남,47세,경상
2014111800100377,2014년 11월 18일 16시,화요일,충청남도 논산시 취암동,경상사고,0,0,1,0,차대차 - 측면직각충돌,직진우회전진행방해,건조,맑음,교차로 - 교차로안,이륜,남,16세,경상,승용,여,49세,상해없음
2014111800100417,2014년 11월 18일 17시,화요일,충청남도 논산시 강경읍,중상사고,0,2,1,0,차대차 - 측면직각충돌,직진우회전진행방해,건조,맑음,교차로 - 교차로안,승용,남,65세,중상,화물,남,57세,경상
2014111800100418,2014년 11월 18일 17시,화요일,충청남도 홍성군 홍성읍,중상사고,0,1,0,0,차대사람 - 횡단중,안전운전불이행,건조,맑음,단일로 - 기타,승용,남,72세,상해없음,보행자,여,73세,중상
2014111800100419,2014년 11월 18일 17시,화요일,충청남도 보령시 동대동,중상사고,0,1,0,0,차대사람 - 기타,안전운전불이행,건조,맑음,단일로 - 기타,승용,남,56세,상해없음,보행자,여,66세,중상
2014111800100420,2014년 11월 18일 17시,화요일,충청남도 천안시 동남구 봉명동,경상사고,0,0,1,0,차대차 - 측면직각충돌,교차로운행방법위반,건조,맑음,교차로 - 교차로안,승용,여,49세,상해없음,자전거,남,14세,경상
2014111800100477,2014년 11월 18일 18시,화요일,충청남도 천안시 서북구 성거읍,중상사고,0,1,0,0,차대차 - 기타,안전거리미확보,건조,맑음,단일로 - 기타,승용,남,43세,상해없음,승용,여,65세,상해없음
2014111800100569,2014년 11월 18일 20시,화요일,충청남도 천안시 서북구 직산읍,경상사고,0,0,1,0,차대차 - 측면직각충돌,신호위반,건조,맑음,교차로 - 교차로안,승용,남,52세,상해없음,승용,남,29세,경상
2014111800100570,2014년 11월 18일 20시,화요일,충청남도 논산시 취암동,중상사고,0,1,0,0,차대차 - 기타,교차로운행방법위반,건조,맑음,교차로 - 교차로안,승용,남,43세,상해없음,이륜,남,17세,중상
2014111800100571,2014년 11월 18일 20시,화요일,충청남도 당진시 신평면,사망사고,1,0,0,0,차량단독 - 전도전복,안전운전불이행,건조,맑음,단일로 - 기타,승용,여,54세,사망,,,,
2014111800100572,2014년 11월 18일 20시,화요일,충청남도 천안시 동남구 안서동,중상사고,0,1,0,0,차대차 - 기타,안전운전불이행,건조,맑음,교차로 - 교차로안,승용,남,34세,상해없음,이륜,남,16세,중상
2014111800100595,2014년 11월 18일 21시,화요일,충청남도 천안시 서북구 불당동,경상사고,0,0,2,0,차대차 - 측면직각충돌,직진우회전진행방해,건조,맑음,교차로 - 교차로안,승용,여,42세,경상,승용,남,41세,경상
2014111800100596,2014년 11월 18일 21시,화요일,충청남도 공주시 신관동,경상사고,0,0,1,0,차대차 - 기타,안전운전불이행,건조,맑음,교차로 - 교차로안,승용,남,25세,기타불명,승용,여,50세,경상
2014111800100654,2014년 11월 18일 23시,화요일,충청남도 천안시 동남구 봉명동,경상사고,0,0,2,0,차대차 - 추돌 - 주정차중,안전운전불이행,건조,맑음,단일로 - 기타,승용,남,57세,상해없음,승용,남,36세,상해없음
2014111900100009,2014년 11월 19일 00시,수요일,충청남도 천안시 서북구 쌍용동,중상사고,0,1,1,0,차대차 - 기타,신호위반,건조,맑음,교차로 - 교차로안,승용,남,36세,기타불명,승용,여,52세,중상
2014111900100027,2014년 11월 19일 01시,수요일,충청남도 천안시 서북구 두정동,중상사고,0,1,0,0,차대차 - 측면직각충돌,안전운전불이행,건조,맑음,교차로 - 교차로안,원동기,남,25세,중상,승용,남,55세,상해없음
2014111900100028,2014년 11월 19일 01시,수요일,충청남도 보령시 주교면,중상사고,0,1,0,0,차량단독 - 기타,안전운전불이행,건조,맑음,단일로 - 기타,이륜,남,21세,중상,,,,
2014111900100040,2014년 11월 19일 02시,수요일,충청남도 당진시 송악읍,중상사고,0,1,3,0,차대차 - 추돌 - 진행중,안전운전불이행,건조,맑음,단일로 - 기타,승용,남,40세,상해없음,승용,남,46세,중상
2014111900100066,2014년 11월 19일 05시,수요일,충청남도 아산시 선장면,중상사고,0,1,0,0,차대차 - 추돌 - 진행중,안전운전불이행,건조,맑음,단일로 - 기타,승용,남,33세,상해없음,농기계,남,72세,중상
2014111900100155,2014년 11월 19일 08시,수요일,충청남도 예산군 예산읍,경상사고,0,0,1,0,차량단독 - 공작물충돌,안전운전불이행,건조,맑음,단일로 - 기타,승용,남,52세,경상,,,,
2014111900100156,2014년 11월 19일 08시,수요일,충청남도 당진시 순성면,경상사고,0,0,2,0,차대차 - 추돌 - 진행중,안전거리미확보,건조,맑음,단일로 - 기타,승용,여,50세,상해없음,승용,남,79세,경상
2014111900100287,2014년 11월 19일 12시,수요일,충청남도 보령시 남포면,경상사고,0,0,1,0,차대차 - 기타,기타,건조,맑음,단일로 - 기타,화물,남,57세,상해없음,승용,여,50세,경상
2014111900100312,2014년 11월 19일 13시,수요일,충청남도 태안군 안면읍,중상사고,0,3,1,0,차대차 - 기타,교차로운행방법위반,건조,맑음,교차로 - 교차로안,화물,남,61세,상해없음,승합,남,53세,중상
2014111900100313,2014년 11월 19일 13시,수요일,충청남도 논산시 대교동,사망사고,1,0,0,0,차대차 - 측면직각충돌,안전운전불이행,건조,맑음,단일로 - 기타,승합,남,52세,상해없음,이륜,남,80세,사망
2014111900100370,2014년 11월 19일 15시,수요일,충청남도 서산시 대산읍,중상사고,0,1,1,0,차대차 - 측면직각충돌,안전운전불이행,건조,맑음,교차로 - 교차로안,특수,남,54세,상해없음,승용,남,45세,경상
2014111900100371,2014년 11월 19일 15시,수요일,충청남도 공주시 사곡면,경상사고,0,0,4,0,차대차 - 기타,안전운전불이행,건조,맑음,단일로 - 기타,승용,여,32세,경상,승용,남,45세,경상
2014111900100411,2014년 11월 19일 16시,수요일,충청남도 아산시 온천동,경상사고,0,0,1,0,차대차 - 추돌 - 주정차중,안전운전불이행,건조,맑음,교차로 - 교차로부근,승용,남,49세,상해없음,승용,여,60세,경상
2014111900100412,2014년 11월 19일 16시,수요일,충청남도 천안시 동남구 신부동,경상사고,0,0,1,0,차대차 - 추돌 - 주정차중,안전운전불이행,건조,맑음,교차로 - 교차로부근,승용,남,25세,상해없음,승용,여,34세,경상
2014111900100413,2014년 11월 19일 16시,수요일,충청남도 천안시 동남구 광덕면,경상사고,0,0,1,0,차대차 - 기타,안전운전불이행,건조,맑음,단일로 - 기타,승용,남,52세,상해없음,승용,남,55세,경상
2014111900100443,2014년 11월 19일 17시,수요일,충청남도 서산시 지곡면,경상사고,0,0,1,0,차대차 - 측면직각충돌,교차로운행방법위반,건조,맑음,교차로 - 교차로안,승합,남,59세,상해없음,승용,남,49세,경상
2014111900100503,2014년 11월 19일 18시,수요일,충청남도 논산시 연무읍,사망사고,1,0,0,0,차대차 - 추돌 - 진행중,안전운전불이행,건조,맑음,단일로 - 기타,화물,남,40세,상해없음,자전거,남,67세,사망
2014111900100504,2014년 11월 19일 18시,수요일,충청남도 아산시 배방읍,사망사고,1,0,0,0,차량단독 - 도로외이탈 - 추락,안전운전불이행,건조,맑음,기타 - 기타,승용,남,58세,사망,,,,
2014111900100505,2014년 11월 19일 18시,수요일,충청남도 당진시 면천면,중상사고,0,1,0,0,차대차 - 기타,안전운전불이행,건조,맑음,단일로 - 기타,승용,남,41세,상해없음,이륜,남,84세,중상
2014111900100506,2014년 11월 19일 18시,수요일,충청남도 청양군 남양면,경상사고,0,0,1,0,차대차 - 정면충돌,안전운전불이행,건조,맑음,단일로 - 기타,화물,남,52세,상해없음,이륜,남,69세,경상
2014111900100559,2014년 11월 19일 19시,수요일,충청남도 천안시 서북구 백석동,중상사고,0,1,2,0,차대차 - 기타,교차로운행방법위반,건조,맑음,교차로 - 교차로안,승합,남,45세,상해없음,승용,남,46세,상해없음
2014111900100560,2014년 11월 19일 19시,수요일,충청남도 논산시 취암동,경상사고,0,0,1,0,차대차 - 추돌 - 진행중,안전운전불이행,건조,맑음,단일로 - 기타,승용,남,32세,상해없음,자전거,여,30세,경상
2014111900100561,2014년 11월 19일 19시,수요일,충청남도 천안시 동남구 신방동,중상사고,0,2,0,0,차대사람 - 횡단중,안전운전불이행,건조,맑음,교차로 - 교차로부근,이륜,남,19세,중상,보행자,남,76세,중상
2014111900100630,2014년 11월 19일 21시,수요일,충청남도 천안시 서북구 두정동,경상사고,0,0,1,0,차대차 - 기타,교차로운행방법위반,건조,맑음,교차로 - 교차로부근,승용,여,40세,상해없음,원동기,남,22세,경상
2014111900100631,2014년 11월 19일 21시,수요일,충청남도 당진시 신평면,부상신고사고,0,0,0,4,차대사람 - 차도통행중,안전운전불이행,건조,기타,교차로 - 교차로부근,승용,남,59세,기타불명,보행자,남,19세,부상신고
2014111900100632,2014년 11월 19일 21시,수요일,충청남도 천안시 동남구 봉명동,중상사고,0,1,0,0,차대차 - 측면직각충돌,교차로운행방법위반,건조,맑음,교차로 - 교차로안,승용,여,21세,상해없음,자전거,남,13세,중상
2014111900100670,2014년 11월 19일 22시,수요일,충청남도 당진시 신평면,중상사고,0,1,0,0,차대사람 - 기타,안전운전불이행,건조,맑음,기타 - 기타,승용,남,31세,상해없음,보행자,남,41세,중상
2014112000100006,2014년 11월 20일 00시,목요일,충청남도 천안시 서북구 입장면,경상사고,0,0,1,0,차대차 - 기타,교차로운행방법위반,건조,맑음,교차로 - 교차로부근,승합,남,18세,상해없음,승용,남,31세,경상
2014112000100062,2014년 11월 20일 06시,목요일,충청남도 서산시 해미면,중상사고,0,1,0,0,차대차 - 추돌 - 진행중,안전운전불이행,건조,맑음,단일로 - 기타,화물,남,40세,상해없음,농기계,남,70세,중상
2014112000100084,2014년 11월 20일 07시,목요일,충청남도 논산시 내동,중상사고,0,1,0,0,차대차 - 측면직각충돌,신호위반,건조,맑음,교차로 - 교차로안,승용,여,47세,상해없음,승용,여,48세,중상
2014112000100085,2014년 11월 20일 07시,목요일,충청남도 아산시 선장면,사망사고,1,0,1,0,차대차 - 정면충돌,중앙선침범,건조,맑음,기타 - 기타,승용,남,43세,사망,화물,남,35세,상해없음
2014112000100126,2014년 11월 20일 08시,목요일,충청남도 홍성군 홍성읍,경상사고,0,0,1,0,차대사람 - 횡단중,보행자보호의무위반,건조,맑음,단일로 - 기타,화물,남,68세,상해없음,보행자,여,38세,경상
2014112000100127,2014년 11월 20일 08시,목요일,충청남도 공주시 우성면,경상사고,0,0,1,0,차대차 - 정면충돌,중앙선침범,건조,맑음,단일로 - 기타,승용,여,36세,기타불명,승용,남,69세,경상
2014112000100169,2014년 11월 20일 09시,목요일,충청남도 태안군 태안읍,사망사고,1,0,0,0,차대사람 - 횡단중,중앙선침범,건조,맑음,단일로 - 기타,화물,남,59세,상해없음,보행자,여,77세,사망
2014112000100170,2014년 11월 20일 09시,목요일,충청남도 서산시 해미면,중상사고,0,1,0,0,차대차 - 기타,차로위반,건조,맑음,기타 - 기타,기타불명,기타불명,기타불명,기타불명,승용,여,41세,중상
2014112000100171,2014년 11월 20일 09시,목요일,충청남도 서산시 읍내동,경상사고,0,0,1,0,차대사람 - 횡단중,보행자보호의무위반,건조,맑음,단일로 - 횡단보도상,승용,남,56세,상해없음,보행자,남,77세,경상
2014112000100203,2014년 11월 20일 10시,목요일,충청남도 태안군 남면,중상사고,0,1,0,0,차대차 - 기타,안전운전불이행,건조,맑음,교차로 - 교차로안,이륜,남,77세,중상,승용,남,51세,상해없음
2014112000100242,2014년 11월 20일 11시,목요일,충청남도 논산시 강산동,경상사고,0,0,1,0,차대차 - 추돌 - 주정차중,안전운전불이행,건조,맑음,교차로 - 교차로안,승용,남,28세,상해없음,승용,남,48세,경상
2014112000100273,2014년 11월 20일 12시,목요일,충청남도 태안군 남면,중상사고,0,1,1,0,차대차 - 측면직각충돌,안전운전불이행,건조,맑음,단일로 - 기타,승용,남,25세,상해없음,승용,남,39세,중상
2014112000100274,2014년 11월 20일 12시,목요일,충청남도 서천군 서천읍,경상사고,0,0,3,0,차대차 - 기타,직진우회전진행방해,건조,맑음,교차로 - 교차로안,승용,여,33세,경상,승용,남,49세,상해없음
2014112000100276,2014년 11월 20일 12시,목요일,충청남도 천안시 동남구 유량동,경상사고,0,0,1,0,차대차 - 기타,안전운전불이행,건조,맑음,단일로 - 기타,승용,여,64세,상해없음,승용,남,57세,경상
2014112000100348,2014년 11월 20일 14시,목요일,충청남도 논산시 등화동,경상사고,0,0,2,0,차대차 - 측면직각충돌,신호위반,건조,맑음,교차로 - 교차로안,승용,남,69세,상해없음,승용,여,53세,경상
2014112000100349,2014년 11월 20일 14시,목요일,충청남도 서천군 서천읍,경상사고,0,0,1,0,차대차 - 기타,직진우회전진행방해,건조,맑음,교차로 - 교차로안,승용,여,55세,상해없음,자전거,남,64세,경상
2014112000100350,2014년 11월 20일 14시,목요일,충청남도 당진시 송악읍,중상사고,0,1,0,0,차대차 - 측면직각충돌,교차로운행방법위반,건조,맑음,교차로 - 교차로안,화물,남,45세,상해없음,자전거,남,18세,중상
2014112000100386,2014년 11월 20일 15시,목요일,충청남도 논산시 반월동,경상사고,0,0,1,0,차대차 - 측면직각충돌,직진우회전진행방해,건조,맑음,교차로 - 교차로안,승용,여,19세,상해없음,이륜,남,82세,경상
2014112000100434,2014년 11월 20일 16시,목요일,충청남도 태안군 태안읍,중상사고,0,2,0,0,차대차 - 추돌 - 진행중,안전운전불이행,건조,맑음,단일로 - 기타,승용,남,43세,상해없음,승용,여,55세,중상
2014112000100435,2014년 11월 20일 16시,목요일,충청남도 천안시 서북구 두정동,부상신고사고,0,0,0,1,차대사람 - 보도통행중,안전운전불이행,건조,맑음,단일로 - 기타,기타불명,기타불명,기타불명,기타불명,보행자,여,14세,부상신고
2014112000100436,2014년 11월 20일 16시,목요일,충청남도 당진시 송악읍,경상사고,0,0,1,0,차대차 - 추돌 - 진행중,안전거리미확보,건조,맑음,기타 - 기타,특수,남,50세,기타불명,승용,남,22세,경상
2014112000100437,2014년 11월 20일 16시,목요일,충청남도 청양군 정산면,사망사고,1,0,0,0,차대사람 - 기타,안전운전불이행,건조,맑음,단일로 - 기타,화물,남,57세,상해없음,보행자,여,61세,사망
2014112000100438,2014년 11월 20일 16시,목요일,충청남도 천안시 동남구 목천읍,중상사고,0,1,0,0,차대차 - 기타,신호위반,건조,맑음,교차로 - 교차로안,승용,남,74세,중상,화물,남,48세,상해없음
2014112000100481,2014년 11월 20일 17시,목요일,충청남도 부여군 구룡면,중상사고,0,3,1,0,차대차 - 측면직각충돌,중앙선침범,건조,맑음,단일로 - 기타,승용,여,49세,상해없음,화물,남,56세,경상
2014112000100482,2014년 11월 20일 17시,목요일,충청남도 금산군 금산읍,경상사고,0,0,2,0,차대차 - 기타,안전운전불이행,건조,맑음,교차로 - 교차로안,화물,남,56세,상해없음,이륜,남,67세,경상
2014112000100483,2014년 11월 20일 17시,목요일,충청남도 청양군 청양읍,경상사고,0,0,1,0,차대사람 - 기타,안전운전불이행,건조,맑음,단일로 - 기타,승용,남,72세,상해없음,보행자,남,62세,경상
2014112000100484,2014년 11월 20일 17시,목요일,충청남도 천안시 동남구 사직동,경상사고,0,0,1,0,차대사람 - 기타,안전운전불이행,건조,맑음,교차로 - 교차로안,승용,남,45세,상해없음,보행자,여,27세,경상
2014112000100539,2014년 11월 20일 18시,목요일,충청남도 당진시 채운동,경상사고,0,0,2,0,차대차 - 추돌 - 주정차중,안전운전불이행,건조,맑음,단일로 - 기타,승용,여,42세,상해없음,승용,여,39세,경상