사고번호,사고일시,요일,시군구,사고내용,사망자수,중상자수,경상자수,부상신고자수,사고유형,법규위반,노면상태,기상상태,도로형태,가해운전자 차종,가해운전자 성별,가해운전자 연령,가해운전자 상해정도,피해운전자 차종,피해운전자 성별,피해운전자 연령,피해운전자 상해정도
2014112500100366,2014년 11월 25일 15시,화요일,충청남도 천안시 서북구 성정동,경상사고,0,0,1,0,차대차 - 측면직각충돌,신호위반,건조,맑음,교차로 - 교차로안,승용,남,27세,상해없음,승용,여,60세,경상
2014112500100406,2014년 11월 25일 16시,화요일,충청남도 서산시 석림동,경상사고,0,0,1,0,차대차 - 추돌 - 진행중,안전거리미확보,건조,맑음,단일로 - 기타,이륜,남,76세,상해없음,승용,여,33세,경상
2014112500100452,2014년 11월 25일 17시,화요일,충청남도 서산시 운산면,중상사고,0,1,0,0,차대차 - 측면직각충돌,신호위반,건조,맑음,교차로 - 교차로안,승합,남,64세,중상,화물,남,51세,상해없음
2014112500100453,2014년 11월 25일 17시,화요일,충청남도 태안군 안면읍,경상사고,0,0,1,0,차대사람 - 기타,안전운전불이행,건조,맑음,단일로 - 기타,승용,남,37세,상해없음,보행자,여,22세,경상
2014112500100454,2014년 11월 25일 17시,화요일,충청남도 서천군 마서면,경상사고,0,0,4,0,차대차 - 기타,안전운전불이행,건조,맑음,단일로 - 기타,승용,여,48세,경상,승용,남,42세,경상
2014112500100457,2014년 11월 25일 17시,화요일,충청남도 예산군 대술면,사망사고,1,1,0,0,차량단독 - 공작물충돌,안전운전불이행,건조,흐림,단일로 - 기타,화물,여,46세,중상,,,,
2014112500100603,2014년 11월 25일 21시,화요일,충청남도 서산시 석림동,부상신고사고,0,0,0,1,차대차 - 측면직각충돌,기타,건조,맑음,교차로 - 교차로안,이륜,남,19세,부상신고,승용,여,28세,상해없음
2014112500100604,2014년 11월 25일 21시,화요일,충청남도 천안시 서북구 두정동,경상사고,0,0,2,0,차대차 - 측면직각충돌,안전운전불이행,건조,맑음,교차로 - 교차로부근,승용,남,48세,상해없음,승용,남,33세,경상
2014112500100629,2014년 11월 25일 22시,화요일,충청남도 서산시 석남동,경상사고,0,0,2,0,차대차 - 측면직각충돌,신호위반,건조,맑음,교차로 - 교차로안,승용,여,44세,상해없음,승용,남,66세,경상
2014112600100037,2014년 11월 26일 02시,수요일,충청남도 홍성군 금마면,사망사고,1,1,0,0,차대사람 - 기타,안전운전불이행,건조,맑음,단일로 - 기타,승용,남,28세,상해없음,보행자,남,42세,사망
2014112600100038,2014년 11월 26일 02시,수요일,충청남도 보령시 웅천읍,중상사고,0,1,0,0,차대차 - 추돌 - 주정차중,안전운전불이행,기타,안개,단일로 - 기타,승용,남,40세,상해없음,승용,남,68세,중상
2014112600100076,2014년 11월 26일 06시,수요일,충청남도 홍성군 홍성읍,경상사고,0,0,1,0,차대사람 - 보도통행중,기타,습기,비,단일로 - 기타,이륜,남,17세,상해없음,보행자,남,80세,경상
2014112600100099,2014년 11월 26일 07시,수요일,충청남도 태안군 남면,사망사고,2,5,0,0,차대차 - 정면충돌,중앙선침범,습기,비,단일로 - 기타,승용,남,26세,사망,건설기계,남,33세,상해없음
2014112600100124,2014년 11월 26일 08시,수요일,충청남도 서산시 예천동,경상사고,0,0,1,0,차대차 - 기타,안전운전불이행,건조,맑음,단일로 - 기타,이륜,남,84세,경상,기타불명,기타불명,기타불명,기타불명
2014112600100125,2014년 11월 26일 08시,수요일,충청남도 논산시 연무읍,중상사고,0,1,0,0,차대차 - 측면직각충돌,안전운전불이행,건조,맑음,교차로 - 교차로안,승용,남,35세,상해없음,이륜,남,64세,중상
2014112600100126,2014년 11월 26일 08시,수요일,충청남도 공주시 우성면,중상사고,0,2,1,0,차대차 - 측면직각충돌,직진우회전진행방해,건조,맑음,교차로 - 교차로안,화물,남,58세,상해없음,승용,남,26세,경상
2014112600100127,2014년 11월 26일 08시,수요일,충청남도 당진시 석문면,중상사고,0,1,0,0,차대차 - 기타,교차로운행방법위반,건조,맑음,교차로 - 교차로안,승용,남,51세,상해없음,승용,남,39세,중상
2014112600100128,2014년 11월 26일 08시,수요일,충청남도 금산군 금산읍,경상사고,0,0,1,0,차대차 - 측면직각충돌,안전운전불이행,건조,흐림,단일로 - 기타,이륜,남,76세,경상,승용,여,41세,상해없음
2014112600100177,2014년 11월 26일 10시,수요일,충청남도 천안시 동남구 목천읍,경상사고,0,0,1,0,차대차 - 추돌 - 진행중,안전거리미확보,건조,맑음,단일로 - 기타,승용,여,36세,상해없음,화물,남,59세,경상
2014112600100244,2014년 11월 26일 12시,수요일,충청남도 당진시 면천면,경상사고,0,0,1,0,차대차 - 추돌 - 주정차중,안전운전불이행,건조,맑음,기타 - 기타,승용,남,58세,상해없음,승용,남,34세,상해없음
2014112600100297,2014년 11월 26일 14시,수요일,충청남도 청양군 청양읍,경상사고,0,0,1,0,차대차 - 측면직각충돌,교차로운행방법위반,건조,맑음,교차로 - 교차로안,승용,여,62세,상해없음,자전거,남,11세,경상
2014112600100329,2014년 11월 26일 15시,수요일,충청남도 서산시 동문동,중상사고,0,1,0,0,차대차 - 측면직각충돌,안전운전불이행,건조,맑음,단일로 - 기타,자전거,남,17세,중상,승용,여,43세,상해없음
2014112600100330,2014년 11월 26일 15시,수요일,충청남도 태안군 태안읍,경상사고,0,0,2,0,차대차 - 측면직각충돌,직진우회전진행방해,건조,맑음,교차로 - 교차로안,화물,남,70세,상해없음,승용,남,29세,경상
2014112600100331,2014년 11월 26일 15시,수요일,충청남도 보령시 명천동,경상사고,0,0,1,0,차대차 - 기타,안전거리미확보,건조,맑음,단일로 - 기타,화물,여,56세,상해없음,건설기계,남,56세,경상
2014112600100406,2014년 11월 26일 17시,수요일,충청남도 서산시 수석동,경상사고,0,0,1,0,차대차 - 측면직각충돌,신호위반,건조,맑음,교차로 - 교차로안,승용,여,57세,경상,화물,남,67세,상해없음
2014112600100407,2014년 11월 26일 17시,수요일,충청남도 서산시 지곡면,중상사고,0,2,0,0,차대차 - 측면직각충돌,신호위반,건조,맑음,교차로 - 교차로안,승용,남,39세,중상,승용,여,29세,중상
2014112600100409,2014년 11월 26일 17시,수요일,충청남도 예산군 예산읍,경상사고,0,0,1,0,차량단독 - 공작물충돌,안전운전불이행,건조,맑음,단일로 - 교량,승용,남,71세,경상,,,,
2014112600100410,2014년 11월 26일 17시,수요일,충청남도 청양군 청양읍,중상사고,0,1,1,0,차대차 - 측면직각충돌,직진우회전진행방해,건조,맑음,교차로 - 교차로안,승용,남,75세,상해없음,이륜,남,70세,중상
2014112600100460,2014년 11월 26일 18시,수요일,충청남도 홍성군 홍동면,경상사고,0,0,2,0,차대차 - 기타,안전운전불이행,건조,맑음,단일로 - 기타,화물,남,56세,상해없음,농기계,남,54세,상해없음
2014112600100461,2014년 11월 26일 18시,수요일,충청남도 보령시 청라면,경상사고,0,0,1,0,차대사람 - 차도통행중,안전운전불이행,건조,맑음,단일로 - 기타,승용,남,31세,상해없음,보행자,남,22세,경상
2014112600100513,2014년 11월 26일 19시,수요일,충청남도 아산시 모종동,경상사고,0,0,1,0,차대사람 - 횡단중,보행자보호의무위반,건조,맑음,단일로 - 횡단보도상,승용,남,39세,상해없음,보행자,남,59세,경상
2014112600100514,2014년 11월 26일 19시,수요일,충청남도 보령시 동대동,경상사고,0,0,1,0,차대사람 - 횡단중,보행자보호의무위반,건조,흐림,단일로 - 횡단보도상,승용,남,45세,상해없음,보행자,여,19세,경상
2014112600100556,2014년 11월 26일 20시,수요일,충청남도 당진시 시곡리,경상사고,0,0,1,0,차대차 - 추돌 - 진행중,안전운전불이행,건조,맑음,단일로 - 기타,승용,남,22세,상해없음,승용,남,35세,경상
2014112600100592,2014년 11월 26일 21시,수요일,충청남도 천안시 서북구 성거읍,중상사고,0,1,4,1,차대차 - 기타,신호위반,건조,맑음,교차로 - 교차로안,승용,남,51세,부상신고,승용,남,25세,중상
2014112600100632,2014년 11월 26일 22시,수요일,충청남도 아산시 둔포면,경상사고,0,0,1,0,차대차 - 측면직각충돌,중앙선침범,건조,맑음,단일로 - 기타,승용,여,42세,상해없음,승용,남,44세,경상
2014112700100129,2014년 11월 27일 08시,목요일,충청남도 아산시 배방읍,중상사고,0,1,0,0,차대차 - 측면직각충돌,신호위반,건조,맑음,교차로 - 교차로안,승용,남,46세,상해없음,승용,남,39세,중상
2014112700100130,2014년 11월 27일 08시,목요일,충청남도 당진시 합덕읍,사망사고,1,0,0,0,차대사람 - 기타,안전운전불이행,건조,맑음,기타 - 기타,화물,남,42세,상해없음,보행자,남,50세,사망
2014112700100205,2014년 11월 27일 10시,목요일,충청남도 논산시 부적면,중상사고,0,1,0,0,차대사람 - 횡단중,안전운전불이행,건조,맑음,단일로 - 기타,화물,남,29세,상해없음,보행자,남,82세,중상
2014112700100284,2014년 11월 27일 13시,목요일,충청남도 논산시 반월동,중상사고,0,1,0,0,차대차 - 측면직각충돌,안전거리미확보,건조,맑음,단일로 - 기타,이륜,남,77세,중상,승용,남,76세,상해없음
2014112700100285,2014년 11월 27일 13시,목요일,충청남도 천안시 동남구 목천읍,경상사고,0,0,1,0,차대차 - 추돌 - 주정차중,안전거리미확보,건조,맑음,단일로 - 기타,승용,여,34세,상해없음,승용,남,56세,경상
2014112700100316,2014년 11월 27일 14시,목요일,충청남도 청양군 청양읍,경상사고,0,0,1,0,차대차 - 추돌 - 주정차중,안전운전불이행,건조,맑음,교차로 - 교차로안,이륜,남,73세,경상,화물,남,35세,상해없음
2014112700100346,2014년 11월 27일 15시,목요일,충청남도 논산시 취암동,경상사고,0,0,3,0,차대차 - 측면직각충돌,안전운전불이행,건조,맑음,단일로 - 기타,승용,남,41세,경상,승용,남,53세,경상
2014112700100347,2014년 11월 27일 15시,목요일,충청남도 금산군 남이면,중상사고,0,1,0,0,차대차 - 추돌 - 진행중,안전운전불이행,건조,맑음,단일로 - 기타,승용,남,70세,상해없음,자전거,남,76세,중상
2014112700100405,2014년 11월 27일 17시,목요일,충청남도 예산군 예산읍,중상사고,0,1,2,0,차대차 - 추돌 - 주정차중,안전운전불이행,건조,맑음,단일로 - 기타,승용,여,46세,경상,화물,남,64세,경상
2014112700100471,2014년 11월 27일 18시,목요일,충청남도 서산시 읍내동,경상사고,0,0,1,0,차대차 - 측면직각충돌,안전운전불이행,건조,맑음,단일로 - 기타,화물,남,51세,상해없음,이륜,남,34세,경상
2014112700100472,2014년 11월 27일 18시,목요일,충청남도 태안군 안면읍,경상사고,0,0,1,0,차대차 - 기타,안전운전불이행,건조,맑음,교차로 - 교차로안,자전거,남,51세,경상,승용,남,72세,상해없음
2014112700100474,2014년 11월 27일 18시,목요일,충청남도 천안시 동남구 목천읍,중상사고,0,1,0,0,차대차 - 측면직각충돌,안전운전불이행,건조,맑음,단일로 - 기타,승용,남,25세,상해없음,원동기,남,47세,중상
2014112700100511,2014년 11월 27일 19시,목요일,충청남도 천안시 서북구 성환읍,경상사고,0,0,1,0,차대차 - 기타,안전운전불이행,건조,맑음,단일로 - 기타,승용,남,44세,상해없음,승용,남,67세,경상
2014112700100512,2014년 11월 27일 19시,목요일,충청남도 천안시 동남구 구성동,경상사고,0,0,1,0,차대차 - 측면직각충돌,안전운전불이행,건조,맑음,교차로 - 교차로부근,기타불명,기타불명,기타불명,기타불명,원동기,남,17세,경상
2014112700100542,2014년 11월 27일 20시,목요일,충청남도 천안시 서북구 성정동,경상사고,0,0,1,0,차대사람 - 횡단중,안전운전불이행,건조,맑음,단일로 - 기타,승용,남,27세,상해없음,보행자,남,47세,경상
2014112700100543,2014년 11월 27일 20시,목요일,충청남도 예산군 예산읍,사망사고,1,0,0,0,차대차 - 정면충돌,신호위반,건조,맑음,교차로 - 교차로안,원동기,남,53세,사망,승용,여,39세,상해없음
2014112700100585,2014년 11월 27일 21시,목요일,충청남도 서천군 장항읍,중상사고,0,1,2,0,차대차 - 기타,안전운전불이행,건조,맑음,교차로 - 교차로부근,승용,남,36세,상해없음,승합,남,32세,상해없음
2014112700100613,2014년 11월 27일 22시,목요일,충청남도 천안시 서북구 두정동,중상사고,0,1,0,0,차대사람 - 횡단중,안전운전불이행,건조,맑음,단일로 - 기타,원동기,남,29세,기타불명,보행자,여,24세,중상
2014112800100015,2014년 11월 28일 00시,금요일,충청남도 논산시 내동,경상사고,0,0,1,0,차대차 - 측면직각충돌,안전거리미확보,건조,맑음,단일로 - 기타,승합,남,51세,상해없음,이륜,남,21세,경상
2014112800100124,2014년 11월 28일 07시,금요일,충청남도 아산시 풍기동,경상사고,0,0,1,0,차대차 - 기타,신호위반,건조,흐림,교차로 - 교차로안,승용,여,42세,상해없음,승용,여,40세,경상
2014112800100150,2014년 11월 28일 08시,금요일,충청남도 서산시 해미면,중상사고,0,2,0,0,차대차 - 기타,신호위반,습기,비,교차로 - 교차로안,승합,남,67세,상해없음,화물,남,56세,중상
2014112800100191,2014년 11월 28일 09시,금요일,충청남도 논산시 부적면,중상사고,0,1,1,0,차대차 - 추돌 - 주정차중,안전운전불이행,습기,비,단일로 - 기타,화물,남,45세,상해없음,승용,남,32세,중상
2014112800100267,2014년 11월 28일 11시,금요일,충청남도 보령시 미산면,중상사고,0,2,0,0,차대차 - 추돌 - 진행중,중앙선침범,습기,비,단일로 - 기타,승용,남,65세,상해없음,승용,남,29세,중상
2014112800100329,2014년 11월 28일 13시,금요일,충청남도 태안군 태안읍,사망사고,1,0,0,0,차량단독 - 공작물충돌,안전운전불이행,습기,비,단일로 - 기타,승용,남,53세,사망,,,,
2014112800100330,2014년 11월 28일 13시,금요일,충청남도 천안시 서북구 두정동,경상사고,0,0,1,0,차대차 - 기타,안전운전불이행,건조,맑음,단일로 - 기타,원동기,남,44세,경상,승용,남,43세,상해없음
2014112800100331,2014년 11월 28일 13시,금요일,충청남도 천안시 동남구 유량동,경상사고,0,0,1,0,차대사람 - 길가장자리구역통행중,안전운전불이행,습기,비,단일로 - 기타,승용,여,47세,상해없음,보행자,여,18세,경상
2014112800100360,2014년 11월 28일 14시,금요일,충청남도 공주시 유구읍,중상사고,0,1,0,0,차대차 - 정면충돌,중앙선침범,습기,맑음,단일로 - 기타,승용,남,56세,상해없음,화물,남,53세,중상
2014112800100481,2014년 11월 28일 17시,금요일,충청남도 천안시 서북구 업성동,경상사고,0,0,1,0,차대차 - 추돌 - 진행중,안전운전불이행,건조,맑음,단일로 - 기타,승용,남,41세,상해없음,원동기,남,66세,경상
2014112800100536,2014년 11월 28일 18시,금요일,충청남도 논산시 취암동,중상사고,0,1,0,0,차대사람 - 차도통행중,교차로운행방법위반,건조,맑음,교차로 - 교차로안,승용,남,47세,상해없음,보행자,여,72세,중상
2014112800100537,2014년 11월 28일 18시,금요일,충청남도 천안시 동남구 봉명동,경상사고,0,0,1,0,차대차 - 측면직각충돌,중앙선침범,습기,비,교차로 - 교차로부근,승용,남,43세,상해없음,이륜,남,29세,경상
2014112800100621,2014년 11월 28일 19시,금요일,충청남도 천안시 서북구 입장면,중상사고,0,1,0,0,차대사람 - 기타,안전운전불이행,습기,비,교차로 - 교차로부근,승용,여,41세,상해없음,보행자,남,73세,중상
2014112800100675,2014년 11월 28일 20시,금요일,충청남도 서천군 장항읍,중상사고,0,1,0,0,차대사람 - 횡단중,안전운전불이행,습기,흐림,단일로 - 기타,승용,남,66세,상해없음,보행자,남,48세,중상
2014112800100782,2014년 11월 28일 23시,금요일,충청남도 천안시 동남구 광덕면,중상사고,0,1,0,0,차대차 - 추돌 - 진행중,안전운전불이행,건조,맑음,단일로 - 기타,승용,여,25세,상해없음,승용,남,26세,중상
2014112900100036,2014년 11월 29일 01시,토요일,충청남도 천안시 서북구 직산읍,중상사고,0,1,0,0,차량단독 - 전도전복,안전운전불이행,습기,흐림,교차로 - 교차로부근,승용,남,41세,중상,,,,
2014112900100037,2014년 11월 29일 01시,토요일,충청남도 천안시 서북구 성정동,중상사고,0,1,0,0,차대사람 - 기타,기타,건조,맑음,기타 - 기타,승용,남,53세,상해없음,보행자,남,47세,중상
2014112900100133,2014년 11월 29일 07시,토요일,충청남도 아산시 배방읍,경상사고,0,0,1,0,차대차 - 추돌 - 진행중,안전운전불이행,건조,맑음,단일로 - 기타,승용,남,48세,상해없음,승용,남,66세,경상
2014112900100134,2014년 11월 29일 07시,토요일,충청남도 금산군 남이면,경상사고,0,0,1,0,차대차 - 정면충돌,중앙선침범,건조,흐림,단일로 - 기타,화물,남,53세,상해없음,승용,여,27세,경상
2014112900100197,2014년 11월 29일 10시,토요일,충청남도 당진시 합덕읍,경상사고,0,0,1,0,차대차 - 추돌 - 진행중,교차로운행방법위반,건조,맑음,교차로 - 교차로안,화물,남,49세,상해없음,승용,여,57세,경상
2014112900100236,2014년 11월 29일 11시,토요일,충청남도 태안군 태안읍,경상사고,0,0,1,0,차량단독 - 공작물충돌,안전운전불이행,건조,맑음,단일로 - 기타,승용,남,28세,경상,,,,
2014112900100237,2014년 11월 29일 11시,토요일,충청남도 예산군 오가면,중상사고,0,1,0,0,차대차 - 추돌 - 주정차중,안전운전불이행,건조,맑음,단일로 - 기타,승용,남,48세,상해없음,승용,남,58세,중상
2014112900100267,2014년 11월 29일 12시,토요일,충청남도 서천군 문산면,중상사고,0,2,0,0,차대차 - 기타,안전운전불이행,건조,맑음,단일로 - 기타,승용,남,39세,중상,농기계,남,73세,중상
2014112900100268,2014년 11월 29일 12시,토요일,충청남도 보령시 명천동,중상사고,0,1,0,0,차대차 - 정면충돌,안전운전불이행,건조,맑음,교차로 - 교차로부근,자전거,남,13세,중상,화물,남,72세,상해없음
2014112900100303,2014년 11월 29일 13시,토요일,충청남도 천안시 서북구 성정동,경상사고,0,0,1,0,차대차 - 기타,안전운전불이행,건조,맑음,단일로 - 기타,승용,남,31세,상해없음,승용,남,26세,기타불명
2014112900100304,2014년 11월 29일 13시,토요일,충청남도 공주시 옥룡동,중상사고,0,1,0,0,차대차 - 기타,안전운전불이행,건조,맑음,교차로 - 교차로안,승용,여,64세,상해없음,자전거,남,78세,중상
2014112900100305,2014년 11월 29일 13시,토요일,충청남도 천안시 동남구 신방동,중상사고,0,1,0,0,차대차 - 기타,안전운전불이행,건조,맑음,단일로 - 기타,승용,남,22세,상해없음,승용,여,36세,중상
2014112900100440,2014년 11월 29일 16시,토요일,충청남도 서산시 해미면,경상사고,0,0,1,0,차대차 - 측면직각충돌,직진우회전진행방해,건조,맑음,교차로 - 교차로안,승용,남,59세,상해없음,승용,남,24세,경상
2014112900100441,2014년 11월 29일 16시,토요일,충청남도 서산시 동문동,경상사고,0,0,1,0,차대차 - 기타,안전운전불이행,건조,맑음,기타 - 기타,승용,남,33세,상해없음,승용,여,38세,기타불명
2014112900100529,2014년 11월 29일 18시,토요일,충청남도 계룡시 엄사면,경상사고,0,0,1,0,차대차 - 측면직각충돌,안전운전불이행,건조,흐림,단일로 - 기타,승용,여,40세,상해없음,승용,남,39세,경상
2014112900100530,2014년 11월 29일 18시,토요일,충청남도 아산시 음봉면,중상사고,0,1,0,0,차대차 - 기타,중앙선침범,건조,맑음,단일로 - 기타,기타불명,기타불명,기타불명,기타불명,원동기,남,51세,중상
2014112900100531,2014년 11월 29일 18시,토요일,충청남도 보령시 웅천읍,경상사고,0,0,2,0,차대차 - 측면직각충돌,안전운전불이행,건조,맑음,단일로 - 기타,화물,남,36세,상해없음,승용,여,41세,경상
2014112900100575,2014년 11월 29일 19시,토요일,충청남도 천안시 동남구 쌍용동,중상사고,0,1,1,0,차대차 - 기타,안전운전불이행,건조,맑음,교차로 - 교차로부근,승용,남,40세,상해없음,승용,남,34세,상해없음
2014112900100601,2014년 11월 29일 20시,토요일,충청남도 태안군 근흥면,경상사고,0,0,1,0,차대사람 - 길가장자리구역통행중,안전운전불이행,건조,맑음,단일로 - 기타,기타불명,기타불명,기타불명,기타불명,보행자,여,70세,경상
2014112900100602,2014년 11월 29일 20시,토요일,충청남도 예산군 예산읍,중상사고,0,1,1,0,차대차 - 측면직각충돌,불법유턴,건조,맑음,교차로 - 교차로안,화물,남,57세,경상,승용,남,47세,중상
2014112900100603,2014년 11월 29일 20시,토요일,충청남도 당진시 석문면,경상사고,0,0,1,0,차대차 - 측면직각충돌,교차로운행방법위반,건조,맑음,교차로 - 교차로안,승용,남,40세,상해없음,승용,남,43세,경상
2014112900100639,2014년 11월 29일 21시,토요일,충청남도 보령시 남포면,경상사고,0,0,2,0,차대차 - 기타,안전운전불이행,건조,맑음,단일로 - 기타,승용,남,50세,상해없음,승용,남,51세,경상
2014112900100704,2014년 11월 29일 23시,토요일,충청남도 천안시 동남구 다가동,중상사고,0,1,0,0,차대차 - 기타,안전운전불이행,건조,맑음,단일로 - 기타,승용,여,44세,상해없음,자전거,남,65세,중상
2014113000100013,2014년 11월 30일 00시,일요일,충청남도 천안시 동남구 신방동,경상사고,0,0,2,0,차대차 - 기타,안전운전불이행,건조,맑음,교차로 - 교차로부근,승용,남,28세,상해없음,화물,남,42세,경상
2014113000100014,2014년 11월 30일 00시,일요일,충청남도 천안시 동남구 신부동,경상사고,0,0,1,0,차대차 - 기타,안전운전불이행,건조,맑음,교차로 - 교차로부근,승용,남,31세,상해없음,승용,남,26세,경상
2014113000100130,2014년 11월 30일 08시,일요일,충청남도 천안시 서북구 성환읍,경상사고,0,0,2,0,차량단독 - 공작물충돌,안전운전불이행,습기,흐림,교차로 - 교차로안,승용,남,27세,경상,,,,
2014113000100195,2014년 11월 30일 11시,일요일,충청남도 아산시 배방읍,경상사고,0,0,1,0,차대차 - 측면직각충돌,중앙선침범,습기,비,단일로 - 기타,승용,남,55세,상해없음,승용,남,46세,상해없음
2014113000100196,2014년 11월 30일 11시,일요일,충청남도 서천군 서천읍,경상사고,0,0,2,0,차대차 - 기타,교차로운행방법위반,습기,비,교차로 - 교차로안,승용,남,52세,상해없음,승용,여,23세,상해없음
2014113000100220,2014년 11월 30일 12시,일요일,충청남도 서산시 동문동,중상사고,0,1,0,0,차대차 - 측면직각충돌,교차로운행방법위반,습기,비,교차로 - 교차로안,승용,남,55세,상해없음,이륜,남,38세,중상
2014113000100350,2014년 11월 30일 17시,일요일,충청남도 당진시 송악읍,경상사고,0,0,3,0,차대차 - 추돌 - 진행중,신호위반,건조,맑음,교차로 - 교차로부근,승용,남,55세,상해없음,승용,남,44세,경상
2014113000100390,2014년 11월 30일 18시,일요일,충청남도 부여군 임천면,중상사고,0,1,0,0,차대사람 - 길가장자리구역통행중,안전운전불이행,습기,비,단일로 - 기타,승합,남,55세,상해없음,보행자,여,73세,중상
2014113000100446,2014년 11월 30일 19시,일요일,충청남도 태안군 태안읍,부상신고사고,0,0,0,1,차대사람 - 횡단중,보행자보호의무위반,습기,비,교차로 - 교차로안,승용,남,46세,상해없음,보행자,여,17세,부상신고
2014113000100447,2014년 11월 30일 19시,일요일,충청남도 논산시 강산동,경상사고,0,0,4,0,차대차 - 추돌 - 주정차중,안전운전불이행,습기,흐림,교차로 - 교차로부근,승용,남,35세,상해없음,승용,남,54세,경상
2014113000100486,2014년 11월 30일 20시,일요일,충청남도 청양군 정산면,중상사고,0,1,0,0,차대사람 - 기타,안전운전불이행,습기,흐림,단일로 - 기타,승용,남,45세,상해없음,보행자,남,58세,중상
2014113000100519,2014년 11월 30일 21시,일요일,충청남도 천안시 서북구 성정동,중상사고,0,1,0,0,차대사람 - 횡단중,신호위반,습기,맑음,교차로 - 교차로안,승용,남,27세,상해없음,보행자,남,48세,중상
2014113000100538,2014년 11월 30일 22시,일요일,충청남도 서천군 서천읍,경상사고,0,0,1,0,차대차 - 기타,신호위반,건조,맑음,교차로 - 교차로안,승용,여,39세,경상,승합,남,69세,상해없음
2014113000100539,2014년 11월 30일 22시,일요일,충청남도 당진시 합덕읍,중상사고,0,1,1,0,차대차 - 측면직각충돌,교차로운행방법위반,건조,맑음,교차로 - 교차로안,승용,여,24세,상해없음,화물,남,37세,경상
2014113000100557,2014년 11월 30일 23시,일요일,충청남도 천안시 동남구 청당동,중상사고,0,3,1,0,차대차 - 측면직각충돌,신호위반,건조,맑음,교차로 - 교차로안,승용,여,45세,상해없음,승용,남,50세,중상
2014120100100051,2014년 12월 1일 05시,월요일,충청남도 예산군 덕산면,중상사고,0,1,2,0,차대차 - 추돌 - 진행중,안전운전불이행,건조,맑음,교차로 - 교차로안,승용,여,66세,중상,화물,남,58세,경상
2014120100100102,2014년 12월 1일 08시,월요일,충청남도 서산시 읍내동,경상사고,0,0,1,0,차대차 - 측면직각충돌,교차로운행방법위반,습기,맑음,교차로 - 교차로안,승용,남,27세,상해없음,승용,여,55세,경상
2014120100100103,2014년 12월 1일 08시,월요일,충청남도 천안시 서북구 성거읍,경상사고,0,0,1,0,차대차 - 추돌 - 진행중,안전거리미확보,결빙,눈,교차로 - 교차로부근,승용,남,47세,상해없음,승용,남,60세,경상
2014120100100104,2014년 12월 1일 08시,월요일,충청남도 아산시 배방읍,중상사고,0,1,0,0,차대차 - 측면직각충돌,신호위반,건조,맑음,교차로 - 교차로안,승합,남,49세,상해없음,승용,남,32세,중상
2014120100100137,2014년 12월 1일 09시,월요일,충청남도 공주시 우성면,경상사고,0,0,1,0,차대차 - 측면직각충돌,안전운전불이행,습기,눈,교차로 - 교차로안,승용,남,53세,상해없음,승용,여,24세,경상
2014120100100173,2014년 12월 1일 10시,월요일,충청남도 금산군 복수면,중상사고,0,1,0,0,차대차 - 정면충돌,중앙선침범,습기,흐림,단일로 - 기타,화물,남,47세,상해없음,승용,남,53세,중상
2014120100100200,2014년 12월 1일 11시,월요일,충청남도 천안시 동남구 원성동,중상사고,0,1,0,0,차대사람 - 보도통행중,보행자보호의무위반,결빙,눈,단일로 - 기타,화물,남,78세,상해없음,보행자,남,56세,중상
2014120100100297,2014년 12월 1일 14시,월요일,충청남도 홍성군 홍성읍,경상사고,0,0,1,0,차대차 - 측면직각충돌,안전운전불이행,적설,눈,단일로 - 기타,승용,여,43세,상해없음,승용,남,32세,경상
2014120100100298,2014년 12월 1일 14시,월요일,충청남도 천안시 동남구 목천읍,경상사고,0,0,2,0,차대차 - 기타,교차로운행방법위반,습기,맑음,교차로 - 교차로부근,승용,남,26세,경상,승용,여,43세,상해없음
2014120100100333,2014년 12월 1일 15시,월요일,충청남도 천안시 서북구 쌍용동,경상사고,0,0,1,0,차대차 - 기타,안전운전불이행,적설,눈,교차로 - 교차로부근,승용,여,35세,상해없음,승용,여,41세,경상
2014120100100373,2014년 12월 1일 16시,월요일,충청남도 당진시 송산면,경상사고,0,0,1,0,차대차 - 기타,중앙선침범,습기,흐림,단일로 - 기타,승용,남,55세,상해없음,승용,여,41세,경상
2014120100100413,2014년 12월 1일 17시,월요일,충청남도 논산시 노성면,사망사고,1,0,0,0,차대사람 - 횡단중,안전운전불이행,습기,눈,단일로 - 기타,승용,남,44세,상해없음,보행자,여,68세,사망
2014120100100415,2014년 12월 1일 17시,월요일,충청남도 당진시 송산면,경상사고,0,0,3,0,차대차 - 기타,중앙선침범,건조,맑음,단일로 - 기타,화물,남,56세,상해없음,승용,남,35세,경상
2014120100100472,2014년 12월 1일 18시,월요일,충청남도 태안군 안면읍,중상사고,0,1,0,0,차대차 - 정면충돌,안전운전불이행,결빙,눈,단일로 - 교량,승용,남,18세,상해없음,화물,남,60세,중상