사고번호,사고일시,요일,시군구,사고내용,사망자수,중상자수,경상자수,부상신고자수,사고유형,법규위반,노면상태,기상상태,도로형태,가해운전자 차종,가해운전자 성별,가해운전자 연령,가해운전자 상해정도,피해운전자 차종,피해운전자 성별,피해운전자 연령,피해운전자 상해정도
2014120100100473,2014년 12월 1일 18시,월요일,충청남도 천안시 서북구 백석동,경상사고,0,0,1,0,차대차 - 기타,안전운전불이행,결빙,흐림,교차로 - 교차로부근,승용,여,31세,상해없음,승용,남,36세,경상
2014120100100474,2014년 12월 1일 18시,월요일,충청남도 아산시 음봉면,경상사고,0,0,2,0,차대차 - 측면직각충돌,안전운전불이행,결빙,눈,단일로 - 기타,화물,남,61세,상해없음,승용,여,47세,경상
2014120100100475,2014년 12월 1일 18시,월요일,충청남도 보령시 동대동,중상사고,0,1,1,0,차대차 - 추돌 - 진행중,안전운전불이행,습기,흐림,단일로 - 기타,화물,남,32세,기타불명,승용,여,44세,중상
2014120100100523,2014년 12월 1일 19시,월요일,충청남도 태안군 태안읍,중상사고,0,1,0,0,차대차 - 측면직각충돌,안전운전불이행,결빙,눈,단일로 - 기타,화물,남,59세,상해없음,승용,남,26세,상해없음
2014120100100524,2014년 12월 1일 19시,월요일,충청남도 천안시 서북구 쌍용동,경상사고,0,0,1,0,차대차 - 추돌 - 주정차중,안전운전불이행,결빙,눈,교차로 - 교차로부근,승용,여,30세,상해없음,승용,남,40세,경상
2014120100100525,2014년 12월 1일 19시,월요일,충청남도 홍성군 홍성읍,경상사고,0,0,1,0,차대사람 - 기타,안전운전불이행,적설,눈,단일로 - 교량,승용,여,35세,상해없음,보행자,여,18세,경상
2014120100100526,2014년 12월 1일 19시,월요일,충청남도 홍성군 홍성읍,경상사고,0,0,2,0,차대차 - 측면직각충돌,안전운전불이행,적설,눈,단일로 - 기타,화물,남,27세,상해없음,승용,여,22세,경상
2014120100100527,2014년 12월 1일 19시,월요일,충청남도 보령시 청소면,부상신고사고,0,0,0,1,차량단독 - 기타,안전운전불이행,적설,눈,단일로 - 기타,승용,남,51세,부상신고,,,,
2014120100100528,2014년 12월 1일 19시,월요일,충청남도 천안시 동남구 신방동,경상사고,0,0,2,0,차대차 - 기타,안전운전불이행,결빙,맑음,단일로 - 기타,승용,남,24세,상해없음,화물,남,65세,경상
2014120100100560,2014년 12월 1일 20시,월요일,충청남도 천안시 동남구 봉명동,경상사고,0,0,1,0,차대사람 - 기타,안전운전불이행,건조,맑음,교차로 - 교차로부근,승합,남,48세,상해없음,보행자,남,43세,경상
2014120100100621,2014년 12월 1일 22시,월요일,충청남도 천안시 서북구 불당동,경상사고,0,0,2,0,차대차 - 추돌 - 주정차중,안전운전불이행,결빙,흐림,교차로 - 교차로부근,승용,남,41세,상해없음,승용,남,41세,경상
2014120100100647,2014년 12월 1일 23시,월요일,충청남도 논산시 연산면,중상사고,0,1,0,0,차대차 - 추돌 - 진행중,안전운전불이행,건조,맑음,단일로 - 기타,승용,남,31세,중상,건설기계,남,43세,상해없음
2014120200100112,2014년 12월 2일 08시,화요일,충청남도 보령시 천북면,경상사고,0,0,1,0,차대사람 - 기타,안전운전불이행,건조,맑음,단일로 - 기타,승용,남,59세,상해없음,보행자,남,82세,경상
2014120200100113,2014년 12월 2일 08시,화요일,충청남도 보령시 대천동,중상사고,0,1,0,0,차대사람 - 횡단중,보행자보호의무위반,습기,맑음,단일로 - 횡단보도상,승용,남,37세,상해없음,보행자,남,65세,중상
2014120200100115,2014년 12월 2일 08시,화요일,충청남도 부여군 부여읍,중상사고,0,1,0,0,차대사람 - 기타,안전운전불이행,건조,맑음,교차로 - 교차로부근,승용,남,48세,상해없음,보행자,여,65세,중상
2014120200100116,2014년 12월 2일 08시,화요일,충청남도 당진시 신평면,경상사고,0,0,12,0,차대차 - 기타,안전운전불이행,건조,맑음,단일로 - 기타,승용,남,30세,상해없음,승합,남,47세,경상
2014120200100117,2014년 12월 2일 08시,화요일,충청남도 금산군 금성면,중상사고,0,2,1,0,차대차 - 정면충돌,중앙선침범,결빙,맑음,단일로 - 기타,승용,남,33세,중상,승용,남,38세,경상
2014120200100171,2014년 12월 2일 10시,화요일,충청남도 아산시 영인면,중상사고,0,1,0,0,차대차 - 측면직각충돌,안전운전불이행,건조,맑음,교차로 - 교차로안,승용,남,52세,상해없음,원동기,남,71세,중상
2014120200100217,2014년 12월 2일 12시,화요일,충청남도 천안시 동남구 신부동,중상사고,0,1,0,0,차대차 - 기타,안전운전불이행,건조,맑음,단일로 - 기타,승용,여,26세,상해없음,승용,여,25세,중상
2014120200100244,2014년 12월 2일 13시,화요일,충청남도 아산시 실옥동,중상사고,0,1,0,0,차대차 - 기타,신호위반,건조,맑음,교차로 - 교차로안,승용,남,67세,상해없음,승용,여,23세,중상
2014120200100273,2014년 12월 2일 14시,화요일,충청남도 계룡시 금암동,사망사고,1,0,0,0,차대사람 - 차도통행중,신호위반,건조,맑음,교차로 - 교차로안,승용,여,41세,상해없음,보행자,남,80세,사망
2014120200100274,2014년 12월 2일 14시,화요일,충청남도 공주시 우성면,부상신고사고,0,0,0,1,차량단독 - 공작물충돌,안전운전불이행,건조,맑음,단일로 - 기타,승용,남,34세,부상신고,,,,
2014120200100275,2014년 12월 2일 14시,화요일,충청남도 부여군 구룡면,중상사고,0,1,0,0,차대차 - 기타,안전운전불이행,건조,맑음,단일로 - 기타,건설기계,남,48세,상해없음,이륜,여,60세,중상
2014120200100276,2014년 12월 2일 14시,화요일,충청남도 천안시 동남구 영성동,중상사고,0,1,0,0,차대사람 - 기타,안전운전불이행,건조,맑음,단일로 - 기타,화물,남,43세,상해없음,보행자,여,47세,중상
2014120200100310,2014년 12월 2일 15시,화요일,충청남도 논산시 부적면,경상사고,0,0,1,0,차대차 - 측면직각충돌,안전운전불이행,건조,맑음,교차로 - 교차로안,화물,남,53세,상해없음,승용,남,47세,경상
2014120200100311,2014년 12월 2일 15시,화요일,충청남도 논산시 연무읍,경상사고,0,0,1,0,차대사람 - 기타,안전운전불이행,건조,맑음,단일로 - 기타,승합,남,69세,기타불명,보행자,남,59세,경상
2014120200100312,2014년 12월 2일 15시,화요일,충청남도 홍성군 홍성읍,중상사고,0,1,1,0,차대차 - 기타,중앙선침범,건조,맑음,단일로 - 기타,승합,남,46세,상해없음,승합,남,65세,중상
2014120200100352,2014년 12월 2일 16시,화요일,충청남도 천안시 서북구 백석동,중상사고,0,1,0,0,차대차 - 기타,안전운전불이행,건조,맑음,교차로 - 교차로안,승용,남,33세,기타불명,자전거,여,14세,중상
2014120200100353,2014년 12월 2일 16시,화요일,충청남도 천안시 동남구 유량동,중상사고,0,1,0,0,차대차 - 정면충돌,중앙선침범,기타,맑음,단일로 - 기타,승용,남,56세,기타불명,화물,남,64세,중상
2014120200100381,2014년 12월 2일 17시,화요일,충청남도 서산시 동문동,중상사고,0,1,0,0,차대사람 - 보도통행중,보행자보호의무위반,습기,눈,교차로 - 교차로안,승용,남,52세,상해없음,보행자,남,67세,중상
2014120200100382,2014년 12월 2일 17시,화요일,충청남도 당진시 시곡리,사망사고,1,0,0,0,차대사람 - 횡단중,안전운전불이행,습기,흐림,교차로 - 교차로안,승용,남,56세,상해없음,보행자,남,72세,사망
2014120200100422,2014년 12월 2일 18시,화요일,충청남도 천안시 서북구 성거읍,중상사고,0,2,0,0,차대차 - 정면충돌,중앙선침범,건조,맑음,단일로 - 기타,화물,남,54세,상해없음,원동기,남,30세,중상
2014120200100423,2014년 12월 2일 18시,화요일,충청남도 천안시 서북구 성정동,경상사고,0,0,4,0,차대차 - 기타,중앙선침범,건조,맑음,단일로 - 기타,승용,여,30세,경상,승용,남,60세,경상
2014120200100424,2014년 12월 2일 18시,화요일,충청남도 아산시 탕정면,중상사고,0,1,0,1,차대차 - 기타,신호위반,습기,흐림,교차로 - 교차로안,승용,여,50세,중상,승용,남,46세,부상신고
2014120200100425,2014년 12월 2일 18시,화요일,충청남도 청양군 청양읍,중상사고,0,1,0,0,차대차 - 측면직각충돌,신호위반,건조,맑음,교차로 - 교차로안,승용,남,65세,상해없음,승용,남,36세,중상
2014120200100426,2014년 12월 2일 18시,화요일,충청남도 천안시 동남구 광덕면,사망사고,1,0,0,0,차대사람 - 횡단중,보행자보호의무위반,적설,눈,단일로 - 횡단보도상,승용,남,30세,상해없음,보행자,남,59세,사망
2014120200100472,2014년 12월 2일 19시,화요일,충청남도 서산시 석남동,중상사고,0,1,0,0,차대사람 - 보도통행중,보행자보호의무위반,습기,눈,단일로 - 횡단보도상,승합,남,64세,상해없음,보행자,여,56세,중상
2014120200100473,2014년 12월 2일 19시,화요일,충청남도 천안시 서북구 성정동,중상사고,0,1,0,0,차대차 - 측면직각충돌,신호위반,건조,흐림,교차로 - 교차로부근,원동기,남,24세,중상,승용,남,25세,상해없음
2014120200100474,2014년 12월 2일 19시,화요일,충청남도 아산시 인주면,중상사고,0,1,0,0,차대차 - 기타,안전운전불이행,건조,맑음,단일로 - 기타,화물,남,39세,중상,화물,남,59세,상해없음
2014120200100510,2014년 12월 2일 20시,화요일,충청남도 서산시 동문동,중상사고,0,1,0,0,차대사람 - 횡단중,안전운전불이행,습기,흐림,교차로 - 교차로안,승용,남,44세,상해없음,보행자,여,56세,중상
2014120200100511,2014년 12월 2일 20시,화요일,충청남도 천안시 서북구 직산읍,부상신고사고,0,0,0,1,차대차 - 기타,안전운전불이행,적설,눈,단일로 - 기타,기타불명,기타불명,기타불명,기타불명,승용,남,31세,부상신고
2014120200100539,2014년 12월 2일 21시,화요일,충청남도 천안시 서북구 성환읍,중상사고,0,1,1,1,차대차 - 추돌 - 주정차중,안전운전불이행,결빙,눈,교차로 - 교차로부근,승용,남,54세,기타불명,승용,여,62세,경상
2014120200100561,2014년 12월 2일 22시,화요일,충청남도 천안시 서북구 쌍용동,경상사고,0,0,1,0,차대차 - 추돌 - 진행중,안전운전불이행,건조,맑음,단일로 - 기타,기타불명,기타불명,기타불명,기타불명,승용,여,25세,경상
2014120300100053,2014년 12월 3일 01시,수요일,충청남도 서산시 인지면,부상신고사고,0,0,0,1,차대차 - 추돌 - 주정차중,안전운전불이행,적설,눈,단일로 - 기타,화물,남,47세,부상신고,특수,남,39세,기타불명
2014120300100087,2014년 12월 3일 03시,수요일,충청남도 서산시 팔봉면,경상사고,0,0,1,0,차량단독 - 공작물충돌,안전운전불이행,결빙,눈,단일로 - 기타,승용,남,56세,상해없음,,,,
2014120300100101,2014년 12월 3일 05시,수요일,충청남도 공주시 정안면,중상사고,0,1,0,0,차대차 - 측면직각충돌,안전운전불이행,적설,눈,단일로 - 기타,화물,남,73세,상해없음,승합,남,48세,상해없음
2014120300100144,2014년 12월 3일 07시,수요일,충청남도 태안군 고남면,경상사고,0,0,1,0,차량단독 - 공작물충돌,안전운전불이행,적설,눈,단일로 - 기타,승용,남,59세,상해없음,,,,
2014120300100145,2014년 12월 3일 07시,수요일,충청남도 천안시 서북구 두정동,경상사고,0,0,1,0,차대차 - 기타,안전운전불이행,결빙,눈,교차로 - 교차로안,기타불명,기타불명,기타불명,기타불명,승용,여,58세,상해없음
2014120300100146,2014년 12월 3일 07시,수요일,충청남도 천안시 서북구 차암동,경상사고,0,0,1,0,차대차 - 기타,안전운전불이행,적설,흐림,교차로 - 교차로부근,승용,남,52세,기타불명,승용,남,37세,경상
2014120300100147,2014년 12월 3일 07시,수요일,충청남도 공주시 반포면,중상사고,0,1,0,0,차대차 - 기타,안전운전불이행,적설,눈,단일로 - 기타,승용,남,48세,기타불명,승용,남,55세,중상
2014120300100184,2014년 12월 3일 08시,수요일,충청남도 금산군 추부면,경상사고,0,0,1,0,차대차 - 정면충돌,안전운전불이행,적설,눈,단일로 - 기타,승용,남,23세,상해없음,승용,여,54세,경상
2014120300100273,2014년 12월 3일 12시,수요일,충청남도 천안시 서북구 와촌동,중상사고,0,1,0,0,차대사람 - 기타,중앙선침범,건조,맑음,단일로 - 기타,승용,여,39세,상해없음,보행자,남,9세,중상
2014120300100460,2014년 12월 3일 18시,수요일,충청남도 서천군 장항읍,중상사고,0,1,0,0,차대차 - 기타,안전운전불이행,습기,눈,단일로 - 기타,자전거,여,61세,중상,원동기,남,43세,상해없음
2014120300100549,2014년 12월 3일 20시,수요일,충청남도 보령시 남포면,경상사고,0,0,2,0,차대차 - 측면직각충돌,안전운전불이행,결빙,눈,단일로 - 기타,승합,남,41세,상해없음,승용,남,44세,경상
2014120300100581,2014년 12월 3일 21시,수요일,충청남도 서산시 대산읍,부상신고사고,0,0,0,1,차대차 - 추돌 - 진행중,안전운전불이행,적설,눈,단일로 - 기타,승용,여,46세,부상신고,승용,남,51세,상해없음
2014120300100583,2014년 12월 3일 21시,수요일,충청남도 당진시 읍내리,경상사고,0,0,1,0,차대사람 - 기타,안전운전불이행,적설,눈,단일로 - 기타,승용,남,41세,상해없음,보행자,여,42세,경상
2014120300100584,2014년 12월 3일 21시,수요일,충청남도 당진시 송악읍,경상사고,0,0,4,0,차대차 - 추돌 - 진행중,안전운전불이행,적설,눈,단일로 - 기타,승용,남,54세,상해없음,승용,남,55세,경상
2014120300100614,2014년 12월 3일 22시,수요일,충청남도 예산군 오가면,경상사고,0,0,1,0,차대차 - 측면직각충돌,안전운전불이행,결빙,눈,단일로 - 기타,화물,남,25세,상해없음,승용,남,39세,경상
2014120400100017,2014년 12월 4일 00시,목요일,충청남도 천안시 동남구 신방동,경상사고,0,0,1,0,차대차 - 기타,신호위반,적설,눈,교차로 - 교차로안,승용,남,28세,기타불명,승용,남,34세,경상
2014120400100042,2014년 12월 4일 01시,목요일,충청남도 태안군 원북면,경상사고,0,0,1,0,차대차 - 정면충돌,안전운전불이행,결빙,눈,단일로 - 기타,승합,남,26세,상해없음,승용,남,41세,경상
2014120400100124,2014년 12월 4일 07시,목요일,충청남도 당진시 송악읍,경상사고,0,0,1,0,차대차 - 측면직각충돌,안전운전불이행,결빙,흐림,교차로 - 교차로안,승용,남,52세,상해없음,승용,남,47세,상해없음
2014120400100163,2014년 12월 4일 08시,목요일,충청남도 천안시 서북구 두정동,경상사고,0,0,1,0,차대차 - 추돌 - 주정차중,안전운전불이행,결빙,맑음,단일로 - 기타,승용,여,47세,상해없음,승용,여,24세,경상
2014120400100198,2014년 12월 4일 09시,목요일,충청남도 천안시 서북구 백석동,경상사고,0,0,1,0,차대차 - 기타,신호위반,적설,눈,교차로 - 교차로안,승용,남,56세,상해없음,승용,남,39세,상해없음
2014120400100199,2014년 12월 4일 09시,목요일,충청남도 천안시 서북구 두정동,경상사고,0,0,1,0,차대차 - 추돌 - 주정차중,안전운전불이행,결빙,맑음,기타 - 기타,승용,남,26세,상해없음,승용,여,23세,경상
2014120400100200,2014년 12월 4일 09시,목요일,충청남도 천안시 서북구 백석동,경상사고,0,0,1,0,차대차 - 기타,안전운전불이행,결빙,맑음,단일로 - 기타,승용,여,25세,상해없음,화물,남,48세,경상
2014120400100225,2014년 12월 4일 10시,목요일,충청남도 논산시 등화동,경상사고,0,0,1,0,차대차 - 측면직각충돌,안전거리미확보,결빙,맑음,단일로 - 기타,승용,여,51세,상해없음,승용,남,44세,경상
2014120400100253,2014년 12월 4일 11시,목요일,충청남도 천안시 서북구 업성동,중상사고,0,1,0,0,차대차 - 기타,중앙선침범,건조,맑음,교차로 - 교차로부근,화물,남,33세,상해없음,화물,여,55세,중상
2014120400100254,2014년 12월 4일 11시,목요일,충청남도 부여군 임천면,경상사고,0,0,1,0,차대차 - 기타,안전운전불이행,결빙,맑음,단일로 - 기타,화물,남,58세,상해없음,승용,남,57세,경상
2014120400100277,2014년 12월 4일 12시,목요일,충청남도 천안시 서북구 쌍용동,중상사고,0,1,0,0,차대사람 - 기타,안전운전불이행,습기,맑음,기타 - 기타,화물,남,41세,상해없음,보행자,남,84세,중상
2014120400100303,2014년 12월 4일 13시,목요일,충청남도 천안시 서북구 성정동,중상사고,0,1,0,0,차대차 - 기타,기타,건조,맑음,기타 - 기타,이륜,남,44세,중상,승합,남,35세,상해없음
2014120400100304,2014년 12월 4일 13시,목요일,충청남도 아산시 인주면,사망사고,1,2,0,0,차량단독 - 전도전복,안전운전불이행,결빙,흐림,단일로 - 기타,승용,남,40세,상해없음,,,,
2014120400100364,2014년 12월 4일 15시,목요일,충청남도 아산시 용화동,경상사고,0,0,1,0,차대차 - 측면직각충돌,기타,건조,맑음,교차로 - 교차로안,화물,남,53세,상해없음,승용,여,51세,경상
2014120400100453,2014년 12월 4일 17시,목요일,충청남도 당진시 석문면,경상사고,0,0,2,0,차대차 - 측면직각충돌,중앙선침범,결빙,맑음,단일로 - 기타,화물,남,65세,상해없음,승용,남,36세,경상
2014120400100522,2014년 12월 4일 18시,목요일,충청남도 논산시 덕지동,중상사고,0,2,0,0,차대차 - 정면충돌,중앙선침범,결빙,눈,미분류 - 미분류,화물,남,70세,상해없음,화물,남,47세,중상
2014120400100642,2014년 12월 4일 21시,목요일,충청남도 홍성군 홍북면,경상사고,0,0,1,0,차대차 - 측면직각충돌,중앙선침범,적설,눈,단일로 - 기타,승용,여,45세,상해없음,승용,남,59세,상해없음
2014120400100643,2014년 12월 4일 21시,목요일,충청남도 아산시 용화동,경상사고,0,0,1,0,차대차 - 추돌 - 진행중,안전운전불이행,결빙,눈,교차로 - 교차로부근,승용,남,24세,상해없음,승용,여,33세,경상
2014120400100678,2014년 12월 4일 22시,목요일,충청남도 천안시 서북구 백석동,경상사고,0,0,3,0,차대차 - 측면직각충돌,안전운전불이행,적설,눈,단일로 - 기타,승용,남,30세,상해없음,승용,남,46세,경상
2014120400100679,2014년 12월 4일 22시,목요일,충청남도 아산시 음봉면,중상사고,0,1,2,0,차대차 - 측면직각충돌,신호위반,결빙,눈,교차로 - 교차로안,승합,남,56세,상해없음,승용,남,29세,중상
2014120400100680,2014년 12월 4일 22시,목요일,충청남도 예산군 덕산면,경상사고,0,0,3,0,차대차 - 기타,안전운전불이행,적설,눈,단일로 - 기타,승용,남,46세,기타불명,승용,여,52세,경상
2014120400100682,2014년 12월 4일 22시,목요일,충청남도 서천군 비인면,경상사고,0,0,1,0,차량단독 - 기타,안전운전불이행,결빙,눈,단일로 - 기타,승용,남,40세,경상,,,,
2014120500100013,2014년 12월 5일 00시,금요일,충청남도 천안시 서북구 두정동,경상사고,0,0,1,0,차대사람 - 기타,안전운전불이행,건조,맑음,단일로 - 기타,승용,남,41세,상해없음,보행자,남,37세,경상
2014120500100014,2014년 12월 5일 00시,금요일,충청남도 논산시 양촌면,경상사고,0,0,1,0,차량단독 - 도로외이탈 - 기타,안전운전불이행,결빙,눈,단일로 - 기타,승용,남,50세,경상,,,,
2014120500100030,2014년 12월 5일 01시,금요일,충청남도 천안시 동남구 신부동,경상사고,0,0,3,0,차대차 - 측면직각충돌,안전운전불이행,건조,흐림,단일로 - 기타,승용,남,21세,상해없음,승용,남,56세,경상
2014120500100041,2014년 12월 5일 02시,금요일,충청남도 아산시 득산동,경상사고,0,0,1,0,차대사람 - 횡단중,신호위반,적설,눈,교차로 - 교차로안,승용,남,41세,상해없음,보행자,남,36세,경상
2014120500100068,2014년 12월 5일 05시,금요일,충청남도 천안시 서북구 쌍용동,경상사고,0,0,1,0,차대차 - 기타,중앙선침범,건조,맑음,교차로 - 교차로부근,승용,남,35세,상해없음,승용,남,65세,경상
2014120500100090,2014년 12월 5일 06시,금요일,충청남도 천안시 서북구 두정동,경상사고,0,0,1,0,차대차 - 측면직각충돌,안전운전불이행,결빙,눈,단일로 - 기타,승용,남,30세,상해없음,승용,남,26세,경상
2014120500100118,2014년 12월 5일 07시,금요일,충청남도 논산시 내동,중상사고,0,2,0,0,차대차 - 측면직각충돌,중앙선침범,결빙,맑음,단일로 - 기타,승용,남,21세,상해없음,화물,남,48세,중상
2014120500100154,2014년 12월 5일 08시,금요일,충청남도 아산시 온천동,경상사고,0,0,2,0,차대차 - 기타,안전운전불이행,결빙,맑음,교차로 - 교차로안,승용,남,60세,상해없음,승용,남,49세,경상
2014120500100252,2014년 12월 5일 11시,금요일,충청남도 천안시 서북구 성환읍,경상사고,0,0,2,0,차대차 - 기타,안전운전불이행,기타,맑음,단일로 - 기타,승용,남,31세,상해없음,화물,남,70세,경상
2014120500100254,2014년 12월 5일 11시,금요일,충청남도 금산군 군북면,사망사고,1,1,0,0,차량단독 - 공작물충돌,안전운전불이행,습기,맑음,단일로 - 기타,화물,남,35세,사망,,,,
2014120500100407,2014년 12월 5일 15시,금요일,충청남도 홍성군 홍성읍,중상사고,0,1,1,0,차대차 - 측면직각충돌,중앙선침범,결빙,맑음,단일로 - 기타,승합,여,39세,상해없음,화물,남,60세,중상
2014120500100440,2014년 12월 5일 16시,금요일,충청남도 금산군 추부면,중상사고,0,1,0,0,차대사람 - 기타,안전운전불이행,건조,흐림,단일로 - 기타,승용,여,72세,기타불명,보행자,남,14세,중상
2014120500100535,2014년 12월 5일 18시,금요일,충청남도 아산시 둔포면,중상사고,0,1,0,0,차대사람 - 기타,안전운전불이행,건조,흐림,기타 - 기타,승용,남,31세,상해없음,보행자,남,66세,중상
2014120500100580,2014년 12월 5일 19시,금요일,충청남도 천안시 서북구 백석동,경상사고,0,0,3,0,차대차 - 기타,안전운전불이행,건조,맑음,기타 - 기타,승용,남,55세,기타불명,승용,여,31세,경상
2014120500100581,2014년 12월 5일 19시,금요일,충청남도 천안시 동남구 성남면,부상신고사고,0,0,0,1,차대차 - 기타,안전운전불이행,적설,눈,단일로 - 기타,승합,남,54세,부상신고,농기계,남,57세,상해없음
2014120600100018,2014년 12월 6일 00시,토요일,충청남도 천안시 서북구 입장면,중상사고,0,2,0,0,차대차 - 측면직각충돌,기타,건조,맑음,교차로 - 교차로안,승용,남,24세,중상,승용,여,46세,중상
2014120600100019,2014년 12월 6일 00시,토요일,충청남도 천안시 서북구 두정동,경상사고,0,0,1,0,차대사람 - 기타,안전운전불이행,건조,맑음,단일로 - 기타,승용,남,35세,상해없음,보행자,남,24세,경상
2014120600100020,2014년 12월 6일 00시,토요일,충청남도 천안시 서북구 쌍용동,중상사고,0,2,0,0,차대차 - 기타,신호위반,건조,맑음,교차로 - 교차로안,승용,남,33세,상해없음,승용,남,52세,중상
2014120600100021,2014년 12월 6일 00시,토요일,충청남도 천안시 서북구 쌍용동,경상사고,0,0,1,0,차대차 - 추돌 - 주정차중,안전운전불이행,결빙,눈,교차로 - 교차로부근,승용,남,43세,상해없음,승용,남,39세,경상
2014120600100022,2014년 12월 6일 00시,토요일,충청남도 계룡시 금암동,경상사고,0,0,4,0,차대차 - 측면직각충돌,중앙선침범,건조,맑음,교차로 - 교차로부근,승용,남,36세,상해없음,승용,남,54세,경상
2014120600100080,2014년 12월 6일 02시,토요일,충청남도 공주시 반죽동,경상사고,0,0,2,0,차대차 - 측면직각충돌,신호위반,습기,맑음,교차로 - 교차로안,화물,남,19세,상해없음,승용,남,61세,경상
2014120600100099,2014년 12월 6일 03시,토요일,충청남도 천안시 서북구 쌍용동,중상사고,0,1,3,0,차대차 - 기타,안전운전불이행,건조,맑음,단일로 - 기타,승용,남,29세,중상,승용,남,30세,상해없음
2014120600100173,2014년 12월 6일 08시,토요일,충청남도 천안시 서북구 직산읍,경상사고,0,0,1,0,차대차 - 기타,안전운전불이행,건조,맑음,단일로 - 기타,승용,남,36세,상해없음,승용,여,41세,경상
2014120600100174,2014년 12월 6일 08시,토요일,충청남도 천안시 서북구 직산읍,경상사고,0,0,3,0,차대차 - 기타,안전운전불이행,건조,맑음,단일로 - 기타,승합,남,72세,상해없음,승합,남,35세,경상
2014120600100256,2014년 12월 6일 11시,토요일,충청남도 논산시 내동,중상사고,0,1,0,0,차대사람 - 보도통행중,기타,건조,맑음,교차로 - 교차로부근,화물,남,33세,상해없음,보행자,남,72세,중상
2014120600100321,2014년 12월 6일 13시,토요일,충청남도 당진시 대덕리,경상사고,0,0,2,0,차대차 - 측면직각충돌,교차로운행방법위반,건조,맑음,교차로 - 교차로안,화물,남,26세,상해없음,승용,남,68세,경상
2014120600100348,2014년 12월 6일 14시,토요일,충청남도 홍성군 장곡면,중상사고,0,2,2,0,차대차 - 기타,중앙선침범,결빙,맑음,단일로 - 기타,승용,남,71세,상해없음,승용,여,65세,경상
2014120600100382,2014년 12월 6일 15시,토요일,충청남도 논산시 강경읍,중상사고,0,1,0,0,차대차 - 측면직각충돌,기타,건조,맑음,교차로 - 교차로안,화물,남,61세,상해없음,자전거,남,80세,중상
2014120600100421,2014년 12월 6일 16시,토요일,충청남도 천안시 서북구 성정동,경상사고,0,0,1,0,차대차 - 기타,안전운전불이행,건조,맑음,교차로 - 교차로안,승용,남,16세,상해없음,승용,남,60세,경상
2014120600100422,2014년 12월 6일 16시,토요일,충청남도 청양군 대치면,부상신고사고,0,0,0,1,차대차 - 추돌 - 진행중,안전운전불이행,건조,맑음,단일로 - 기타,승합,남,71세,상해없음,승용,남,27세,부상신고
2014120600100423,2014년 12월 6일 16시,토요일,충청남도 천안시 동남구 구성동,경상사고,0,0,2,0,차대차 - 측면직각충돌,안전운전불이행,결빙,눈,교차로 - 교차로부근,화물,남,49세,상해없음,승용,여,37세,경상
2014120600100424,2014년 12월 6일 16시,토요일,충청남도 천안시 동남구 목천읍,중상사고,0,2,0,0,차대차 - 추돌 - 진행중,안전운전불이행,건조,흐림,단일로 - 기타,승용,남,55세,상해없음,승용,남,50세,중상
2014120600100523,2014년 12월 6일 18시,토요일,충청남도 홍성군 홍성읍,경상사고,0,0,2,0,차대차 - 기타,교차로운행방법위반,건조,맑음,교차로 - 교차로안,승용,남,62세,상해없음,승용,남,43세,경상
2014120600100524,2014년 12월 6일 18시,토요일,충청남도 천안시 동남구 영성동,경상사고,0,0,1,0,차대사람 - 기타,안전운전불이행,건조,흐림,단일로 - 기타,승용,남,58세,상해없음,보행자,여,51세,경상
2014120600100567,2014년 12월 6일 19시,토요일,충청남도 당진시 원당리,경상사고,0,0,7,0,차대차 - 추돌 - 진행중,안전운전불이행,건조,맑음,교차로 - 교차로안,승용,남,60세,상해없음,승용,남,37세,경상
2014120600100609,2014년 12월 6일 20시,토요일,충청남도 천안시 서북구 성환읍,중상사고,0,2,1,0,차대차 - 추돌 - 진행중,안전거리미확보,결빙,눈,단일로 - 기타,승용,남,33세,중상,화물,남,39세,중상
2014120600100695,2014년 12월 6일 23시,토요일,충청남도 서산시 읍내동,중상사고,0,1,1,0,차대차 - 정면충돌,중앙선침범,건조,맑음,단일로 - 기타,화물,남,49세,상해없음,승용,남,59세,중상
2014120700100039,2014년 12월 7일 01시,일요일,충청남도 천안시 동남구 다가동,경상사고,0,0,1,0,차대차 - 추돌 - 주정차중,안전운전불이행,건조,맑음,단일로 - 기타,승용,남,31세,상해없음,화물,남,45세,경상
2014120700100058,2014년 12월 7일 02시,일요일,충청남도 아산시 온천동,사망사고,1,0,0,0,차대차 - 기타,안전운전불이행,습기,흐림,교차로 - 교차로안,승용,남,23세,상해없음,이륜,남,17세,사망
2014120700100155,2014년 12월 7일 10시,일요일,충청남도 천안시 동남구 신방동,중상사고,0,1,0,0,차대사람 - 횡단중,안전운전불이행,습기,맑음,교차로 - 교차로부근,승용,남,26세,상해없음,보행자,여,30세,중상
2014120700100165,2014년 12월 7일 11시,일요일,충청남도 금산군 제원면,중상사고,0,1,0,0,차대사람 - 기타,안전운전불이행,건조,맑음,단일로 - 기타,승용,남,32세,상해없음,보행자,남,65세,중상