사고번호,사고일시,요일,시군구,사고내용,사망자수,중상자수,경상자수,부상신고자수,사고유형,법규위반,노면상태,기상상태,도로형태,가해운전자 차종,가해운전자 성별,가해운전자 연령,가해운전자 상해정도,피해운전자 차종,피해운전자 성별,피해운전자 연령,피해운전자 상해정도
2014121800100603,2014년 12월 18일 23시,목요일,충청남도 아산시 배방읍,경상사고,0,0,1,0,차대차 - 측면직각충돌,중앙선침범,건조,맑음,단일로 - 기타,승용,남,22세,상해없음,원동기,남,32세,경상
2014121900100027,2014년 12월 19일 01시,금요일,충청남도 보령시 동대동,중상사고,0,3,0,0,차대차 - 추돌 - 주정차중,안전운전불이행,건조,맑음,교차로 - 교차로부근,승용,남,34세,상해없음,승용,여,51세,중상
2014121900100044,2014년 12월 19일 02시,금요일,충청남도 태안군 태안읍,중상사고,0,1,0,0,차대사람 - 길가장자리구역통행중,안전운전불이행,건조,맑음,단일로 - 기타,승용,남,53세,상해없음,보행자,남,56세,중상
2014121900100190,2014년 12월 19일 10시,금요일,충청남도 천안시 동남구 삼룡동,경상사고,0,0,1,0,차대사람 - 횡단중,보행자보호의무위반,건조,맑음,단일로 - 횡단보도상,승용,남,54세,상해없음,보행자,여,32세,경상
2014121900100214,2014년 12월 19일 11시,금요일,충청남도 홍성군 광천읍,중상사고,0,1,0,0,차대차 - 기타,안전운전불이행,건조,맑음,단일로 - 기타,승용,기타불명,기타불명,기타불명,이륜,남,84세,중상
2014121900100245,2014년 12월 19일 13시,금요일,충청남도 홍성군 홍성읍,경상사고,0,0,1,0,차대차 - 측면직각충돌,안전운전불이행,건조,맑음,단일로 - 기타,승용,여,39세,상해없음,승용,남,26세,경상
2014121900100301,2014년 12월 19일 15시,금요일,충청남도 태안군 태안읍,경상사고,0,0,2,0,차대차 - 측면직각충돌,안전운전불이행,건조,맑음,교차로 - 교차로안,승용,남,77세,경상,화물,남,65세,경상
2014121900100302,2014년 12월 19일 15시,금요일,충청남도 홍성군 홍성읍,중상사고,0,1,0,0,차대차 - 측면직각충돌,안전운전불이행,습기,맑음,단일로 - 기타,승합,여,56세,상해없음,승용,남,47세,중상
2014121900100365,2014년 12월 19일 17시,금요일,충청남도 당진시 읍내리,중상사고,0,1,0,0,차대사람 - 차도통행중,안전운전불이행,건조,맑음,단일로 - 기타,승용,여,29세,상해없음,보행자,남,73세,중상
2014121900100417,2014년 12월 19일 18시,금요일,충청남도 천안시 서북구 성환읍,경상사고,0,0,1,0,차대사람 - 기타,중앙선침범,건조,맑음,단일로 - 기타,기타불명,기타불명,기타불명,기타불명,보행자,여,49세,경상
2014121900100468,2014년 12월 19일 19시,금요일,충청남도 천안시 서북구 쌍용동,경상사고,0,0,2,0,차대차 - 기타,신호위반,건조,맑음,교차로 - 교차로안,승용,남,25세,상해없음,화물,남,42세,경상
2014121900100504,2014년 12월 19일 20시,금요일,충청남도 아산시 온천동,경상사고,0,0,1,0,차대차 - 추돌 - 주정차중,안전운전불이행,건조,맑음,교차로 - 교차로부근,승용,남,35세,상해없음,승용,남,42세,경상
2014121900100593,2014년 12월 19일 22시,금요일,충청남도 서산시 운산면,중상사고,0,1,1,0,차대차 - 정면충돌,중앙선침범,습기,비,단일로 - 기타,이륜,남,17세,상해없음,승합,남,53세,경상
2014121900100594,2014년 12월 19일 22시,금요일,충청남도 홍성군 홍성읍,경상사고,0,0,1,0,차대차 - 정면충돌,안전운전불이행,건조,맑음,단일로 - 기타,승용,남,35세,상해없음,승용,남,56세,경상
2014121900100661,2014년 12월 19일 23시,금요일,충청남도 서산시 읍내동,중상사고,0,2,0,0,차대사람 - 횡단중,안전운전불이행,습기,비,기타 - 기타,승용,기타불명,기타불명,기타불명,보행자,남,23세,중상
2014121900100662,2014년 12월 19일 23시,금요일,충청남도 천안시 서북구 직산읍,경상사고,0,0,1,0,차대차 - 측면직각충돌,신호위반,건조,맑음,교차로 - 교차로안,승용,남,21세,상해없음,승용,남,18세,경상
2014121900100663,2014년 12월 19일 23시,금요일,충청남도 예산군 삽교읍,경상사고,0,0,1,0,차대차 - 추돌 - 주정차중,안전운전불이행,습기,비,단일로 - 기타,승용,남,52세,경상,승용,남,37세,기타불명
2014122000100044,2014년 12월 20일 00시,토요일,충청남도 예산군 덕산면,중상사고,0,1,0,0,차량단독 - 도로외이탈 - 추락,안전운전불이행,습기,비,교차로 - 교차로안,승용,남,36세,상해없음,,,,
2014122000100089,2014년 12월 20일 01시,토요일,충청남도 천안시 서북구 두정동,중상사고,0,1,0,0,차대차 - 측면직각충돌,신호위반,습기,비,교차로 - 교차로안,승용,남,25세,상해없음,승용,남,61세,중상
2014122000100090,2014년 12월 20일 01시,토요일,충청남도 논산시 내동,중상사고,0,1,0,0,차대차 - 측면직각충돌,신호위반,습기,비,교차로 - 교차로안,승용,남,35세,상해없음,승용,남,31세,상해없음
2014122000100164,2014년 12월 20일 03시,토요일,충청남도 천안시 서북구 두정동,경상사고,0,0,2,0,차대사람 - 기타,안전운전불이행,건조,맑음,단일로 - 기타,승용,남,19세,상해없음,보행자,남,22세,경상
2014122000100186,2014년 12월 20일 04시,토요일,충청남도 천안시 서북구 두정동,경상사고,0,0,1,0,차대사람 - 횡단중,안전운전불이행,건조,맑음,단일로 - 기타,승용,여,32세,상해없음,보행자,여,34세,경상
2014122000100209,2014년 12월 20일 05시,토요일,충청남도 천안시 서북구 쌍용동,경상사고,0,0,1,0,차대차 - 측면직각충돌,신호위반,건조,맑음,교차로 - 교차로안,승용,여,49세,상해없음,승용,남,40세,경상
2014122000100210,2014년 12월 20일 05시,토요일,충청남도 아산시 배방읍,경상사고,0,0,1,0,차량단독 - 기타,안전운전불이행,결빙,맑음,단일로 - 기타,승용,남,49세,상해없음,,,,
2014122000100230,2014년 12월 20일 06시,토요일,충청남도 아산시 염치읍,경상사고,0,0,1,0,차대차 - 추돌 - 진행중,안전운전불이행,결빙,맑음,단일로 - 기타,승용,여,34세,상해없음,승용,남,53세,경상
2014122000100231,2014년 12월 20일 06시,토요일,충청남도 당진시 신평면,경상사고,0,0,1,0,차대차 - 추돌 - 주정차중,안전운전불이행,결빙,맑음,단일로 - 기타,건설기계,남,34세,상해없음,화물,남,49세,상해없음
2014122000100338,2014년 12월 20일 09시,토요일,충청남도 서산시 수석동,중상사고,0,1,1,0,차대차 - 측면직각충돌,안전운전불이행,건조,맑음,교차로 - 교차로안,화물,남,57세,중상,화물,남,46세,경상
2014122000100339,2014년 12월 20일 09시,토요일,충청남도 홍성군 홍성읍,경상사고,0,0,1,0,차대차 - 기타,안전운전불이행,결빙,맑음,교차로 - 교차로부근,승용,남,40세,상해없음,승용,여,55세,경상
2014122000100340,2014년 12월 20일 09시,토요일,충청남도 공주시 검상동,사망사고,1,1,0,0,차대차 - 정면충돌,중앙선침범,결빙,흐림,단일로 - 교량,승용,남,35세,중상,화물,남,67세,사망
2014122000100551,2014년 12월 20일 16시,토요일,충청남도 공주시 우성면,경상사고,0,0,1,0,차대차 - 측면직각충돌,안전운전불이행,건조,맑음,교차로 - 교차로안,승용,여,49세,경상,승용,여,35세,상해없음
2014122000100589,2014년 12월 20일 17시,토요일,충청남도 아산시 신창면,중상사고,0,1,0,0,차대차 - 측면직각충돌,안전운전불이행,건조,맑음,교차로 - 교차로안,승용,남,52세,상해없음,이륜,남,42세,중상
2014122000100590,2014년 12월 20일 17시,토요일,충청남도 아산시 인주면,경상사고,0,0,3,0,차대차 - 추돌 - 진행중,안전운전불이행,건조,맑음,교차로 - 교차로부근,승합,남,46세,상해없음,화물,남,60세,경상
2014122000100591,2014년 12월 20일 17시,토요일,충청남도 아산시 풍기동,경상사고,0,0,3,0,차대차 - 추돌 - 진행중,안전운전불이행,건조,흐림,단일로 - 기타,승용,남,58세,상해없음,승용,여,36세,경상
2014122000100592,2014년 12월 20일 17시,토요일,충청남도 천안시 동남구 동면,중상사고,0,1,0,0,차대차 - 기타,안전운전불이행,건조,맑음,단일로 - 기타,승합,남,65세,상해없음,승합,남,42세,중상
2014122000100631,2014년 12월 20일 18시,토요일,충청남도 보령시 궁촌동,경상사고,0,0,1,0,차대차 - 추돌 - 주정차중,안전운전불이행,건조,맑음,단일로 - 기타,승합,남,48세,상해없음,승용,남,48세,경상
2014122000100634,2014년 12월 20일 18시,토요일,충청남도 보령시 남곡동,경상사고,0,0,1,0,차대차 - 측면직각충돌,안전운전불이행,건조,맑음,기타 - 기타,화물,남,44세,상해없음,승용,남,31세,경상
2014122000100700,2014년 12월 20일 20시,토요일,충청남도 부여군 부여읍,경상사고,0,0,3,0,차대차 - 기타,중앙선침범,건조,맑음,단일로 - 기타,승용,여,51세,상해없음,승용,여,32세,경상
2014122000100712,2014년 12월 20일 21시,토요일,충청남도 천안시 서북구 성정동,중상사고,0,3,2,0,차대차 - 기타,신호위반,건조,맑음,단일로 - 기타,승용,남,36세,상해없음,승용,남,62세,중상
2014122100100050,2014년 12월 21일 03시,일요일,충청남도 천안시 서북구 성정동,중상사고,0,1,0,0,차대차 - 기타,안전운전불이행,건조,맑음,교차로 - 교차로부근,화물,남,41세,상해없음,승용,남,52세,중상
2014122100100089,2014년 12월 21일 07시,일요일,충청남도 아산시 도고면,사망사고,1,0,0,0,차량단독 - 전도전복,안전운전불이행,건조,맑음,단일로 - 기타,화물,남,18세,사망,,,,
2014122100100134,2014년 12월 21일 10시,일요일,충청남도 당진시 석문면,사망사고,1,0,0,0,차대차 - 측면직각충돌,중앙선침범,건조,맑음,단일로 - 기타,화물,남,38세,상해없음,승용,남,35세,사망
2014122100100135,2014년 12월 21일 10시,일요일,충청남도 천안시 동남구 수신면,경상사고,0,0,2,0,차대차 - 기타,안전운전불이행,건조,맑음,교차로 - 교차로부근,건설기계,남,41세,상해없음,화물,여,39세,경상
2014122100100136,2014년 12월 21일 10시,일요일,충청남도 천안시 동남구 목천읍,경상사고,0,0,3,0,차대차 - 기타,안전운전불이행,건조,맑음,교차로 - 교차로부근,승용,남,31세,상해없음,승용,남,46세,경상
2014122100100174,2014년 12월 21일 12시,일요일,충청남도 홍성군 홍성읍,경상사고,0,0,1,0,차대차 - 기타,교차로운행방법위반,건조,맑음,교차로 - 교차로안,승용,여,46세,상해없음,승용,남,56세,경상
2014122100100187,2014년 12월 21일 13시,일요일,충청남도 천안시 서북구 성정동,경상사고,0,0,1,0,차대차 - 측면직각충돌,안전운전불이행,건조,맑음,교차로 - 교차로안,이륜,남,48세,경상,승용,남,23세,상해없음
2014122100100260,2014년 12월 21일 16시,일요일,충청남도 서산시 고북면,경상사고,0,0,2,0,차대차 - 기타,중앙선침범,적설,눈,교차로 - 교차로부근,화물,남,54세,상해없음,화물,여,47세,상해없음
2014122100100261,2014년 12월 21일 16시,일요일,충청남도 예산군 예산읍,경상사고,0,0,3,0,차대차 - 기타,안전운전불이행,적설,눈,교차로 - 교차로부근,승용,남,55세,상해없음,화물,남,32세,경상
2014122100100262,2014년 12월 21일 16시,일요일,충청남도 예산군 예산읍,경상사고,0,0,3,0,차대차 - 기타,안전운전불이행,적설,눈,교차로 - 교차로부근,승용,남,31세,상해없음,승용,여,40세,경상
2014122100100315,2014년 12월 21일 18시,일요일,충청남도 천안시 서북구 성정동,경상사고,0,0,3,0,차대차 - 기타,안전운전불이행,결빙,눈,단일로 - 기타,승용,여,46세,경상,승용,남,38세,경상
2014122100100316,2014년 12월 21일 18시,일요일,충청남도 천안시 서북구 성정동,경상사고,0,0,2,0,차대차 - 기타,안전운전불이행,적설,눈,교차로 - 교차로부근,승합,남,39세,상해없음,승용,남,31세,경상
2014122100100317,2014년 12월 21일 18시,일요일,충청남도 보령시 청라면,중상사고,0,1,0,0,차대차 - 추돌 - 진행중,중앙선침범,결빙,눈,단일로 - 기타,승용,남,51세,상해없음,승용,남,39세,중상
2014122100100357,2014년 12월 21일 19시,일요일,충청남도 천안시 서북구 성정동,경상사고,0,0,1,0,차대차 - 기타,신호위반,적설,눈,교차로 - 교차로부근,승용,남,26세,상해없음,이륜,남,37세,경상
2014122100100359,2014년 12월 21일 19시,일요일,충청남도 천안시 동남구 풍세면,경상사고,0,0,2,0,차대차 - 기타,안전운전불이행,습기,눈,단일로 - 기타,승용,남,55세,상해없음,승용,남,40세,경상
2014122100100388,2014년 12월 21일 20시,일요일,충청남도 천안시 서북구 쌍용동,경상사고,0,0,1,0,차대차 - 기타,신호위반,적설,눈,교차로 - 교차로안,승용,여,44세,상해없음,승용,남,46세,상해없음
2014122100100389,2014년 12월 21일 20시,일요일,충청남도 천안시 서북구 성정동,경상사고,0,0,1,0,차대사람 - 기타,안전운전불이행,적설,눈,단일로 - 기타,이륜,남,21세,상해없음,보행자,여,23세,경상
2014122100100390,2014년 12월 21일 20시,일요일,충청남도 보령시 동대동,경상사고,0,0,1,0,차대차 - 추돌 - 진행중,중앙선침범,적설,눈,단일로 - 횡단보도부근,승용,남,51세,상해없음,승용,남,21세,경상
2014122100100419,2014년 12월 21일 21시,일요일,충청남도 천안시 동남구 용곡동,경상사고,0,0,4,0,차대차 - 추돌 - 진행중,안전운전불이행,적설,눈,단일로 - 기타,승용,남,33세,상해없음,승용,남,44세,경상
2014122100100437,2014년 12월 21일 22시,일요일,충청남도 보령시 신흑동,경상사고,0,0,2,0,차대차 - 추돌 - 진행중,안전운전불이행,적설,눈,교차로 - 교차로안,승용,남,56세,상해없음,승용,남,29세,경상
2014122100100440,2014년 12월 21일 22시,일요일,충청남도 서천군 종천면,사망사고,1,0,1,0,차대차 - 측면직각충돌,안전운전불이행,적설,눈,단일로 - 기타,승합,남,25세,상해없음,승용,남,50세,사망
2014122200100014,2014년 12월 22일 01시,월요일,충청남도 천안시 동남구 풍세면,사망사고,1,0,0,4,차량단독 - 전도전복,안전운전불이행,습기,눈,단일로 - 기타,승합,남,35세,부상신고,,,,
2014122200100072,2014년 12월 22일 07시,월요일,충청남도 아산시 권곡동,경상사고,0,0,2,0,차대차 - 추돌 - 주정차중,안전운전불이행,결빙,흐림,교차로 - 교차로부근,승용,남,36세,상해없음,승용,남,29세,경상
2014122200100073,2014년 12월 22일 07시,월요일,충청남도 공주시 금흥동,경상사고,0,0,1,0,차대사람 - 기타,안전운전불이행,결빙,맑음,단일로 - 기타,승용,남,55세,상해없음,보행자,남,18세,경상
2014122200100074,2014년 12월 22일 07시,월요일,충청남도 당진시 신평면,경상사고,0,0,2,0,차대차 - 정면충돌,중앙선침범,적설,눈,단일로 - 기타,승용,여,46세,경상,승용,여,26세,경상
2014122200100111,2014년 12월 22일 08시,월요일,충청남도 태안군 태안읍,경상사고,0,0,1,0,차대차 - 기타,중앙선침범,적설,눈,단일로 - 기타,승용,남,46세,경상,화물,남,37세,상해없음
2014122200100146,2014년 12월 22일 09시,월요일,충청남도 아산시 신창면,경상사고,0,0,1,0,차대차 - 추돌 - 주정차중,안전운전불이행,결빙,맑음,단일로 - 기타,승합,남,26세,상해없음,승용,남,37세,경상
2014122200100170,2014년 12월 22일 10시,월요일,충청남도 천안시 서북구 백석동,중상사고,0,1,0,0,차대차 - 기타,안전운전불이행,적설,눈,교차로 - 교차로부근,화물,남,42세,상해없음,화물,남,56세,중상
2014122200100198,2014년 12월 22일 11시,월요일,충청남도 천안시 서북구 백석동,경상사고,0,0,1,0,차대사람 - 횡단중,신호위반,적설,눈,교차로 - 교차로부근,승용,남,43세,상해없음,보행자,여,25세,경상
2014122200100225,2014년 12월 22일 12시,월요일,충청남도 홍성군 홍성읍,중상사고,0,1,0,0,차대차 - 정면충돌,중앙선침범,습기,흐림,단일로 - 기타,특수,남,32세,상해없음,승용,남,62세,중상
2014122200100341,2014년 12월 22일 16시,월요일,충청남도 공주시 탄천면,경상사고,0,0,1,0,차대차 - 기타,안전운전불이행,습기,흐림,단일로 - 기타,승용,여,53세,기타불명,건설기계,남,61세,경상
2014122200100375,2014년 12월 22일 17시,월요일,충청남도 태안군 원북면,중상사고,0,3,2,0,차대차 - 추돌 - 주정차중,안전운전불이행,건조,맑음,단일로 - 기타,화물,남,54세,중상,승합,남,36세,경상
2014122200100376,2014년 12월 22일 17시,월요일,충청남도 논산시 취암동,경상사고,0,0,1,0,차대사람 - 횡단중,안전운전불이행,건조,맑음,교차로 - 교차로부근,승용,남,21세,상해없음,보행자,여,23세,경상
2014122200100493,2014년 12월 22일 20시,월요일,충청남도 논산시 상월면,중상사고,0,1,0,0,차량단독 - 도로외이탈 - 추락,안전운전불이행,결빙,맑음,단일로 - 기타,화물,남,57세,중상,,,,
2014122200100516,2014년 12월 22일 21시,월요일,충청남도 보령시 남포면,경상사고,0,0,1,0,차대차 - 기타,중앙선침범,기타,흐림,단일로 - 기타,화물,남,43세,상해없음,승용,남,49세,경상
2014122200100546,2014년 12월 22일 22시,월요일,충청남도 천안시 서북구 두정동,경상사고,0,0,1,0,차대차 - 측면직각충돌,직진우회전진행방해,적설,눈,교차로 - 교차로안,승용,남,24세,상해없음,화물,남,48세,경상
2014122200100581,2014년 12월 22일 23시,월요일,충청남도 천안시 서북구 백석동,경상사고,0,0,1,0,차대차 - 추돌 - 주정차중,안전운전불이행,적설,눈,교차로 - 교차로부근,승용,남,28세,상해없음,승용,여,37세,경상
2014122300100017,2014년 12월 23일 00시,화요일,충청남도 천안시 서북구 성정동,경상사고,0,0,1,0,차대차 - 추돌 - 주정차중,안전운전불이행,적설,눈,단일로 - 기타,승용,남,27세,상해없음,승용,남,34세,경상
2014122300100121,2014년 12월 23일 07시,화요일,충청남도 예산군 봉산면,경상사고,0,0,1,0,차대차 - 측면직각충돌,신호위반,건조,흐림,교차로 - 교차로안,승용,남,42세,상해없음,이륜,남,54세,경상
2014122300100122,2014년 12월 23일 07시,화요일,충청남도 당진시 시곡리,중상사고,0,1,1,0,차대차 - 기타,안전운전불이행,결빙,맑음,단일로 - 기타,승용,남,31세,중상,승용,여,43세,경상
2014122300100123,2014년 12월 23일 07시,화요일,충청남도 당진시 송산면,중상사고,0,1,0,0,차대사람 - 횡단중,보행자보호의무위반,건조,맑음,단일로 - 횡단보도상,화물,남,55세,상해없음,보행자,여,33세,중상
2014122300100151,2014년 12월 23일 08시,화요일,충청남도 천안시 서북구 쌍용동,경상사고,0,0,3,0,차대차 - 기타,안전운전불이행,결빙,맑음,단일로 - 기타,승용,남,22세,상해없음,승용,남,59세,경상
2014122300100152,2014년 12월 23일 08시,화요일,충청남도 천안시 서북구 성환읍,경상사고,0,0,1,0,차대차 - 기타,교차로운행방법위반,결빙,맑음,교차로 - 교차로부근,승용,여,32세,상해없음,승용,여,33세,경상
2014122300100153,2014년 12월 23일 08시,화요일,충청남도 아산시 음봉면,경상사고,0,0,1,0,차대차 - 측면직각충돌,안전운전불이행,결빙,맑음,단일로 - 기타,승용,여,29세,상해없음,승용,남,47세,경상
2014122300100154,2014년 12월 23일 08시,화요일,충청남도 보령시 궁촌동,중상사고,0,1,0,0,차대차 - 기타,교차로운행방법위반,건조,맑음,교차로 - 교차로안,승합,남,54세,상해없음,승용,여,45세,중상
2014122300100217,2014년 12월 23일 10시,화요일,충청남도 당진시 송악읍,중상사고,0,1,0,0,차대차 - 측면직각충돌,안전운전불이행,결빙,눈,교차로 - 교차로부근,화물,남,47세,상해없음,화물,남,61세,중상
2014122300100245,2014년 12월 23일 11시,화요일,충청남도 청양군 운곡면,사망사고,1,1,0,0,차대차 - 기타,안전운전불이행,습기,맑음,단일로 - 기타,승용,남,48세,상해없음,승용,기타불명,기타불명,기타불명
2014122300100306,2014년 12월 23일 14시,화요일,충청남도 보령시 오천면,중상사고,0,1,1,0,차대차 - 정면충돌,중앙선침범,습기,맑음,단일로 - 기타,승합,남,48세,경상,화물,남,31세,중상
2014122300100308,2014년 12월 23일 14시,화요일,충청남도 천안시 동남구 다가동,중상사고,0,1,0,0,차대차 - 기타,안전운전불이행,습기,흐림,교차로 - 교차로안,화물,남,48세,상해없음,이륜,남,50세,중상
2014122300100353,2014년 12월 23일 16시,화요일,충청남도 공주시 옥룡동,중상사고,0,1,1,0,차대차 - 기타,안전운전불이행,건조,맑음,단일로 - 기타,승용,남,56세,상해없음,승합,여,34세,경상
2014122300100436,2014년 12월 23일 18시,화요일,충청남도 태안군 고남면,경상사고,0,0,1,0,차대차 - 추돌 - 진행중,안전거리미확보,건조,맑음,교차로 - 교차로부근,승용,남,73세,상해없음,이륜,남,72세,경상
2014122300100491,2014년 12월 23일 19시,화요일,충청남도 천안시 서북구 성정동,경상사고,0,0,1,0,차대차 - 기타,안전운전불이행,건조,맑음,단일로 - 기타,승용,남,24세,상해없음,원동기,남,35세,경상
2014122300100492,2014년 12월 23일 19시,화요일,충청남도 홍성군 홍성읍,경상사고,0,0,1,0,차대차 - 추돌 - 진행중,안전운전불이행,건조,맑음,교차로 - 교차로부근,승용,남,56세,상해없음,승용,여,30세,경상
2014122300100559,2014년 12월 23일 21시,화요일,충청남도 서산시 동문동,경상사고,0,0,1,0,차대차 - 측면직각충돌,중앙선침범,건조,맑음,단일로 - 기타,승용,남,37세,상해없음,승용,남,38세,경상
2014122300100599,2014년 12월 23일 22시,화요일,충청남도 논산시 화지동,경상사고,0,0,1,0,차대차 - 기타,안전운전불이행,건조,맑음,교차로 - 교차로안,기타불명,기타불명,기타불명,기타불명,이륜,남,26세,경상
2014122300100646,2014년 12월 23일 23시,화요일,충청남도 공주시 반포면,중상사고,0,1,0,0,차대사람 - 기타,보행자보호의무위반,건조,맑음,단일로 - 횡단보도상,승용,남,54세,상해없음,보행자,남,64세,중상
2014122400100057,2014년 12월 24일 03시,수요일,충청남도 천안시 서북구 성정동,중상사고,0,2,0,0,차대차 - 기타,안전운전불이행,건조,맑음,단일로 - 기타,승용,남,31세,중상,화물,남,55세,상해없음
2014122400100058,2014년 12월 24일 03시,수요일,충청남도 천안시 서북구 성정동,중상사고,0,4,1,0,차대차 - 기타,신호위반,건조,맑음,교차로 - 교차로안,승용,남,26세,중상,승용,남,28세,경상
2014122400100059,2014년 12월 24일 03시,수요일,충청남도 보령시 동대동,경상사고,0,0,2,0,차량단독 - 전도전복,안전운전불이행,건조,맑음,교차로 - 교차로안,승용,남,22세,경상,,,,
2014122400100074,2014년 12월 24일 05시,수요일,충청남도 아산시 온천동,경상사고,0,0,1,0,차대차 - 측면직각충돌,신호위반,건조,맑음,교차로 - 교차로안,승용,남,79세,상해없음,승용,남,44세,상해없음
2014122400100075,2014년 12월 24일 05시,수요일,충청남도 예산군 봉산면,경상사고,0,0,1,0,차량단독 - 공작물충돌,안전운전불이행,습기,비,단일로 - 기타,승용,남,27세,경상,,,,
2014122400100087,2014년 12월 24일 06시,수요일,충청남도 예산군 예산읍,경상사고,0,0,1,0,차량단독 - 공작물충돌,안전운전불이행,습기,비,단일로 - 기타,승용,남,23세,경상,,,,
2014122400100137,2014년 12월 24일 08시,수요일,충청남도 홍성군 홍성읍,경상사고,0,0,1,0,차대차 - 기타,교차로운행방법위반,건조,맑음,교차로 - 교차로안,승용,여,23세,상해없음,승용,남,39세,경상
2014122400100138,2014년 12월 24일 08시,수요일,충청남도 천안시 동남구 성남면,중상사고,0,1,0,0,차대차 - 정면충돌,안전운전불이행,결빙,기타,단일로 - 교량,화물,여,49세,중상,건설기계,남,40세,상해없음
2014122400100190,2014년 12월 24일 10시,수요일,충청남도 공주시 사곡면,중상사고,0,1,0,0,차대차 - 기타,안전운전불이행,결빙,눈,단일로 - 교량,화물,남,51세,기타불명,화물,남,44세,중상
2014122400100210,2014년 12월 24일 11시,수요일,충청남도 보령시 웅천읍,중상사고,0,1,1,0,차대차 - 측면직각충돌,직진우회전진행방해,습기,흐림,교차로 - 교차로안,승용,여,40세,중상,승용,남,59세,경상
2014122400100212,2014년 12월 24일 11시,수요일,충청남도 당진시 신평면,경상사고,0,0,1,0,차대차 - 추돌 - 진행중,안전운전불이행,건조,맑음,단일로 - 기타,화물,남,51세,상해없음,승용,남,42세,경상
2014122400100243,2014년 12월 24일 12시,수요일,충청남도 서산시 동문동,경상사고,0,0,1,0,차대사람 - 길가장자리구역통행중,안전운전불이행,건조,맑음,단일로 - 기타,승용,남,71세,상해없음,보행자,남,45세,경상
2014122400100275,2014년 12월 24일 13시,수요일,충청남도 천안시 서북구 성환읍,경상사고,0,0,1,0,차대차 - 기타,중앙선침범,건조,맑음,교차로 - 교차로부근,승합,남,26세,상해없음,승합,남,37세,상해없음
2014122400100276,2014년 12월 24일 13시,수요일,충청남도 논산시 취암동,경상사고,0,0,1,0,차대차 - 측면직각충돌,안전운전불이행,건조,맑음,단일로 - 기타,승용,남,55세,경상,화물,남,68세,상해없음
2014122400100308,2014년 12월 24일 14시,수요일,충청남도 홍성군 광천읍,중상사고,0,1,0,0,차대차 - 기타,신호위반,건조,맑음,교차로 - 교차로안,승합,남,21세,상해없음,승용,남,41세,중상
2014122400100309,2014년 12월 24일 14시,수요일,충청남도 당진시 원당리,경상사고,0,0,2,0,차대차 - 추돌 - 진행중,안전운전불이행,건조,맑음,단일로 - 기타,승용,남,61세,상해없음,승용,여,46세,경상
2014122400100383,2014년 12월 24일 16시,수요일,충청남도 천안시 서북구 성거읍,경상사고,0,0,1,0,차대차 - 기타,안전운전불이행,건조,맑음,교차로 - 교차로안,기타불명,기타불명,기타불명,기타불명,승용,여,40세,경상
2014122400100384,2014년 12월 24일 16시,수요일,충청남도 논산시 광석면,경상사고,0,0,1,0,차량단독 - 전도전복,안전운전불이행,건조,맑음,단일로 - 기타,농기계,여,67세,경상,,,,
2014122400100487,2014년 12월 24일 18시,수요일,충청남도 태안군 소원면,중상사고,0,1,0,0,차대차 - 추돌 - 진행중,안전운전불이행,건조,맑음,단일로 - 기타,건설기계,남,57세,상해없음,승용,여,45세,중상
2014122400100558,2014년 12월 24일 19시,수요일,충청남도 천안시 동남구 신부동,경상사고,0,0,1,0,차대차 - 추돌 - 주정차중,안전거리미확보,건조,맑음,교차로 - 교차로부근,승용,남,40세,상해없음,승용,여,41세,경상
2014122400100619,2014년 12월 24일 20시,수요일,충청남도 서산시 부석면,사망사고,1,0,0,0,차대사람 - 길가장자리구역통행중,안전운전불이행,건조,맑음,단일로 - 기타,화물,남,58세,상해없음,보행자,남,56세,사망
2014122400100655,2014년 12월 24일 21시,수요일,충청남도 홍성군 홍성읍,경상사고,0,0,1,0,차대차 - 기타,안전운전불이행,건조,맑음,교차로 - 교차로부근,승용,남,49세,상해없음,승용,남,30세,경상
2014122400100656,2014년 12월 24일 21시,수요일,충청남도 공주시 신관동,중상사고,0,1,0,0,차대차 - 기타,신호위반,건조,맑음,교차로 - 교차로안,승합,남,50세,기타불명,이륜,남,22세,중상
2014122400100685,2014년 12월 24일 22시,수요일,충청남도 천안시 서북구 백석동,경상사고,0,0,2,0,차대차 - 기타,중앙선침범,건조,맑음,단일로 - 기타,승용,남,47세,상해없음,승합,남,56세,경상
2014122500100014,2014년 12월 25일 00시,목요일,충청남도 천안시 동남구 신부동,경상사고,0,0,2,0,차대차 - 추돌 - 주정차중,안전운전불이행,건조,맑음,단일로 - 기타,승용,남,45세,상해없음,승용,남,24세,경상
2014122500100040,2014년 12월 25일 01시,목요일,충청남도 천안시 서북구 두정동,경상사고,0,0,3,0,차대차 - 기타,안전운전불이행,건조,맑음,단일로 - 기타,승용,남,44세,경상,승용,남,31세,상해없음