사고번호,사고일시,요일,시군구,사고내용,사망자수,중상자수,경상자수,부상신고자수,사고유형,법규위반,노면상태,기상상태,도로형태,가해운전자 차종,가해운전자 성별,가해운전자 연령,가해운전자 상해정도,피해운전자 차종,피해운전자 성별,피해운전자 연령,피해운전자 상해정도
2014122500100061,2014년 12월 25일 02시,목요일,충청남도 천안시 동남구 성황동,경상사고,0,0,1,0,차대차 - 추돌 - 진행중,안전운전불이행,건조,맑음,교차로 - 교차로부근,승용,남,28세,기타불명,승용,남,46세,경상
2014122500100082,2014년 12월 25일 03시,목요일,충청남도 천안시 서북구 두정동,경상사고,0,0,1,0,차대사람 - 길가장자리구역통행중,안전운전불이행,기타,맑음,단일로 - 기타,승용,남,27세,상해없음,보행자,남,24세,경상
2014122500100098,2014년 12월 25일 04시,목요일,충청남도 천안시 서북구 성정동,경상사고,0,0,1,0,차대차 - 추돌 - 주정차중,안전운전불이행,기타,맑음,교차로 - 교차로부근,승용,남,45세,상해없음,승용,남,31세,경상
2014122500100131,2014년 12월 25일 07시,목요일,충청남도 논산시 내동,중상사고,0,1,0,0,차대차 - 추돌 - 주정차중,안전운전불이행,건조,맑음,단일로 - 기타,승용,남,41세,상해없음,승용,남,69세,중상
2014122500100266,2014년 12월 25일 14시,목요일,충청남도 예산군 덕산면,경상사고,0,0,2,0,차대차 - 정면충돌,중앙선침범,건조,맑음,교차로 - 교차로안,화물,남,44세,상해없음,승용,남,34세,경상
2014122500100267,2014년 12월 25일 14시,목요일,충청남도 천안시 동남구 신부동,경상사고,0,0,1,0,차대사람 - 길가장자리구역통행중,안전운전불이행,건조,맑음,단일로 - 기타,승용,여,37세,상해없음,보행자,여,19세,경상
2014122500100296,2014년 12월 25일 15시,목요일,충청남도 천안시 서북구 두정동,경상사고,0,0,1,0,차대차 - 측면직각충돌,안전거리미확보,건조,맑음,단일로 - 기타,승용,남,51세,상해없음,승용,여,54세,경상
2014122500100297,2014년 12월 25일 15시,목요일,충청남도 당진시 송산면,경상사고,0,0,1,0,차대차 - 기타,교차로운행방법위반,건조,맑음,교차로 - 교차로안,승용,남,58세,상해없음,승용,남,31세,경상
2014122500100322,2014년 12월 25일 16시,목요일,충청남도 예산군 예산읍,경상사고,0,0,4,0,차대차 - 추돌 - 진행중,안전거리미확보,건조,맑음,단일로 - 기타,화물,남,55세,상해없음,승용,여,52세,경상
2014122500100348,2014년 12월 25일 17시,목요일,충청남도 홍성군 홍북면,중상사고,0,1,0,0,차량단독 - 기타,안전운전불이행,건조,맑음,단일로 - 기타,이륜,남,49세,중상,,,,
2014122500100375,2014년 12월 25일 18시,목요일,충청남도 논산시 가야곡면,사망사고,1,0,0,0,차대사람 - 횡단중,안전운전불이행,건조,맑음,교차로 - 교차로안,화물,남,40세,상해없음,보행자,남,73세,사망
2014122500100376,2014년 12월 25일 18시,목요일,충청남도 당진시 읍내리,경상사고,0,0,1,0,차대차 - 기타,안전운전불이행,건조,맑음,교차로 - 교차로안,승용,남,64세,상해없음,승용,남,28세,경상
2014122500100377,2014년 12월 25일 18시,목요일,충청남도 천안시 동남구 원성동,사망사고,1,0,0,0,차대사람 - 기타,안전운전불이행,건조,맑음,단일로 - 기타,승용,남,29세,상해없음,보행자,남,51세,사망
2014122500100430,2014년 12월 25일 20시,목요일,충청남도 당진시 송악읍,경상사고,0,0,1,0,차대차 - 기타,안전운전불이행,건조,맑음,교차로 - 교차로안,승용,남,31세,상해없음,승용,남,35세,상해없음
2014122600100131,2014년 12월 26일 08시,금요일,충청남도 공주시 유구읍,중상사고,0,1,1,0,차대차 - 측면직각충돌,안전운전불이행,건조,맑음,교차로 - 교차로안,승용,여,59세,경상,승용,남,47세,중상
2014122600100132,2014년 12월 26일 08시,금요일,충청남도 공주시 송선동,경상사고,0,0,1,0,차대차 - 측면직각충돌,신호위반,건조,맑음,교차로 - 교차로안,승용,남,52세,상해없음,승용,남,33세,경상
2014122600100133,2014년 12월 26일 08시,금요일,충청남도 당진시 석문면,경상사고,0,0,2,0,차대차 - 기타,교차로운행방법위반,건조,맑음,교차로 - 교차로안,승용,남,56세,상해없음,승용,남,27세,경상
2014122600100134,2014년 12월 26일 08시,금요일,충청남도 천안시 동남구 쌍용동,경상사고,0,0,1,0,차대사람 - 기타,안전운전불이행,건조,맑음,단일로 - 기타,화물,남,18세,상해없음,보행자,남,13세,경상
2014122600100174,2014년 12월 26일 09시,금요일,충청남도 서천군 서천읍,중상사고,0,1,0,0,차대사람 - 횡단중,안전운전불이행,건조,맑음,교차로 - 교차로부근,승용,남,75세,상해없음,보행자,남,39세,중상
2014122600100175,2014년 12월 26일 09시,금요일,충청남도 서천군 서천읍,중상사고,0,1,0,0,차대사람 - 기타,안전운전불이행,건조,흐림,교차로 - 교차로부근,기타불명,기타불명,기타불명,기타불명,보행자,남,79세,중상
2014122600100205,2014년 12월 26일 10시,금요일,충청남도 당진시 신평면,사망사고,1,0,1,0,차대차 - 추돌 - 진행중,안전운전불이행,건조,맑음,단일로 - 기타,화물,남,62세,사망,화물,남,48세,경상
2014122600100230,2014년 12월 26일 11시,금요일,충청남도 홍성군 홍동면,중상사고,0,1,0,0,차대차 - 정면충돌,안전운전불이행,건조,맑음,교차로 - 교차로부근,화물,남,62세,상해없음,승용,남,38세,중상
2014122600100231,2014년 12월 26일 11시,금요일,충청남도 금산군 금산읍,중상사고,0,1,0,0,차대차 - 측면직각충돌,교차로운행방법위반,건조,맑음,교차로 - 교차로안,화물,남,52세,상해없음,이륜,남,58세,중상
2014122600100232,2014년 12월 26일 11시,금요일,충청남도 청양군 청양읍,경상사고,0,0,2,0,차대차 - 기타,직진우회전진행방해,건조,맑음,교차로 - 교차로안,승용,여,55세,상해없음,승용,남,75세,경상
2014122600100233,2014년 12월 26일 11시,금요일,충청남도 천안시 동남구 봉명동,경상사고,0,0,1,0,차대차 - 기타,교차로운행방법위반,건조,맑음,교차로 - 교차로안,화물,남,52세,상해없음,이륜,남,78세,경상
2014122600100332,2014년 12월 26일 14시,금요일,충청남도 서산시 석남동,경상사고,0,0,1,1,차대차 - 측면직각충돌,교차로운행방법위반,건조,맑음,교차로 - 교차로안,승합,남,66세,부상신고,승합,여,44세,경상
2014122600100333,2014년 12월 26일 14시,금요일,충청남도 부여군 남면,중상사고,0,1,0,0,차대차 - 추돌 - 진행중,안전운전불이행,건조,맑음,단일로 - 기타,화물,남,50세,상해없음,승용,남,71세,상해없음
2014122600100366,2014년 12월 26일 15시,금요일,충청남도 금산군 복수면,경상사고,0,0,1,0,차대차 - 측면직각충돌,안전운전불이행,건조,맑음,교차로 - 교차로부근,승용,남,64세,상해없음,승용,남,47세,경상
2014122600100403,2014년 12월 26일 16시,금요일,충청남도 공주시 신풍면,사망사고,1,1,0,0,차대차 - 정면충돌,중앙선침범,건조,맑음,단일로 - 기타,화물,남,64세,사망,화물,남,45세,중상
2014122600100437,2014년 12월 26일 17시,금요일,충청남도 서천군 판교면,중상사고,0,1,2,0,차대차 - 정면충돌,중앙선침범,건조,맑음,단일로 - 기타,승용,남,59세,상해없음,승용,여,55세,경상
2014122600100438,2014년 12월 26일 17시,금요일,충청남도 예산군 삽교읍,경상사고,0,0,1,0,차대차 - 측면직각충돌,직진우회전진행방해,건조,맑음,교차로 - 교차로안,승용,남,55세,상해없음,승용,남,38세,경상
2014122600100500,2014년 12월 26일 18시,금요일,충청남도 논산시 내동,경상사고,0,0,1,0,차대차 - 측면직각충돌,안전거리미확보,건조,맑음,교차로 - 교차로부근,승용,여,39세,상해없음,이륜,남,18세,경상
2014122600100539,2014년 12월 26일 19시,금요일,충청남도 천안시 서북구 쌍용동,경상사고,0,0,1,0,차대사람 - 기타,안전운전불이행,건조,맑음,단일로 - 기타,이륜,기타불명,기타불명,기타불명,보행자,남,17세,경상
2014122600100540,2014년 12월 26일 19시,금요일,충청남도 천안시 서북구 두정동,경상사고,0,0,1,0,차대차 - 측면직각충돌,교차로운행방법위반,건조,맑음,교차로 - 교차로안,승용,여,36세,상해없음,승용,여,41세,경상
2014122600100541,2014년 12월 26일 19시,금요일,충청남도 홍성군 광천읍,경상사고,0,0,1,0,차대차 - 기타,신호위반,건조,맑음,교차로 - 교차로안,승용,여,58세,상해없음,승용,남,49세,경상
2014122600100542,2014년 12월 26일 19시,금요일,충청남도 천안시 동남구 신부동,중상사고,0,1,0,0,차대사람 - 횡단중,안전운전불이행,건조,맑음,단일로 - 횡단보도부근,승합,남,58세,상해없음,보행자,여,11세,중상
2014122600100607,2014년 12월 26일 21시,금요일,충청남도 서산시 예천동,경상사고,0,0,2,0,차대차 - 추돌 - 진행중,중앙선침범,건조,맑음,단일로 - 기타,승용,여,56세,상해없음,승용,남,37세,경상
2014122600100608,2014년 12월 26일 21시,금요일,충청남도 천안시 서북구 직산읍,경상사고,0,0,1,0,차대차 - 기타,안전운전불이행,건조,맑음,단일로 - 기타,기타불명,기타불명,기타불명,기타불명,이륜,남,40세,경상
2014122600100609,2014년 12월 26일 21시,금요일,충청남도 천안시 서북구 쌍용동,중상사고,0,1,0,0,차대차 - 기타,안전운전불이행,건조,맑음,단일로 - 기타,승용,남,42세,상해없음,원동기,남,23세,중상
2014122600100668,2014년 12월 26일 22시,금요일,충청남도 당진시 송산면,중상사고,0,1,0,0,차대차 - 기타,중앙선침범,건조,맑음,단일로 - 기타,승용,남,36세,상해없음,승용,남,44세,상해없음
2014122700100021,2014년 12월 27일 00시,토요일,충청남도 천안시 동남구 신부동,경상사고,0,0,2,0,차대차 - 기타,안전운전불이행,건조,맑음,단일로 - 기타,승용,남,39세,상해없음,승용,여,49세,경상
2014122700100055,2014년 12월 27일 01시,토요일,충청남도 천안시 서북구 두정동,경상사고,0,0,1,0,차대차 - 기타,신호위반,건조,맑음,교차로 - 교차로안,이륜,기타불명,기타불명,기타불명,승용,여,55세,경상
2014122700100056,2014년 12월 27일 01시,토요일,충청남도 천안시 동남구 삼룡동,중상사고,0,2,0,0,차대차 - 기타,안전운전불이행,건조,맑음,교차로 - 교차로부근,승용,여,47세,상해없음,승용,여,37세,중상
2014122700100239,2014년 12월 27일 11시,토요일,충청남도 천안시 서북구 입장면,중상사고,0,1,2,0,차대차 - 측면직각충돌,안전운전불이행,건조,맑음,단일로 - 기타,기타불명,기타불명,기타불명,기타불명,승용,여,64세,경상
2014122700100267,2014년 12월 27일 12시,토요일,충청남도 공주시 금성동,부상신고사고,0,0,0,1,차대차 - 기타,안전운전불이행,건조,맑음,단일로 - 교량,원동기,남,84세,부상신고,승용,여,52세,상해없음
2014122700100343,2014년 12월 27일 15시,토요일,충청남도 천안시 동남구 구성동,경상사고,0,0,1,0,차대차 - 측면직각충돌,안전운전불이행,건조,맑음,단일로 - 기타,승용,남,51세,상해없음,승용,여,51세,경상
2014122700100379,2014년 12월 27일 16시,토요일,충청남도 계룡시 엄사면,중상사고,0,1,0,0,차대차 - 측면직각충돌,교차로운행방법위반,건조,맑음,교차로 - 교차로안,승용,남,41세,상해없음,이륜,남,55세,중상
2014122700100406,2014년 12월 27일 17시,토요일,충청남도 천안시 동남구 북면,경상사고,0,0,1,0,차대차 - 정면충돌,중앙선침범,건조,맑음,단일로 - 기타,화물,남,57세,상해없음,승합,남,53세,경상
2014122700100453,2014년 12월 27일 18시,토요일,충청남도 태안군 근흥면,중상사고,0,1,0,0,차대차 - 추돌 - 주정차중,안전운전불이행,건조,맑음,단일로 - 기타,화물,남,74세,상해없음,승용,남,30세,기타불명
2014122700100454,2014년 12월 27일 18시,토요일,충청남도 공주시 금성동,경상사고,0,0,1,0,차대사람 - 횡단중,안전운전불이행,건조,맑음,단일로 - 기타,승용,남,39세,상해없음,보행자,남,16세,경상
2014122700100455,2014년 12월 27일 18시,토요일,충청남도 부여군 부여읍,경상사고,0,0,1,0,차대사람 - 기타,안전운전불이행,건조,맑음,교차로 - 교차로부근,승용,여,43세,상해없음,보행자,여,63세,경상
2014122700100488,2014년 12월 27일 19시,토요일,충청남도 천안시 서북구 성환읍,중상사고,0,1,1,0,차대차 - 기타,신호위반,건조,맑음,교차로 - 교차로부근,승용,남,25세,상해없음,승합,남,55세,경상
2014122700100547,2014년 12월 27일 21시,토요일,충청남도 당진시 원당리,경상사고,0,0,1,0,차대사람 - 기타,안전운전불이행,건조,맑음,기타 - 기타,승용,여,58세,상해없음,보행자,남,45세,경상
2014122700100548,2014년 12월 27일 21시,토요일,충청남도 천안시 동남구 성황동,경상사고,0,0,1,0,차대차 - 추돌 - 진행중,안전운전불이행,건조,맑음,단일로 - 기타,승용,여,46세,상해없음,승용,남,54세,경상
2014122800100051,2014년 12월 28일 01시,일요일,충청남도 천안시 동남구 원성동,경상사고,0,0,1,0,차량단독 - 공작물충돌,안전운전불이행,건조,맑음,교차로 - 교차로부근,승용,남,29세,상해없음,,,,
2014122800100071,2014년 12월 28일 02시,일요일,충청남도 논산시 취암동,중상사고,0,2,0,0,차대차 - 측면직각충돌,안전운전불이행,건조,맑음,단일로 - 기타,승용,남,45세,상해없음,화물,남,35세,상해없음
2014122800100144,2014년 12월 28일 08시,일요일,충청남도 천안시 동남구 신부동,경상사고,0,0,1,0,차대차 - 기타,차로위반,건조,맑음,교차로 - 교차로부근,승용,남,27세,상해없음,승용,남,21세,경상
2014122800100189,2014년 12월 28일 11시,일요일,충청남도 보령시 신흑동,경상사고,0,0,4,0,차대차 - 측면직각충돌,신호위반,건조,맑음,교차로 - 교차로안,승용,여,31세,상해없음,승용,남,42세,경상
2014122800100246,2014년 12월 28일 14시,일요일,충청남도 서산시 동문동,경상사고,0,0,1,0,차대사람 - 횡단중,보행자보호의무위반,건조,맑음,교차로 - 교차로부근,승용,여,50세,상해없음,보행자,여,52세,경상
2014122800100247,2014년 12월 28일 14시,일요일,충청남도 홍성군 홍성읍,경상사고,0,0,2,0,차대차 - 측면직각충돌,교차로운행방법위반,건조,흐림,교차로 - 교차로안,화물,남,61세,상해없음,화물,남,36세,경상
2014122800100316,2014년 12월 28일 17시,일요일,충청남도 부여군 초촌면,중상사고,0,1,0,0,차대차 - 기타,안전운전불이행,건조,맑음,교차로 - 교차로안,승용,여,27세,상해없음,이륜,남,58세,중상
2014122800100346,2014년 12월 28일 18시,일요일,충청남도 천안시 서북구 두정동,경상사고,0,0,2,0,차대차 - 추돌 - 주정차중,안전운전불이행,건조,맑음,교차로 - 교차로부근,승용,남,41세,상해없음,승용,남,70세,경상
2014122800100347,2014년 12월 28일 18시,일요일,충청남도 당진시 정미면,사망사고,1,0,0,0,차대차 - 기타,중앙선침범,건조,맑음,단일로 - 기타,원동기,남,75세,사망,화물,남,35세,상해없음
2014122800100388,2014년 12월 28일 19시,일요일,충청남도 예산군 삽교읍,경상사고,0,0,4,0,차대차 - 기타,직진우회전진행방해,건조,맑음,교차로 - 교차로안,승용,남,58세,상해없음,승용,남,42세,경상
2014122800100464,2014년 12월 28일 22시,일요일,충청남도 홍성군 홍성읍,경상사고,0,0,1,0,차대사람 - 횡단중,보행자보호의무위반,건조,흐림,교차로 - 교차로안,승용,남,23세,상해없음,보행자,남,39세,경상
2014122900100152,2014년 12월 29일 09시,월요일,충청남도 보령시 청라면,중상사고,0,1,1,0,차대차 - 정면충돌,중앙선침범,결빙,흐림,단일로 - 기타,승용,여,42세,경상,화물,남,58세,중상
2014122900100153,2014년 12월 29일 09시,월요일,충청남도 예산군 대흥면,중상사고,0,1,0,0,차량단독 - 공작물충돌,안전운전불이행,습기,흐림,단일로 - 기타,승용,남,52세,상해없음,,,,
2014122900100182,2014년 12월 29일 10시,월요일,충청남도 천안시 서북구 직산읍,경상사고,0,0,2,0,차대차 - 기타,안전운전불이행,건조,맑음,단일로 - 기타,승용,여,30세,기타불명,승용,남,30세,경상
2014122900100213,2014년 12월 29일 11시,월요일,충청남도 천안시 동남구 동면,사망사고,1,0,0,0,차대사람 - 기타,안전운전불이행,건조,맑음,단일로 - 기타,승용,여,54세,상해없음,보행자,남,79세,사망
2014122900100288,2014년 12월 29일 14시,월요일,충청남도 홍성군 장곡면,경상사고,0,0,1,0,차대차 - 기타,안전운전불이행,건조,맑음,단일로 - 기타,화물,남,57세,기타불명,승용,여,32세,경상
2014122900100321,2014년 12월 29일 15시,월요일,충청남도 공주시 신관동,경상사고,0,0,1,0,차대차 - 기타,안전운전불이행,건조,맑음,기타 - 기타,승용,여,62세,기타불명,승용,남,79세,경상
2014122900100351,2014년 12월 29일 16시,월요일,충청남도 서천군 서천읍,사망사고,1,0,0,0,차대차 - 측면직각충돌,신호위반,건조,흐림,교차로 - 교차로안,원동기,남,77세,사망,화물,남,63세,상해없음
2014122900100386,2014년 12월 29일 17시,월요일,충청남도 천안시 서북구 쌍용동,경상사고,0,0,1,0,차대차 - 기타,안전운전불이행,건조,맑음,기타 - 기타,승용,남,53세,경상,승용,여,30세,기타불명
2014122900100387,2014년 12월 29일 17시,월요일,충청남도 논산시 취암동,경상사고,0,0,1,0,차대차 - 측면직각충돌,기타,건조,맑음,교차로 - 교차로안,이륜,남,16세,경상,승용,남,32세,상해없음
2014122900100388,2014년 12월 29일 17시,월요일,충청남도 홍성군 금마면,경상사고,0,0,2,0,차대차 - 추돌 - 주정차중,안전운전불이행,건조,흐림,교차로 - 교차로부근,승용,남,57세,상해없음,승용,남,59세,경상
2014122900100446,2014년 12월 29일 18시,월요일,충청남도 천안시 서북구 성환읍,경상사고,0,0,1,0,차대사람 - 기타,안전운전불이행,건조,맑음,단일로 - 기타,승용,여,51세,상해없음,보행자,남,68세,경상
2014122900100447,2014년 12월 29일 18시,월요일,충청남도 서천군 장항읍,중상사고,0,1,0,0,차대사람 - 횡단중,안전운전불이행,건조,맑음,교차로 - 교차로안,승용,여,39세,상해없음,보행자,남,77세,중상
2014122900100495,2014년 12월 29일 19시,월요일,충청남도 태안군 원북면,경상사고,0,0,2,0,차대차 - 측면직각충돌,안전운전불이행,건조,맑음,단일로 - 기타,화물,남,49세,기타불명,승용,남,26세,경상
2014122900100496,2014년 12월 29일 19시,월요일,충청남도 천안시 동남구 봉명동,중상사고,0,1,2,0,차대차 - 기타,안전운전불이행,건조,맑음,단일로 - 기타,승용,남,65세,상해없음,승용,남,41세,중상
2014122900100537,2014년 12월 29일 20시,월요일,충청남도 서산시 읍내동,중상사고,0,1,0,0,차대차 - 기타,교차로운행방법위반,건조,맑음,교차로 - 교차로안,이륜,남,29세,중상,승용,남,52세,상해없음
2014122900100583,2014년 12월 29일 21시,월요일,충청남도 논산시 취암동,사망사고,1,0,0,0,차대사람 - 횡단중,안전운전불이행,건조,맑음,교차로 - 교차로부근,화물,남,44세,상해없음,보행자,남,32세,사망
2014122900100584,2014년 12월 29일 21시,월요일,충청남도 당진시 송악읍,경상사고,0,0,3,0,차대차 - 측면직각충돌,교차로운행방법위반,건조,맑음,교차로 - 교차로안,승용,남,30세,상해없음,승합,남,35세,경상
2014122900100656,2014년 12월 29일 23시,월요일,충청남도 천안시 서북구 성정동,경상사고,0,0,1,1,차대차 - 기타,안전운전불이행,건조,맑음,교차로 - 교차로부근,원동기,남,24세,부상신고,승용,남,46세,경상
2014123000100036,2014년 12월 30일 01시,화요일,충청남도 당진시 송악읍,중상사고,0,1,0,0,차대차 - 정면충돌,중앙선침범,건조,맑음,단일로 - 기타,승용,여,25세,상해없음,승용,여,51세,중상
2014123000100073,2014년 12월 30일 03시,화요일,충청남도 천안시 서북구 성정동,중상사고,0,1,0,0,차대사람 - 횡단중,신호위반,건조,맑음,단일로 - 기타,승용,여,28세,기타불명,보행자,남,37세,중상
2014123000100084,2014년 12월 30일 04시,화요일,충청남도 당진시 송악읍,중상사고,0,2,0,0,차대차 - 추돌 - 주정차중,안전운전불이행,건조,맑음,단일로 - 기타,승용,남,20세,상해없음,화물,남,52세,상해없음
2014123000100135,2014년 12월 30일 07시,화요일,충청남도 논산시 채운면,경상사고,0,0,1,0,차대차 - 측면직각충돌,불법유턴,습기,안개,단일로 - 기타,화물,남,51세,상해없음,승용,여,25세,경상
2014123000100167,2014년 12월 30일 08시,화요일,충청남도 천안시 동남구 원성동,경상사고,0,0,1,0,차대차 - 측면직각충돌,안전운전불이행,건조,맑음,교차로 - 교차로안,승용,여,44세,상해없음,승용,남,45세,경상
2014123000100271,2014년 12월 30일 11시,화요일,충청남도 서천군 마서면,중상사고,0,1,0,0,차대사람 - 기타,안전운전불이행,건조,맑음,교차로 - 교차로부근,화물,남,49세,상해없음,보행자,남,71세,중상
2014123000100304,2014년 12월 30일 12시,화요일,충청남도 공주시 반포면,중상사고,0,1,1,0,차대차 - 측면직각충돌,안전운전불이행,건조,맑음,교차로 - 교차로안,승용,남,77세,중상,승용,남,55세,경상
2014123000100305,2014년 12월 30일 12시,화요일,충청남도 예산군 예산읍,경상사고,0,0,1,0,차대사람 - 횡단중,안전운전불이행,건조,맑음,단일로 - 기타,승용,여,54세,상해없음,보행자,여,13세,경상
2014123000100340,2014년 12월 30일 13시,화요일,충청남도 홍성군 홍동면,중상사고,0,1,1,0,차대사람 - 기타,안전운전불이행,건조,맑음,교차로 - 교차로부근,화물,남,67세,상해없음,보행자,남,36세,중상
2014123000100376,2014년 12월 30일 14시,화요일,충청남도 공주시 신관동,사망사고,1,0,1,0,차대차 - 측면직각충돌,신호위반,건조,맑음,교차로 - 교차로안,원동기,남,74세,경상,승용,남,66세,상해없음
2014123000100408,2014년 12월 30일 15시,화요일,충청남도 태안군 태안읍,중상사고,0,1,4,0,차대차 - 추돌 - 주정차중,안전운전불이행,건조,맑음,단일로 - 기타,승용,여,45세,경상,승용,남,19세,경상
2014123000100477,2014년 12월 30일 17시,화요일,충청남도 당진시 채운동,경상사고,0,0,1,0,차대차 - 측면직각충돌,안전거리미확보,건조,맑음,단일로 - 기타,승용,남,59세,상해없음,화물,남,73세,경상
2014123000100526,2014년 12월 30일 18시,화요일,충청남도 태안군 태안읍,경상사고,0,0,2,0,차대차 - 정면충돌,중앙선침범,건조,맑음,단일로 - 기타,화물,남,46세,경상,승용,남,61세,경상
2014123000100527,2014년 12월 30일 18시,화요일,충청남도 부여군 규암면,경상사고,0,0,1,0,차대차 - 기타,안전운전불이행,건조,맑음,교차로 - 교차로부근,이륜,남,75세,상해없음,승용,여,38세,경상
2014123000100528,2014년 12월 30일 18시,화요일,충청남도 금산군 금성면,경상사고,0,0,1,0,차대차 - 측면직각충돌,안전운전불이행,건조,맑음,교차로 - 교차로안,승용,남,49세,상해없음,기타불명,기타불명,기타불명,기타불명
2014123000100686,2014년 12월 30일 22시,화요일,충청남도 천안시 동남구 목천읍,중상사고,0,2,0,0,차대차 - 정면충돌,중앙선침범,건조,맑음,단일로 - 기타,화물,남,33세,중상,승용,남,44세,중상
2014123000100725,2014년 12월 30일 23시,화요일,충청남도 천안시 동남구 안서동,경상사고,0,0,1,0,차대차 - 추돌 - 진행중,안전운전불이행,습기,흐림,단일로 - 기타,승용,남,30세,상해없음,승용,남,28세,경상
2014123100100015,2014년 12월 31일 00시,수요일,충청남도 천안시 서북구 두정동,경상사고,0,0,1,0,차대차 - 추돌 - 주정차중,안전운전불이행,건조,맑음,교차로 - 교차로부근,승용,남,53세,상해없음,승용,여,32세,경상
2014123100100062,2014년 12월 31일 02시,수요일,충청남도 서천군 종천면,부상신고사고,0,0,0,1,차량단독 - 전도전복,안전운전불이행,건조,맑음,단일로 - 기타,화물,남,56세,부상신고,,,,
2014123100100081,2014년 12월 31일 04시,수요일,충청남도 서산시 예천동,중상사고,0,1,0,0,차대차 - 정면충돌,중앙선침범,적설,눈,단일로 - 기타,승용,남,34세,상해없음,화물,남,35세,중상
2014123100100138,2014년 12월 31일 08시,수요일,충청남도 부여군 장암면,중상사고,0,1,0,0,차대차 - 기타,중앙선침범,결빙,눈,단일로 - 기타,승용,남,58세,상해없음,화물,남,39세,중상
2014123100100204,2014년 12월 31일 10시,수요일,충청남도 보령시 미산면,경상사고,0,0,3,0,차대차 - 측면직각충돌,교차로운행방법위반,건조,흐림,교차로 - 교차로안,화물,남,48세,경상,승용,여,55세,경상
2014123100100205,2014년 12월 31일 10시,수요일,충청남도 보령시 명천동,경상사고,0,0,1,0,차대차 - 기타,직진우회전진행방해,건조,맑음,단일로 - 기타,승합,남,55세,상해없음,자전거,남,76세,경상
2014123100100206,2014년 12월 31일 10시,수요일,충청남도 청양군 장평면,중상사고,0,3,1,0,차대차 - 측면직각충돌,신호위반,습기,눈,교차로 - 교차로안,승용,남,50세,경상,화물,여,67세,중상
2014123100100229,2014년 12월 31일 11시,수요일,충청남도 서산시 예천동,경상사고,0,0,1,0,차대사람 - 횡단중,안전운전불이행,건조,맑음,교차로 - 교차로부근,화물,남,35세,상해없음,보행자,여,36세,경상
2014123100100255,2014년 12월 31일 12시,수요일,충청남도 홍성군 결성면,사망사고,1,0,0,0,차량단독 - 기타,안전운전불이행,건조,맑음,단일로 - 기타,화물,남,65세,사망,,,,
2014123100100280,2014년 12월 31일 13시,수요일,충청남도 아산시 인주면,중상사고,0,1,0,0,차대사람 - 기타,안전운전불이행,건조,맑음,기타 - 기타,승용,남,56세,상해없음,보행자,여,91세,중상
2014123100100281,2014년 12월 31일 13시,수요일,충청남도 청양군 청양읍,중상사고,0,1,1,0,차대사람 - 횡단중,안전운전불이행,건조,맑음,단일로 - 기타,승용,남,23세,상해없음,보행자,여,18세,중상
2014123100100282,2014년 12월 31일 13시,수요일,충청남도 천안시 동남구 목천읍,경상사고,0,0,1,2,차대차 - 측면직각충돌,안전거리미확보,건조,맑음,단일로 - 기타,승용,남,42세,부상신고,승용,여,40세,경상
2014123100100346,2014년 12월 31일 15시,수요일,충청남도 금산군 추부면,경상사고,0,0,1,0,차대사람 - 기타,안전운전불이행,건조,흐림,기타 - 기타,승용,남,55세,상해없음,보행자,여,73세,경상
2014123100100471,2014년 12월 31일 18시,수요일,충청남도 천안시 서북구 불당동,중상사고,0,1,1,0,차대차 - 측면직각충돌,과속,건조,맑음,교차로 - 교차로부근,승용,남,27세,중상,승용,여,24세,경상
2014123100100472,2014년 12월 31일 18시,수요일,충청남도 논산시 가야곡면,사망사고,1,0,0,0,차대사람 - 횡단중,안전운전불이행,건조,맑음,단일로 - 기타,승용,남,30세,상해없음,보행자,여,76세,사망
2014123100100473,2014년 12월 31일 18시,수요일,충청남도 보령시 웅천읍,중상사고,0,1,0,0,차대사람 - 기타,안전운전불이행,건조,맑음,단일로 - 기타,승용,여,31세,상해없음,보행자,남,61세,중상
2014123100100474,2014년 12월 31일 18시,수요일,충청남도 보령시 미산면,경상사고,0,0,2,0,차대차 - 기타,안전운전불이행,건조,맑음,단일로 - 기타,승용,남,46세,경상,승용,남,46세,경상
2014123100100522,2014년 12월 31일 19시,수요일,충청남도 예산군 오가면,경상사고,0,0,2,0,차대차 - 기타,안전운전불이행,습기,눈,교차로 - 교차로부근,승용,남,50세,상해없음,승용,여,42세,경상
2014123100100571,2014년 12월 31일 20시,수요일,충청남도 홍성군 홍성읍,경상사고,0,0,1,0,차대차 - 기타,안전운전불이행,결빙,눈,단일로 - 기타,승용,여,44세,상해없음,자전거,남,47세,경상
2014123100100635,2014년 12월 31일 22시,수요일,충청남도 논산시 지산동,경상사고,0,0,3,0,차량단독 - 공작물충돌,안전운전불이행,결빙,눈,단일로 - 기타,승용,남,56세,상해없음,,,,